timestamp,asset_id,depot,shift,asset_age_months,vibration_g,temperature_c,pressure_psi,acoustic_db,motor_current_a,error_events,constant_sensor,time_to_failure_hours,health_status,fault_type,failure_within_7_days,vibration_roll_mean_6,vibration_rms_6,vibration_peak_to_peak_6,temp_roll_mean_6
2026-01-01 00:00:00,PUMP-001,North,Day,15,1.3056,64.4815,123.4455,69.9614,34.8057,0,1.0,641.33,Healthy,Normal,0,1.3056,1.3056,0.0,64.4815
2026-01-01 06:00:00,PUMP-001,North,Night,15,1.8329,65.2009,121.4905,70.8481,34.6576,1,1.0,658.44,Healthy,Normal,0,1.56925,1.59124381695578,0.5272999999999999,64.8412
2026-01-01 12:00:00,PUMP-001,North,Day,15,1.7601,63.9732,123.042,69.1901,36.7452,0,1.0,638.09,Healthy,Normal,0,1.6328666666666667,1.649450997554439,0.5272999999999999,64.55186666666667
2026-01-01 18:00:00,PUMP-001,North,Night,15,2.0155,63.6278,122.7399,68.1283,36.8624,0,1.0,644.73,Healthy,Normal,0,1.7285249999999999,1.7481637530563319,0.7098999999999998,64.32085000000001
2026-01-02 00:00:00,PUMP-001,North,Day,15,1.3916,65.4224,127.2597,71.2493,35.0683,0,1.0,633.2,Healthy,Normal,0,1.66114,1.682905617674384,0.7098999999999998,64.54116
2026-01-02 06:00:00,PUMP-001,North,Day,15,1.6969,64.6538,127.028,70.1554,36.4048,0,1.0,664.97,Healthy,Normal,0,1.6670999999999998,1.6852460848987802,0.7098999999999998,64.55993333333333
2026-01-02 12:00:00,PUMP-001,North,Night,15,1.5453,63.2094,123.5934,73.4384,34.7878,0,1.0,664.39,Healthy,Normal,0,1.70705,1.7187052748120215,0.6238999999999999,64.34791666666668
2026-01-02 18:00:00,PUMP-001,North,Night,15,1.6593,65.4146,127.1444,71.8247,35.5118,0,1.0,597.41,Healthy,Normal,0,1.6781166666666667,1.6890550124255872,0.6238999999999999,64.38353333333333
2026-01-03 00:00:00,PUMP-001,North,Day,15,1.3104,62.2114,121.2739,71.1435,36.1994,0,1.0,622.25,Healthy,Normal,0,1.6031666666666666,1.6194977184300074,0.7050999999999998,64.0899
2026-01-03 06:00:00,PUMP-001,North,Night,15,1.7426,63.8025,126.2283,68.4776,35.4917,0,1.0,634.7,Healthy,Normal,0,1.5576833333333333,1.5658358614490855,0.4321999999999999,64.11901666666667
2026-01-03 12:00:00,PUMP-001,North,Day,15,1.4555,64.2738,126.3146,71.027,36.9315,0,1.0,610.16,Healthy,Normal,0,1.5683333333333334,1.5754883560344075,0.4321999999999999,63.92758333333333
2026-01-03 18:00:00,PUMP-001,North,Night,15,1.3263,61.7546,119.8222,67.7063,36.5597,1,1.0,562.82,Healthy,Normal,0,1.5065666666666668,1.515067844465499,0.4321999999999999,63.44438333333333
2026-01-04 00:00:00,PUMP-001,North,Night,15,1.7628,62.6788,123.8444,67.8149,35.5254,0,1.0,629.46,Healthy,Normal,0,1.5428166666666667,1.5541393754529653,0.4523999999999999,63.35595
2026-01-04 06:00:00,PUMP-001,North,Day,15,1.5828,63.1819,119.3781,70.1659,35.2587,0,1.0,581.48,Healthy,Normal,0,1.5300666666666667,1.5407830552460438,0.4523999999999999,62.98383333333333
2026-01-04 12:00:00,PUMP-001,North,Night,15,1.5869,62.5171,125.2293,70.506,37.9029,0,1.0,567.44,Healthy,Normal,0,1.57615,1.5835181290405234,0.4364999999999999,63.03478333333334
2026-01-04 18:00:00,PUMP-001,North,Day,15,1.326,63.0998,121.2483,69.1034,34.0726,0,1.0,575.33,Healthy,Normal,0,1.5067166666666667,1.514749661935375,0.43679999999999986,62.91766666666666
2026-01-05 00:00:00,PUMP-001,North,Night,15,1.4472,64.9237,127.6012,74.5925,40.0794,1,1.0,615.17,Healthy,Normal,0,1.5053333333333334,1.5134236474519176,0.43679999999999986,63.02598333333333
2026-01-05 06:00:00,PUMP-001,North,Day,15,1.3937,63.5037,122.3804,69.6762,37.4924,1,1.0,582.86,Healthy,Normal,0,1.5165666666666666,1.5234847565149228,0.43679999999999986,63.3175
2026-01-05 12:00:00,PUMP-001,North,Day,15,1.4525,64.1545,130.9485,70.2996,37.3758,1,1.0,575.16,Healthy,Normal,0,1.46485,1.4678968645650825,0.2608999999999999,63.563449999999996
2026-01-05 18:00:00,PUMP-001,North,Day,15,1.9231,62.7729,127.6025,67.9233,37.3042,0,1.0,549.76,Healthy,Normal,0,1.5215666666666667,1.534133034214004,0.5971,63.49528333333333
2026-01-06 00:00:00,PUMP-001,North,Day,15,1.4221,65.0543,122.946,67.1811,34.2109,1,1.0,536.16,Healthy,Normal,0,1.4940999999999998,1.5069561926833397,0.5971,63.91815
2026-01-06 06:00:00,PUMP-001,North,Night,15,1.6815,66.7102,125.3737,69.0549,37.5488,0,1.0,497.14,Healthy,Normal,0,1.55335,1.5649636870121513,0.5294000000000001,64.51988333333333
2026-01-06 12:00:00,PUMP-001,North,Day,15,1.3196,61.7887,130.5273,73.9644,35.7487,0,1.0,492.93,Healthy,Normal,0,1.5320833333333332,1.546050040695104,0.6034999999999999,63.99738333333334
2026-01-06 18:00:00,PUMP-001,North,Night,15,1.883,62.7488,126.8999,69.0924,35.9928,0,1.0,513.9,Healthy,Normal,0,1.6136333333333333,1.630179626094417,0.6034999999999999,63.871566666666666
2026-01-07 00:00:00,PUMP-001,North,Day,15,1.5563,65.4104,117.2033,69.8879,34.8195,0,1.0,537.08,Healthy,Normal,0,1.6309333333333331,1.646067390277,0.6034999999999999,64.08088333333333
2026-01-07 06:00:00,PUMP-001,North,Night,15,1.7949,61.9718,124.6942,68.8864,35.5413,0,1.0,497.09,Healthy,Normal,0,1.6095666666666668,1.6217572526943318,0.5633999999999999,63.947366666666674
2026-01-07 12:00:00,PUMP-001,North,Night,15,1.6022,63.1067,123.7781,70.5577,36.2472,0,1.0,501.83,Healthy,Normal,0,1.6395833333333334,1.649507802851101,0.5633999999999999,63.62276666666667
2026-01-07 18:00:00,PUMP-001,North,Day,15,1.9931,67.6297,121.5123,69.339,33.9512,0,1.0,490.43,Healthy,Normal,0,1.6915166666666668,1.7063734111657194,0.6735,63.77601666666667
2026-01-08 00:00:00,PUMP-001,North,Day,15,1.4088,63.0739,116.8537,69.6259,34.5126,1,1.0,504.71,Healthy,Normal,0,1.7063833333333334,1.718217806818061,0.5843,63.99021666666667
2026-01-08 06:00:00,PUMP-001,North,Day,15,1.7423,64.0817,118.2561,66.6258,38.9809,0,1.0,512.32,Healthy,Normal,0,1.6829333333333334,1.6932983040996252,0.5843,64.21236666666665
2026-01-08 12:00:00,PUMP-001,North,Night,15,2.1529,62.2505,123.2583,70.7856,38.4202,0,1.0,485.89,Healthy,Normal,0,1.7823666666666664,1.7989100218372978,0.7440999999999998,63.68571666666667
2026-01-08 18:00:00,PUMP-001,North,Night,15,1.7083,63.6823,124.1022,66.8377,35.6666,0,1.0,468.43,Healthy,Normal,0,1.7679333333333334,1.784800945016932,0.7440999999999998,63.970800000000004
2026-01-09 00:00:00,PUMP-001,North,Day,15,1.6249,66.0742,125.1435,70.809,36.0744,1,1.0,460.4,Healthy,Normal,0,1.7717166666666666,1.7882179979894324,0.7440999999999998,64.46538333333332
2026-01-09 06:00:00,PUMP-001,North,Day,15,2.0465,68.0191,130.248,70.8874,34.9317,0,1.0,455.73,Healthy,Normal,0,1.7806166666666663,1.7982424887465351,0.7440999999999998,64.53028333333334
2026-01-09 12:00:00,PUMP-001,North,Day,15,1.7544,64.7243,126.3125,65.9875,37.2984,2,1.0,449.67,Warning,Normal,0,1.8382166666666666,1.8482089623019722,0.5279999999999998,64.80534999999999
2026-01-09 18:00:00,PUMP-001,North,Night,15,1.5774,64.1731,123.6768,70.3509,38.0601,0,1.0,455.68,Healthy,Normal,0,1.8107333333333333,1.8233595220544594,0.5754999999999999,64.82058333333335
2026-01-10 00:00:00,PUMP-001,North,Night,15,1.6833,63.6899,118.2598,70.7544,38.4183,0,1.0,423.27,Healthy,Normal,0,1.7324666666666666,1.7390783076100973,0.4691000000000001,65.06048333333332
2026-01-10 06:00:00,PUMP-001,North,Day,15,1.529,62.3561,123.3799,72.9901,36.8157,0,1.0,409.74,Healthy,Normal,0,1.7025833333333331,1.711038294428269,0.5175000000000001,64.83945
2026-01-10 12:00:00,PUMP-001,North,Day,15,1.8539,65.0415,127.5647,69.3179,36.0932,0,1.0,408.25,Healthy,Normal,0,1.74075,1.7494073982351852,0.5175000000000001,64.66733333333333
2026-01-10 18:00:00,PUMP-001,North,Day,15,1.6808,63.9082,128.8004,71.727,38.5489,0,1.0,463.73,Healthy,Normal,0,1.6798,1.683225270128749,0.3249000000000002,63.98218333333333
2026-01-11 00:00:00,PUMP-001,North,Day,15,1.329,63.3184,130.0244,71.4663,35.0215,1,1.0,449.2,Healthy,Normal,0,1.6089000000000002,1.6169830704123034,0.5249000000000001,63.747866666666674
2026-01-11 06:00:00,PUMP-001,North,Day,15,1.5962,66.3309,126.7755,64.73,36.4261,0,1.0,404.07,Healthy,Normal,0,1.6120333333333334,1.620054998037618,0.5249000000000001,64.1075
2026-01-11 12:00:00,PUMP-001,North,Day,15,1.1686,63.1874,126.7112,66.3623,38.0663,0,1.0,387.68,Healthy,Normal,0,1.52625,1.542703052545542,0.6853,64.02375
2026-01-11 18:00:00,PUMP-001,North,Night,15,1.7765,66.2826,125.4223,70.5391,36.3785,0,1.0,405.54,Healthy,Normal,0,1.5675000000000001,1.5862801087239708,0.6853,64.67816666666666
2026-01-12 00:00:00,PUMP-001,North,Day,15,1.609,66.051,120.7732,69.7125,38.074,0,1.0,415.73,Healthy,Normal,0,1.5266833333333334,1.5410842119538224,0.6078999999999999,64.84641666666667
2026-01-12 06:00:00,PUMP-001,North,Night,15,1.782,64.3799,129.3682,71.9706,37.1785,0,1.0,334.14,Healthy,Normal,0,1.54355,1.5599187291864491,0.6134,64.92503333333333
2026-01-12 12:00:00,PUMP-001,North,Night,15,1.2694,67.247,122.9362,70.2481,37.8334,1,1.0,422.43,Healthy,Normal,0,1.5336166666666669,1.5516235588354972,0.6134,65.57979999999999
2026-01-12 18:00:00,PUMP-001,North,Day,15,1.6191,65.1949,125.5785,66.7506,32.7659,1,1.0,366.97,Healthy,Normal,0,1.5374333333333334,1.5555730123226832,0.6134,65.39046666666667
2026-01-13 00:00:00,PUMP-001,North,Day,15,1.5649,65.6196,125.4091,71.2191,35.0135,0,1.0,367.28,Healthy,Normal,0,1.6034833333333334,1.6125616489507204,0.5126,65.79583333333333
2026-01-13 06:00:00,PUMP-001,North,Day,15,1.4691,65.1895,123.6269,69.7297,37.1613,0,1.0,397.12,Healthy,Normal,0,1.5522500000000001,1.5601513275961407,0.5126,65.61364999999999
2026-01-13 12:00:00,PUMP-001,North,Day,15,1.12,63.0305,127.2819,69.3448,36.2769,0,1.0,328.14,Healthy,Normal,0,1.47075,1.487164639507005,0.6619999999999999,65.11023333333334
2026-01-13 18:00:00,PUMP-001,North,Day,15,1.4015,66.6878,124.9156,68.074,35.1678,0,1.0,375.32,Healthy,Normal,0,1.4073333333333335,1.4176641727386168,0.4990999999999999,65.49488333333333
2026-01-14 00:00:00,PUMP-001,North,Day,15,1.6846,67.3487,119.6081,70.9035,34.5432,0,1.0,351.15,Healthy,Normal,0,1.4765333333333333,1.4880149551219795,0.5646,65.51183333333334
2026-01-14 06:00:00,PUMP-001,North,Night,15,1.7971,63.2704,122.6619,67.5396,35.084,1,1.0,334.11,Healthy,Normal,0,1.5062,1.5216884613262116,0.6770999999999998,65.19108333333334
2026-01-14 12:00:00,PUMP-001,North,Day,15,1.7777,63.6343,119.2673,72.4546,35.5359,1,1.0,339.15,Healthy,Normal,0,1.5416666666666667,1.560155970835395,0.6770999999999998,64.8602
2026-01-14 18:00:00,PUMP-001,North,Day,15,1.8912,67.9899,124.8337,70.3684,37.5067,0,1.0,322.01,Healthy,Normal,0,1.6120166666666667,1.6341614847784578,0.7711999999999999,65.32693333333333
2026-01-15 00:00:00,PUMP-001,North,Night,15,1.6865,62.8593,118.8615,65.2321,34.4357,0,1.0,331.04,Healthy,Normal,0,1.7064333333333332,1.7133196238102608,0.4897,65.2984
2026-01-15 06:00:00,PUMP-001,North,Day,15,1.7391,62.5196,125.8357,69.0637,35.6019,0,1.0,303.14,Healthy,Normal,0,1.7627,1.7641358299934466,0.2065999999999999,64.6037
2026-01-15 12:00:00,PUMP-001,North,Night,15,1.8215,62.3039,124.6068,75.9746,36.3123,1,1.0,298.06,Healthy,Normal,0,1.7855166666666664,1.786665257306658,0.20469999999999988,63.7629
2026-01-15 18:00:00,PUMP-001,North,Day,15,1.5093,62.8483,126.133,68.0415,36.9318,1,1.0,312.87,Healthy,Normal,0,1.73755,1.7417163244914482,0.3818999999999999,63.692550000000004
2026-01-16 00:00:00,PUMP-001,North,Day,15,1.4844,65.9353,117.9909,69.2281,33.2129,1,1.0,278.52,Healthy,Normal,0,1.6886666666666665,1.6953210413763327,0.40680000000000005,64.07605
2026-01-16 06:00:00,PUMP-001,North,Night,15,5.166479999999999,59.0232,122.6274,75.567,36.6088,0,1.0,282.84,Healthy,Normal,0,2.2345466666666667,2.5935997747789328,3.682079999999999,62.5816
2026-01-16 12:00:00,PUMP-001,North,Night,15,1.5765,64.5384,124.274,71.8189,36.4825,0,1.0,304.52,Healthy,Normal,0,2.216213333333333,2.582041464629618,3.682079999999999,62.86145
2026-01-16 18:00:00,PUMP-001,North,Night,15,1.9232,62.6131,121.3882,73.0723,35.7321,0,1.0,292.62,Healthy,Normal,0,2.2468966666666668,2.6037107551979215,3.682079999999999,62.87703333333334
2026-01-17 00:00:00,PUMP-001,North,Day,15,1.5637,64.7162,130.2169,69.1679,34.6824,1,1.0,313.58,Healthy,Normal,0,2.20393,2.575627872331974,3.682079999999999,63.279083333333325
2026-01-17 06:00:00,PUMP-001,North,Day,15,1.443,66.3174,115.9646,68.1909,33.6389,1,1.0,274.3,Healthy,Normal,0,2.1928799999999997,2.5692870648748714,3.723479999999999,63.85726666666667
2026-01-17 12:00:00,PUMP-001,North,Night,15,1.6014,64.7255,120.9532,71.6258,36.9277,1,1.0,256.89,Healthy,Normal,0,2.21238,2.580970577463705,3.723479999999999,63.655633333333334
2026-01-17 18:00:00,PUMP-001,North,Night,15,1.6143,63.8066,121.8713,67.6258,34.2577,0,1.0,270.33,Healthy,Normal,0,1.6203500000000002,1.626955419897341,0.48019999999999996,64.45286666666668
2026-01-18 00:00:00,PUMP-001,North,Day,15,1.5273,64.8531,124.7681,68.2393,37.2603,0,1.0,255.83,Healthy,Normal,0,1.61215,1.619114813202984,0.48019999999999996,64.50531666666667
2026-01-18 06:00:00,PUMP-001,North,Night,15,1.7287,64.6977,119.3707,69.8436,36.3669,1,1.0,280.92,Healthy,Normal,0,1.5797333333333334,1.5821347456311468,0.28569999999999984,64.85275
2026-01-18 12:00:00,PUMP-001,North,Night,15,1.8546,63.9048,125.8924,64.4572,34.3811,1,1.0,222.85,Healthy,Normal,0,1.6282166666666666,1.6336709985999833,0.41159999999999997,64.71751666666667
2026-01-18 18:00:00,PUMP-001,North,Night,15,1.4182,62.8519,125.4316,73.7056,34.2887,0,1.0,190.29,Healthy,Normal,0,1.6240833333333333,1.6300474343813842,0.4364000000000001,64.13993333333333
2026-01-19 00:00:00,PUMP-001,North,Night,15,1.5537,61.3862,119.9721,69.0257,35.2712,1,1.0,270.6,Healthy,Normal,0,1.6161333333333332,1.6223352284079062,0.4364000000000001,63.58338333333333
2026-01-19 06:00:00,PUMP-001,North,Day,15,1.436,66.5454,122.3246,68.5358,36.7576,0,1.0,211.25,Healthy,Normal,0,1.5864166666666666,1.594153959001451,0.4364000000000001,64.03985
2026-01-19 12:00:00,PUMP-001,North,Day,15,1.6369,62.3896,125.4309,66.7254,36.6249,1,1.0,198.87,Healthy,Normal,0,1.6046833333333332,1.6121805828339042,0.4364000000000001,63.629266666666666
2026-01-19 18:00:00,PUMP-001,North,Day,15,1.4295,66.8635,122.9976,70.0738,36.3765,0,1.0,198.69,Healthy,Normal,0,1.5548166666666665,1.562573942250414,0.4364000000000001,63.99023333333333
2026-01-20 00:00:00,PUMP-001,North,Day,15,1.4659,66.7041,120.8378,64.4506,38.2553,1,1.0,250.48,Healthy,Normal,0,1.4900333333333335,1.4921542368892926,0.21870000000000012,64.45678333333332
2026-01-20 06:00:00,PUMP-001,North,Day,15,1.4885,63.9095,120.5758,71.333,36.7343,0,1.0,181.22,Healthy,Normal,0,1.5017500000000001,1.5035228969545715,0.20740000000000003,64.63305
2026-01-20 12:00:00,PUMP-001,North,Night,15,1.661,63.7522,124.0727,71.4151,33.5771,0,1.0,201.37,Healthy,Normal,0,1.5196333333333334,1.522521150373069,0.23150000000000004,65.02738333333333
2026-01-20 18:00:00,PUMP-001,North,Day,15,1.5087,67.2536,120.6105,71.3507,36.4472,0,1.0,181.74,Healthy,Normal,0,1.53175,1.5341937953422529,0.23150000000000004,65.14541666666668
2026-01-21 00:00:00,PUMP-001,North,Day,15,1.4817,61.2058,124.5207,67.9244,35.5207,1,1.0,218.78,Healthy,Normal,0,1.5058833333333332,1.5076746383089423,0.23150000000000004,64.94811666666666
2026-01-21 06:00:00,PUMP-001,North,Night,15,1.5359,59.7428,127.4094,70.6265,35.0006,0,1.0,153.94,Healthy,Normal,1,1.5236166666666666,1.525014505395495,0.19510000000000005,63.76133333333334
2026-01-21 12:00:00,PUMP-001,North,Day,15,1.9689,65.0077,125.9797,69.6161,37.1435,0,1.0,137.96,Healthy,Normal,1,1.60745,1.616669408073277,0.4872000000000001,63.47860000000001
2026-01-21 18:00:00,PUMP-001,North,Night,15,1.5516,63.497,127.4308,73.4463,35.3576,1,1.0,167.9,Healthy,Normal,1,1.6179666666666668,1.6265274954126454,0.4872000000000001,63.40985
2026-01-22 00:00:00,PUMP-001,North,Day,15,1.1347,62.7633,121.7673,64.6632,34.6509,0,1.0,160.83,Healthy,Normal,1,1.5302499999999999,1.5493102363094788,0.8342,63.24503333333333
2026-01-22 06:00:00,PUMP-001,North,Day,15,1.4959,62.3959,124.3789,72.4131,34.6337,0,1.0,136.59,Healthy,Normal,1,1.5281166666666668,1.5472402512215095,0.8342,62.43541666666666
2026-01-22 12:00:00,PUMP-001,North,Day,15,1.7686,64.9868,126.4699,67.9793,36.2831,0,1.0,173.18,Healthy,Normal,0,1.5759333333333334,1.5966749533535831,0.8342,63.065583333333336
2026-01-22 18:00:00,PUMP-001,North,Day,15,1.8874,65.1396,119.6237,70.4988,38.1792,0,1.0,173.92,Healthy,Normal,0,1.6345166666666666,1.658288042430104,0.8342,63.96505
2026-01-23 00:00:00,PUMP-001,North,Night,15,2.229,67.148,125.4263,68.4576,35.3326,1,1.0,118.83,Healthy,Normal,1,1.6778666666666666,1.7122786562550696,1.0943,64.32176666666666
2026-01-23 06:00:00,PUMP-001,North,Day,15,2.0381,67.576,124.8239,73.2961,34.9322,0,1.0,101.96,Healthy,Normal,1,1.7589499999999998,1.795261272999931,1.0943,65.0016
2026-01-23 12:00:00,PUMP-001,North,Night,15,2.0063,64.8116,121.7405,73.9409,40.0166,0,1.0,128.92,Healthy,Normal,1,1.9042166666666667,1.9181359801466977,0.7331000000000001,65.34298333333334
2026-01-23 18:00:00,PUMP-001,North,Night,15,2.3041,68.3807,117.0897,76.8721,40.2992,0,1.0,136.1,Healthy,Normal,1,2.0389166666666667,2.0472190010678717,0.5355000000000001,66.34045
2026-01-24 00:00:00,PUMP-001,North,Day,15,2.4391,70.3679,124.6027,73.9814,39.136,0,1.0,99.82,Healthy,Normal,1,2.1506666666666665,2.1590081318358516,0.5516999999999999,67.2373
2026-01-24 06:00:00,PUMP-001,North,Day,15,2.4511,69.3302,114.8565,76.7482,40.8206,0,1.0,95.87,Healthy,Normal,1,2.2446166666666665,2.251425812309465,0.44479999999999986,67.93573333333335
2026-01-24 12:00:00,PUMP-001,North,Night,15,2.6402,71.5644,114.8875,74.1531,38.7845,1,1.0,97.91,Healthy,Seal Leak,1,2.31315,2.3243538231086935,0.6339000000000001,68.6718
2026-01-24 18:00:00,PUMP-001,North,Night,15,2.7521,72.4072,118.3431,73.1333,37.4846,0,1.0,107.91,Healthy,Warning,1,2.43215,2.443901490445145,0.7458,69.47699999999999
2026-01-25 00:00:00,PUMP-001,North,Day,15,2.8424,69.3953,117.1023,76.2501,40.7829,1,1.0,104.28,Healthy,Warning,1,2.5715,2.5784337959311654,0.5383,70.24095
2026-01-25 06:00:00,PUMP-001,North,Day,15,2.9523,75.6885,120.8639,74.0159,37.8581,1,1.0,82.85,Healthy,Bearing Wear,1,2.6795333333333335,2.6862961961282923,0.5132000000000003,71.45891666666667
2026-01-25 12:00:00,PUMP-001,North,Day,15,2.9053,73.0008,117.3852,73.7554,40.2417,0,1.0,99.35,Healthy,Warning,1,2.7572333333333336,2.76250739968843,0.5012000000000003,71.89773333333333
2026-01-25 18:00:00,PUMP-001,North,Day,15,2.8988,71.0814,108.9213,75.107,40.2433,2,1.0,56.5,Warning,Warning,1,2.8318499999999998,2.833838181395214,0.31210000000000004,72.1896
2026-01-26 00:00:00,PUMP-001,North,Day,15,3.1516,74.2961,111.7643,74.6496,42.4985,1,1.0,14.28,Warning,Warning,1,2.9170833333333337,2.919639234277642,0.3995000000000002,72.64488333333334
2026-01-26 06:00:00,PUMP-001,North,Night,15,3.4052,76.7553,115.6597,83.0714,41.9918,3,1.0,32.19,Warning,Warning,1,3.025933333333333,3.032245927251504,0.5627999999999997,73.36956666666667
2026-01-26 12:00:00,PUMP-001,North,Day,15,3.4465,77.7772,115.2338,71.665,42.0332,0,1.0,82.62,Warning,Bearing Wear,1,3.126616666666667,3.134916709951531,0.5476999999999999,74.76655000000001
2026-01-26 18:00:00,PUMP-001,North,Night,15,3.5212,79.5352,108.2321,75.544,40.5812,1,1.0,66.19,Warning,Misalignment,1,3.221433333333333,3.2313307583718505,0.6223999999999998,75.40766666666666
2026-01-27 00:00:00,PUMP-001,North,Night,15,3.4175,75.2739,112.3796,76.3318,41.5552,5,1.0,29.07,Critical,Bearing Wear,1,3.3067999999999995,3.3137976446970927,0.6223999999999998,75.78651666666667
2026-01-27 06:00:00,PUMP-001,North,Day,15,3.3297,76.3842,108.785,75.9172,41.4283,1,1.0,4.82,Warning,Seal Leak,1,3.3786166666666673,3.3806160589947702,0.3695999999999997,76.67031666666666
2026-01-27 12:00:00,PUMP-001,North,Night,15,4.0682,77.5552,112.5468,77.7959,42.0936,2,1.0,29.41,Warning,Bearing Wear,1,3.531383333333333,3.5399872483291985,0.7385000000000002,77.2135
2026-01-27 18:00:00,PUMP-001,North,Day,15,3.8103,79.6182,111.9333,79.1978,41.729,4,1.0,0.0,Critical,Bearing Wear,1,3.5989,3.608140272587343,0.7385000000000002,77.69064999999999
2026-01-28 00:00:00,PUMP-001,North,Day,15,3.9599,81.946,107.8067,77.8978,45.535,2,1.0,10.18,Warning,Bearing Wear,1,3.684466666666667,3.6949177510015927,0.7385000000000002,78.38545
2026-01-28 06:00:00,PUMP-001,North,Night,15,4.5278,85.5647,110.3386,79.996,41.5888,1,1.0,0.0,Critical,Misalignment,1,3.852233333333334,3.873341075436898,1.1981000000000002,79.39036666666668
2026-01-01 00:00:00,PUMP-002,South,Day,8,1.9831,60.3258,121.4039,61.6087,33.5872,0,1.0,648.54,Healthy,Normal,0,1.9831,1.9831,0.0,60.3258
2026-01-01 06:00:00,PUMP-002,South,Day,8,1.7945,68.0679,118.283,75.1587,35.9973,0,1.0,615.2,Healthy,Normal,0,1.8888,1.8911525401193845,0.1886000000000001,64.19685
2026-01-01 12:00:00,PUMP-002,South,Night,8,1.8323,65.5114,119.8973,66.8611,35.6418,0,1.0,625.82,Healthy,Normal,0,1.8699666666666666,1.87174064709831,0.1886000000000001,64.63503333333334
2026-01-01 18:00:00,PUMP-002,South,Day,8,1.8718,65.4098,120.8288,71.4187,34.6004,0,1.0,615.49,Healthy,Normal,0,1.870425,1.8717554855001761,0.1886000000000001,64.82872499999999
2026-01-02 00:00:00,PUMP-002,South,Night,8,1.7577,66.5078,121.6936,66.4794,36.3213,0,1.0,627.01,Healthy,Normal,0,1.84788,1.8495071602997377,0.22540000000000004,65.16454
2026-01-02 06:00:00,PUMP-002,South,Day,8,1.6699,66.1968,118.9361,68.8896,37.2188,1,1.0,598.44,Healthy,Normal,0,1.8182166666666666,1.8208033799214383,0.31320000000000014,65.33658333333334
2026-01-02 12:00:00,PUMP-002,South,Day,8,1.9862,66.9812,120.4618,70.3008,37.1533,0,1.0,641.5,Healthy,Normal,0,1.8187333333333333,1.8213664522367083,0.3163,66.44581666666666
2026-01-02 18:00:00,PUMP-002,South,Day,8,2.0368,65.6063,121.2503,71.5412,35.4752,0,1.0,608.91,Healthy,Normal,0,1.8591166666666668,1.863356224218368,0.3669,66.03555
2026-01-03 00:00:00,PUMP-002,South,Day,8,2.1823,64.6996,114.0672,67.5964,34.5705,0,1.0,618.57,Healthy,Normal,0,1.9174499999999999,1.9251704907185059,0.5124000000000002,65.90025
2026-01-03 06:00:00,PUMP-002,South,Day,8,2.0342,66.2127,121.1633,70.9426,36.8626,0,1.0,614.75,Healthy,Normal,0,1.9445166666666667,1.9524353557373757,0.5124000000000002,66.03406666666667
2026-01-03 12:00:00,PUMP-002,South,Night,8,2.0192,65.7006,123.7894,72.7316,36.2839,0,1.0,588.36,Healthy,Normal,0,1.9881,1.994144856824599,0.5124000000000002,65.89953333333334
2026-01-03 18:00:00,PUMP-002,South,Day,8,1.9224,67.376,118.0175,71.8531,36.9484,0,1.0,570.63,Healthy,Normal,0,2.0301833333333335,2.0316962539546437,0.2599,66.09606666666667
2026-01-04 00:00:00,PUMP-002,South,Day,8,1.941,64.2287,116.9324,68.7634,36.7596,1,1.0,617.8,Healthy,Normal,0,2.02265,2.024402322085871,0.2599,65.63731666666666
2026-01-04 06:00:00,PUMP-002,South,Night,8,2.0324,70.1102,115.0672,73.3856,36.2098,0,1.0,579.16,Healthy,Normal,0,2.0219166666666664,2.0236651604617464,0.2599,66.38796666666666
2026-01-04 12:00:00,PUMP-002,South,Night,8,1.985,68.3262,118.3822,72.6041,35.0979,0,1.0,601.73,Healthy,Normal,0,1.9890333333333334,1.9895190289782771,0.11179999999999968,66.9924
2026-01-04 18:00:00,PUMP-002,South,Night,8,2.2728,65.5697,119.3167,67.4364,35.679,1,1.0,564.56,Healthy,Normal,0,2.0288,2.032107526682582,0.35040000000000004,66.88523333333335
2026-01-05 00:00:00,PUMP-002,South,Day,8,2.4283,64.5451,125.1926,70.5606,35.7883,0,1.0,562.51,Healthy,Normal,0,2.0969833333333336,2.1053993386053866,0.5059,66.69265
2026-01-05 06:00:00,PUMP-002,South,Night,8,1.9392,63.1923,114.4685,71.5025,35.6126,0,1.0,557.8,Healthy,Normal,0,2.0997833333333333,2.1079655725367057,0.4891000000000001,65.99536666666667
2026-01-05 12:00:00,PUMP-002,South,Night,8,2.0452,64.528,124.4402,73.6321,36.6924,1,1.0,524.88,Healthy,Normal,0,2.11715,2.124322447668119,0.4891000000000001,66.04525000000001
2026-01-05 18:00:00,PUMP-002,South,Day,8,2.0304,66.5363,116.0751,71.6117,34.1019,0,1.0,514.71,Healthy,Normal,0,2.116816666666667,2.124003671136187,0.4891000000000001,65.4496
2026-01-06 00:00:00,PUMP-002,South,Day,8,2.1904,65.1119,115.8774,69.447,36.1428,1,1.0,548.67,Healthy,Normal,0,2.15105,2.157389500067153,0.4891000000000001,64.91388333333333
2026-01-06 06:00:00,PUMP-002,South,Day,8,1.7447,66.4115,120.0367,68.2754,35.6698,0,1.0,540.48,Healthy,Normal,0,2.0630333333333333,2.073818337431383,0.6836000000000002,65.05418333333334
2026-01-06 12:00:00,PUMP-002,South,Night,8,1.995,65.2699,112.4747,67.9433,35.6317,1,1.0,531.96,Healthy,Normal,0,1.9908166666666667,1.995316144123532,0.4457,65.17498333333333
2026-01-06 18:00:00,PUMP-002,South,Night,8,2.0238,65.7759,119.7058,70.0087,38.4063,0,1.0,570.04,Healthy,Normal,0,2.004916666666667,2.009269721814371,0.4457,65.60558333333334
2026-01-07 00:00:00,PUMP-002,South,Day,8,1.9253,66.8431,121.7286,69.1162,37.4267,0,1.0,511.58,Healthy,Normal,0,1.9849333333333334,1.989427302014326,0.4457,65.99143333333333
2026-01-07 06:00:00,PUMP-002,South,Night,8,2.0618,64.6982,122.5377,70.2544,36.0019,2,1.0,538.49,Warning,Normal,0,1.9901666666666669,1.994802455549588,0.4457,65.68508333333334
2026-01-07 12:00:00,PUMP-002,South,Night,8,1.9669,62.9957,116.4789,68.0201,39.4404,1,1.0,512.73,Healthy,Normal,0,1.9529166666666669,1.9556015472653592,0.31709999999999994,65.33238333333334
2026-01-07 18:00:00,PUMP-002,South,Night,8,1.6692,65.4985,116.4332,69.8048,33.7597,0,1.0,494.43,Healthy,Normal,0,1.9403333333333335,1.9445871464143745,0.39259999999999984,65.18021666666668
2026-01-08 00:00:00,PUMP-002,South,Day,8,1.9978,63.224,123.1024,68.1595,36.886,0,1.0,525.03,Healthy,Normal,0,1.9408,1.9450661882482732,0.39259999999999984,64.83923333333334
2026-01-08 06:00:00,PUMP-002,South,Night,8,2.0785,66.8123,119.518,73.5231,37.4105,1,1.0,439.59,Healthy,Normal,0,1.9499166666666667,1.9546564348583955,0.4093,65.01196666666667
2026-01-08 12:00:00,PUMP-002,South,Night,8,1.7917,64.0412,125.3712,67.566,34.1484,0,1.0,469.91,Healthy,Normal,0,1.9276499999999999,1.9333692296954903,0.4093,64.54498333333333
2026-01-08 18:00:00,PUMP-002,South,Day,8,1.8056,64.3873,117.4611,67.9771,39.1943,0,1.0,452.72,Healthy,Normal,0,1.88495,1.8901795148433214,0.4093,64.49316666666667
2026-01-09 00:00:00,PUMP-002,South,Day,8,1.8892,64.3165,110.4794,66.8306,33.4651,0,1.0,496.69,Healthy,Normal,0,1.8719999999999999,1.8769235741855164,0.4093,64.7133
2026-01-09 06:00:00,PUMP-002,South,Night,8,2.0047,68.0319,121.5051,71.7999,34.7387,0,1.0,444.51,Healthy,Normal,0,1.9279166666666665,1.9308739847540544,0.28679999999999994,65.13553333333333
2026-01-09 12:00:00,PUMP-002,South,Night,8,2.1134,66.7281,118.0471,67.4176,34.3422,0,1.0,510.84,Healthy,Normal,0,1.9471833333333333,1.9512773931453211,0.3216999999999999,65.71955
2026-01-09 18:00:00,PUMP-002,South,Day,8,1.9816,64.1744,120.1212,71.3122,36.8655,0,1.0,419.35,Healthy,Normal,0,1.9310333333333334,1.934402452955434,0.3216999999999999,65.2799
2026-01-10 00:00:00,PUMP-002,South,Night,8,2.3157,64.7532,123.7871,70.1564,35.423,1,1.0,481.43,Healthy,Normal,0,2.0183666666666666,2.0250001934156288,0.5101,65.39856666666667
2026-01-10 06:00:00,PUMP-002,South,Day,8,2.1957,64.1665,121.1126,68.3316,35.1201,0,1.0,438.92,Healthy,Normal,0,2.0833833333333334,2.088247344465369,0.4265000000000001,65.36176666666667
2026-01-10 12:00:00,PUMP-002,South,Day,8,1.8359,67.3997,120.3762,71.8303,35.374,0,1.0,434.77,Healthy,Normal,0,2.0745,2.080309031530332,0.4798,65.87563333333334
2026-01-10 18:00:00,PUMP-002,South,Night,8,2.1319,66.8794,122.1623,73.535,38.0291,0,1.0,417.05,Healthy,Normal,0,2.0957,2.10128093949064,0.4798,65.68355
2026-01-11 00:00:00,PUMP-002,South,Night,8,2.0169,64.6294,125.8578,70.8365,35.6948,1,1.0,468.34,Healthy,Normal,0,2.079616666666667,2.08541425021505,0.4798,65.33376666666668
2026-01-11 06:00:00,PUMP-002,South,Day,8,1.9336,66.0517,115.2505,69.9466,38.8049,0,1.0,409.93,Healthy,Normal,0,2.071616666666667,2.077890996900463,0.4798,65.64665000000001
2026-01-11 12:00:00,PUMP-002,South,Day,8,1.8517,61.7684,120.953,71.9446,33.7941,1,1.0,431.17,Healthy,Normal,0,1.9942833333333336,1.998837677668366,0.3597999999999999,65.14918333333334
2026-01-11 18:00:00,PUMP-002,South,Night,8,1.6375,66.8146,122.7394,69.4225,32.527,0,1.0,372.41,Healthy,Normal,0,1.90125,1.9075472964865992,0.49439999999999995,65.59053333333333
2026-01-12 00:00:00,PUMP-002,South,Day,8,1.8601,63.4769,122.922,68.4472,36.5655,0,1.0,351.93,Healthy,Normal,0,1.9052833333333332,1.911450728722384,0.49439999999999995,64.93673333333334
2026-01-12 06:00:00,PUMP-002,South,Day,8,1.9904,62.9278,124.311,68.2508,35.2149,0,1.0,427.51,Healthy,Normal,0,1.8817000000000002,1.885848963552843,0.3794000000000002,64.27813333333334
2026-01-12 12:00:00,PUMP-002,South,Day,8,2.0968,66.1282,114.3055,69.7152,37.0388,0,1.0,409.79,Healthy,Normal,0,1.8950166666666668,1.9003176273981148,0.45930000000000004,64.52793333333334
2026-01-12 18:00:00,PUMP-002,South,Night,8,2.0613,66.4505,126.7197,71.0777,36.921,1,1.0,397.15,Healthy,Normal,0,1.9163,1.9225586787750675,0.45930000000000004,64.59440000000001
2026-01-13 00:00:00,PUMP-002,South,Day,8,2.0017,64.6528,116.3089,75.3126,36.4576,0,1.0,350.02,Healthy,Normal,0,1.9413,1.9474513789394932,0.45930000000000004,65.07513333333334
2026-01-13 06:00:00,PUMP-002,South,Night,8,1.9672,66.721,115.3747,70.811,38.6781,0,1.0,375.03,Healthy,Normal,0,1.9962499999999999,1.9976599155845656,0.2366999999999999,65.05953333333333
2026-01-13 12:00:00,PUMP-002,South,Night,8,1.9388,65.2518,118.6654,72.1075,33.5735,0,1.0,369.11,Healthy,Normal,0,2.0093666666666667,2.0100930434518034,0.15799999999999992,65.35535
2026-01-13 18:00:00,PUMP-002,South,Day,8,1.7198,67.9925,124.5098,72.2071,33.8793,1,1.0,392.53,Healthy,Normal,0,1.9642666666666668,1.9680304934968191,0.377,66.19946666666667
2026-01-14 00:00:00,PUMP-002,South,Day,8,1.9883,66.6019,120.6637,70.6698,38.0631,0,1.0,416.81,Healthy,Normal,0,1.9461833333333332,1.9491720802262005,0.34150000000000014,66.27841666666667
2026-01-14 06:00:00,PUMP-002,South,Day,8,1.8931,62.4471,120.3646,72.8721,34.4788,0,1.0,363.98,Healthy,Normal,0,1.91815,1.9205251326134734,0.28190000000000004,65.61118333333334
2026-01-14 12:00:00,PUMP-002,South,Night,8,2.2786,64.7323,121.6895,65.6962,38.6072,0,1.0,340.38,Healthy,Normal,0,1.9643000000000004,1.971281976278381,0.5588,65.62443333333334
2026-01-14 18:00:00,PUMP-002,South,Night,8,1.7589,67.8375,118.8592,69.5306,35.3117,0,1.0,313.33,Healthy,Normal,0,1.9295833333333332,1.9381937102192168,0.5588,65.81051666666667
2026-01-15 00:00:00,PUMP-002,South,Night,8,2.13,65.6931,121.873,69.0366,39.1216,2,1.0,344.45,Warning,Normal,0,1.96145,1.97135840264186,0.5588,65.88406666666667
2026-01-15 06:00:00,PUMP-002,South,Day,8,2.1019,67.349,120.1264,69.5004,35.7068,0,1.0,284.37,Healthy,Normal,0,2.0251333333333332,2.0321497352967537,0.5197,65.77681666666668
2026-01-15 12:00:00,PUMP-002,South,Night,8,1.8486,67.1929,123.3417,71.5057,37.0437,1,1.0,332.84,Healthy,Normal,0,2.00185,2.0100489359714606,0.5197,65.87531666666668
2026-01-15 18:00:00,PUMP-002,South,Day,8,1.9653,65.4507,118.4416,63.2021,34.2538,0,1.0,321.95,Healthy,Normal,0,2.0138833333333332,2.0215652693725557,0.5197,66.37591666666667
2026-01-16 00:00:00,PUMP-002,South,Day,8,1.6724,68.1906,119.507,70.6671,39.2561,0,1.0,307.36,Healthy,Normal,0,1.91285,1.9202977473124665,0.4575999999999998,66.9523
2026-01-16 06:00:00,PUMP-002,South,Day,8,1.8641,66.5187,119.6467,69.0909,38.0541,0,1.0,238.81,Healthy,Normal,0,1.9303833333333333,1.93676707556691,0.4575999999999998,66.7325
2026-01-16 12:00:00,PUMP-002,South,Night,8,2.334,66.3521,123.4922,68.3334,34.8047,0,1.0,264.27,Healthy,Normal,0,1.9643833333333334,1.975561364524018,0.6616,66.84233333333333
2026-01-16 18:00:00,PUMP-002,South,Day,8,1.6911,63.1525,114.8878,65.9345,36.1533,0,1.0,282.32,Healthy,Normal,0,1.8959166666666667,1.9087033919216818,0.6616,66.14291666666666
2026-01-17 00:00:00,PUMP-002,South,Night,8,1.9784,65.4159,127.5711,66.6486,35.4531,0,1.0,265.2,Healthy,Normal,0,1.91755,1.930269257124508,0.6616,65.84675
2026-01-17 06:00:00,PUMP-002,South,Day,8,1.9433,66.1948,122.8249,68.1382,37.2293,0,1.0,262.12,Healthy,Normal,0,1.9138833333333334,1.9265533659015697,0.6616,65.97076666666666
2026-01-17 12:00:00,PUMP-002,South,Day,8,1.8118,65.5601,117.7844,67.5351,35.5049,0,1.0,256.25,Healthy,Normal,0,1.937116666666667,1.9474489599644624,0.6429,65.53235
2026-01-17 18:00:00,PUMP-002,South,Night,8,2.1408,63.5823,117.9869,68.5634,37.8552,0,1.0,263.08,Healthy,Normal,0,1.9832333333333334,1.9943044125709595,0.6429,65.04295
2026-01-18 00:00:00,PUMP-002,South,Day,8,1.5434,65.5233,127.2166,70.3044,36.0951,0,1.0,230.51,Healthy,Normal,0,1.851466666666667,1.861810413728172,0.5973999999999999,64.90481666666666
2026-01-18 06:00:00,PUMP-002,South,Day,8,1.6199,65.9794,117.452,73.0177,35.5588,2,1.0,251.62,Warning,Normal,0,1.8396000000000001,1.8512286415603376,0.5973999999999999,65.37596666666666
2026-01-18 12:00:00,PUMP-002,South,Night,8,1.9363,67.6509,124.3402,69.6081,33.0114,0,1.0,226.67,Healthy,Normal,0,1.8325833333333332,1.8437948200202032,0.5973999999999999,65.74846666666666
2026-01-18 18:00:00,PUMP-002,South,Night,8,2.1894,63.6122,127.257,67.7933,37.0489,3,1.0,213.84,Warning,Normal,0,1.8735999999999997,1.8892032491679307,0.6459999999999999,65.31803333333333
2026-01-19 00:00:00,PUMP-002,South,Day,8,1.9756,68.543,118.7633,66.1351,35.0678,0,1.0,218.51,Healthy,Normal,0,1.9009,1.9163728595100347,0.6459999999999999,65.81518333333334
2026-01-19 06:00:00,PUMP-002,South,Day,8,1.9359,65.5282,117.8893,67.2969,35.5049,0,1.0,203.48,Healthy,Normal,0,1.86675,1.8796982820832353,0.6459999999999999,66.1395
2026-01-19 12:00:00,PUMP-002,South,Night,8,2.2018,66.4648,119.2985,68.8142,34.9714,0,1.0,231.24,Healthy,Normal,0,1.9764833333333334,1.9860108035120723,0.5819000000000001,66.29641666666667
2026-01-19 18:00:00,PUMP-002,South,Night,8,2.329,68.9711,112.6709,70.9809,36.4613,1,1.0,244.89,Healthy,Normal,0,2.0946666666666665,2.1002221493610307,0.3931000000000002,66.79503333333334
2026-01-20 00:00:00,PUMP-002,South,Day,8,2.287,69.8886,110.0032,71.949,38.627,0,1.0,190.8,Healthy,Normal,0,2.1531166666666666,2.1581902051641944,0.3931000000000002,67.16798333333334
2026-01-20 06:00:00,PUMP-002,South,Day,8,2.332,65.6064,109.1243,73.553,35.7749,0,1.0,231.27,Healthy,Normal,0,2.176883333333333,2.1829437849686677,0.3960999999999999,67.50035
2026-01-20 12:00:00,PUMP-002,South,Night,8,2.484,67.8059,118.5144,72.6562,37.7953,1,1.0,217.62,Healthy,Normal,0,2.2616166666666664,2.267844867195873,0.5481,67.3775
2026-01-20 18:00:00,PUMP-002,South,Night,8,2.7909,71.8825,111.6251,71.1277,39.4398,0,1.0,181.31,Healthy,Normal,0,2.404116666666667,2.4117813627413796,0.5891000000000002,68.43655
2026-01-21 00:00:00,PUMP-002,South,Night,8,2.5898,70.6123,115.4247,71.979,37.8408,1,1.0,110.06,Healthy,Normal,1,2.468783333333333,2.475186082230317,0.5039000000000002,69.1278
2026-01-21 06:00:00,PUMP-002,South,Night,8,2.789,69.2124,118.0016,72.4148,38.9897,0,1.0,169.38,Healthy,Normal,0,2.54545,2.553218780611381,0.5039000000000002,69.16801666666667
2026-01-21 12:00:00,PUMP-002,South,Night,8,2.3805,73.9307,116.8629,75.0175,36.4076,2,1.0,161.21,Warning,Normal,1,2.5610333333333335,2.5674230952455033,0.4589000000000003,69.8417
2026-01-21 18:00:00,PUMP-002,South,Night,8,2.5565,73.3079,115.1323,72.3005,36.2481,2,1.0,146.44,Warning,Normal,1,2.59845,2.6028009384123094,0.4104000000000001,71.12528333333334
2026-01-22 00:00:00,PUMP-002,South,Day,8,2.8656,71.7197,118.9025,72.5891,37.5282,1,1.0,143.13,Healthy,Normal,1,2.6620500000000002,2.6673596092390692,0.4851000000000001,71.77758333333334
2026-01-22 06:00:00,PUMP-002,South,Night,8,2.9753,69.7085,115.6804,69.1832,39.7448,2,1.0,152.46,Warning,Warning,1,2.6927833333333333,2.700374387314964,0.5947999999999998,71.41525
2026-01-22 12:00:00,PUMP-002,South,Night,8,2.9643,73.4198,113.8789,74.11,37.9065,2,1.0,133.2,Warning,Bearing Wear,1,2.7552000000000003,2.763818054793043,0.5947999999999998,71.88316666666667
2026-01-22 18:00:00,PUMP-002,South,Day,8,3.2493,74.0519,110.8478,73.0469,36.976,2,1.0,153.35,Warning,Warning,1,2.8319166666666664,2.8463886748533365,0.8687999999999998,72.68975
2026-01-23 00:00:00,PUMP-002,South,Night,8,3.2778,73.7365,116.1942,72.693,37.0677,3,1.0,122.15,Warning,Bearing Wear,1,2.9814666666666665,2.9913420488692584,0.7212999999999998,72.65738333333333
2026-01-23 06:00:00,PUMP-002,South,Day,8,2.9022,74.7367,108.5803,73.019,39.6595,2,1.0,136.88,Warning,Warning,1,3.0390833333333336,3.043458452429845,0.4121999999999999,72.89551666666667
2026-01-23 12:00:00,PUMP-002,South,Day,8,3.2573,73.8116,104.038,75.8589,39.4954,3,1.0,105.45,Warning,Warning,1,3.104366666666667,3.108434119188202,0.37559999999999993,73.24416666666666
2026-01-23 18:00:00,PUMP-002,South,Day,8,3.107,74.1516,118.743,77.2083,39.9828,3,1.0,116.18,Warning,Warning,1,3.1263166666666664,3.1298353244752883,0.37559999999999993,73.98468333333334
2026-01-24 00:00:00,PUMP-002,South,Day,8,3.1708,74.902,114.7028,71.699,39.7731,1,1.0,117.33,Warning,Warning,1,3.160733333333333,3.163387243130376,0.37559999999999993,74.23171666666667
2026-01-24 06:00:00,PUMP-002,South,Night,8,3.3561,77.6351,108.2111,73.7498,40.6701,1,1.0,120.59,Warning,Bearing Wear,1,3.1785333333333337,3.181916870378609,0.45389999999999997,74.82891666666666
2026-01-24 12:00:00,PUMP-002,South,Day,8,3.4722,78.7846,112.8533,79.2406,43.5978,1,1.0,124.23,Warning,Warning,1,3.210933333333333,3.2160993408164495,0.5699999999999998,75.67026666666666
2026-01-24 18:00:00,PUMP-002,South,Night,8,3.5455,75.5078,109.6599,72.74,41.7944,2,1.0,97.46,Warning,Warning,1,3.3181499999999997,3.3218362198739824,0.4384999999999999,75.79878333333333
2026-01-25 00:00:00,PUMP-002,South,Night,8,3.5744,80.9594,113.7993,76.4521,38.9222,3,1.0,81.71,Warning,Warning,1,3.371,3.375744542566376,0.4673999999999996,76.99008333333335
2026-01-25 06:00:00,PUMP-002,South,Night,8,4.0032,80.5588,113.3519,72.3384,41.4222,1,1.0,78.19,Warning,Warning,1,3.5203666666666664,3.5295436093070163,0.8323999999999998,78.05794999999999
2026-01-25 12:00:00,PUMP-002,South,Night,8,3.6178,78.2765,107.7703,75.8902,40.4034,0,1.0,72.95,Warning,Warning,1,3.5948666666666664,3.6004761893394046,0.6470999999999996,78.62036666666667
2026-01-25 18:00:00,PUMP-002,South,Night,8,3.9492,79.5162,101.623,77.5587,41.3838,3,1.0,59.43,Warning,Warning,1,3.6937166666666665,3.6993996398064377,0.5309999999999997,78.93388333333333
2026-01-26 00:00:00,PUMP-002,South,Day,8,3.9216,80.925,111.4856,77.8055,41.2118,2,1.0,44.53,Warning,Seal Leak,1,3.7686166666666665,3.773506766258675,0.45769999999999955,79.29061666666666
2026-01-26 06:00:00,PUMP-002,South,Day,8,4.2314,83.0222,104.5638,76.4022,42.8154,1,1.0,44.05,Critical,Bearing Wear,1,3.8829333333333333,3.889522155740985,0.657,80.54301666666667
2026-01-26 12:00:00,PUMP-002,South,Day,8,4.1879,80.2378,112.6294,75.0823,41.1393,0,1.0,26.91,Critical,Misalignment,1,3.985183333333333,3.9902478337817566,0.6135999999999999,80.42275000000001
2026-01-26 18:00:00,PUMP-002,South,Day,8,3.8533,81.2495,102.8714,76.5002,43.0798,0,1.0,36.45,Warning,Bearing Wear,1,3.9602,3.965576404088902,0.6135999999999999,80.53786666666666
2026-01-27 00:00:00,PUMP-002,South,Day,8,4.3774,80.4324,105.8799,80.016,42.8969,2,1.0,2.1,Critical,Seal Leak,1,4.0868,4.091208688965483,0.5240999999999998,80.89718333333333
2026-01-27 06:00:00,PUMP-002,South,Night,8,4.482,81.8968,108.5195,76.9934,42.8683,1,1.0,44.79,Critical,Seal Leak,1,4.1756,4.181707677093972,0.6287000000000003,81.29395
2026-01-27 12:00:00,PUMP-002,South,Night,8,4.1964,84.0739,112.1786,81.3552,40.4543,0,1.0,0.0,Critical,Seal Leak,1,4.2214,4.225929897273104,0.6287000000000003,81.81876666666666
2026-01-27 18:00:00,PUMP-002,South,Day,8,4.1459,83.6195,101.4275,78.7669,40.7374,1,1.0,36.8,Critical,Seal Leak,1,4.2071499999999995,4.211781923564736,0.6287000000000003,81.91831666666667
2026-01-28 00:00:00,PUMP-002,South,Day,8,4.5311,82.5797,99.2624,79.5804,42.4854,3,1.0,15.12,Critical,Misalignment,1,4.26435,4.2705776859421105,0.6778000000000004,82.30863333333333
2026-01-28 06:00:00,PUMP-002,South,Night,8,4.7467,84.4869,102.7444,79.7708,42.2151,1,1.0,76.01,Critical,Seal Leak,1,4.413250000000001,4.417960363297374,0.6007999999999996,82.8482
2026-01-01 00:00:00,PUMP-003,East,Night,90,1.5391,67.0325,108.8616,72.5967,35.9229,0,1.0,673.99,Healthy,Normal,0,1.5391,1.5391,0.0,67.0325
2026-01-01 06:00:00,PUMP-003,East,Night,90,1.8919,66.5024,109.59,69.0717,34.7915,1,1.0,615.5,Healthy,Normal,0,1.7155,1.7245455082426788,0.3528,66.76745
2026-01-01 12:00:00,PUMP-003,East,Day,90,1.4368,63.857,112.8932,67.0684,36.1328,0,1.0,700.33,Healthy,Normal,0,1.6226,1.6342693229697485,0.45509999999999984,65.79729999999999
2026-01-01 18:00:00,PUMP-003,East,Day,90,1.3215,63.7222,112.5062,67.9962,38.8013,0,1.0,636.11,Healthy,Normal,0,1.5473249999999998,1.561959579342564,0.5704,65.278525
2026-01-02 00:00:00,PUMP-003,East,Day,90,1.5283,65.4636,112.0907,72.0885,34.3162,0,1.0,650.07,Healthy,Normal,0,1.54352,1.5552859415554428,0.5704,65.31554
2026-01-02 06:00:00,PUMP-003,East,Night,90,1.6207,64.6964,114.9289,68.3109,36.6791,0,1.0,632.13,Healthy,Normal,0,1.5563833333333335,1.5663780030163006,0.5704,65.21235
2026-01-02 12:00:00,PUMP-003,East,Day,90,1.7894,64.6515,114.6749,70.2408,38.3752,0,1.0,605.52,Healthy,Normal,0,1.5980999999999999,1.6100912934778988,0.5704,64.81551666666665
2026-01-02 18:00:00,PUMP-003,East,Day,90,1.6851,67.9112,117.5382,70.3924,35.2154,0,1.0,624.05,Healthy,Normal,0,1.5636333333333334,1.5713391443818445,0.4679000000000002,65.05031666666666
2026-01-03 00:00:00,PUMP-003,East,Night,90,1.6838,65.5411,113.017,68.1456,34.0957,2,1.0,588.84,Warning,Normal,0,1.6048,1.6116982988967465,0.4679000000000002,65.331
2026-01-03 06:00:00,PUMP-003,East,Night,90,1.8065,65.731,115.4494,68.7791,39.0998,0,1.0,621.98,Healthy,Normal,0,1.6856333333333333,1.688318119707697,0.2782,65.66579999999999
2026-01-03 12:00:00,PUMP-003,East,Day,90,1.6913,62.5474,119.8206,69.7834,34.4447,1,1.0,630.35,Healthy,Normal,0,1.7127999999999999,1.714025633802871,0.18579999999999997,65.17976666666667
2026-01-03 18:00:00,PUMP-003,East,Night,90,1.8546,65.1657,121.5038,70.3664,35.9607,0,1.0,580.04,Healthy,Normal,0,1.7517833333333332,1.753100867510671,0.17080000000000006,65.25798333333334
2026-01-04 00:00:00,PUMP-003,East,Night,90,1.7386,63.7621,116.2467,69.8395,34.1331,0,1.0,574.44,Healthy,Normal,0,1.7433166666666666,1.7445607618156116,0.17080000000000006,65.10975
2026-01-04 06:00:00,PUMP-003,East,Night,90,1.773,64.3235,120.4887,68.865,36.9233,0,1.0,579.27,Healthy,Normal,0,1.7579666666666665,1.7590205844920253,0.17080000000000006,64.5118
2026-01-04 12:00:00,PUMP-003,East,Day,90,1.5627,66.8698,112.2017,70.6776,37.2917,0,1.0,530.01,Healthy,Normal,0,1.7377833333333335,1.740295441871868,0.29190000000000005,64.73325
2026-01-04 18:00:00,PUMP-003,East,Day,90,1.3977,63.2862,118.1566,71.1452,36.1432,0,1.0,551.6,Healthy,Normal,0,1.66965,1.6763995342200897,0.4569000000000001,64.32578333333332
2026-01-05 00:00:00,PUMP-003,East,Day,90,1.8546,70.2194,117.0982,71.3411,35.31,0,1.0,578.47,Healthy,Normal,0,1.6968666666666667,1.7049407545913924,0.4569000000000001,65.60445
2026-01-05 06:00:00,PUMP-003,East,Night,90,1.4755,68.2843,116.7613,70.8733,35.5674,0,1.0,534.85,Healthy,Normal,0,1.6336833333333336,1.642076782106529,0.4569000000000001,66.12421666666667
2026-01-05 12:00:00,PUMP-003,East,Day,90,1.7415,64.7232,114.5472,66.7641,33.2312,0,1.0,550.64,Healthy,Normal,0,1.6341666666666665,1.6425888732932128,0.4569000000000001,66.28439999999999
2026-01-05 18:00:00,PUMP-003,East,Day,90,1.6398,65.1728,108.0174,67.8952,36.5702,0,1.0,573.69,Healthy,Normal,0,1.6119666666666668,1.6193622345437932,0.4569000000000001,66.42594999999999
2026-01-06 00:00:00,PUMP-003,East,Night,90,1.92,66.5828,115.436,68.9237,35.1189,1,1.0,524.89,Healthy,Normal,0,1.6715166666666665,1.682179785774002,0.5223,66.37811666666666
2026-01-06 06:00:00,PUMP-003,East,Night,90,1.8834,65.3543,118.6039,72.0029,34.8737,0,1.0,496.96,Healthy,Normal,0,1.7524666666666666,1.7593560971749485,0.4444999999999999,66.7228
2026-01-06 12:00:00,PUMP-003,East,Night,90,1.4274,63.8992,118.5577,69.3567,35.2831,0,1.0,553.13,Healthy,Normal,0,1.6812666666666667,1.6916428336580587,0.4925999999999999,65.66943333333333
2026-01-06 18:00:00,PUMP-003,East,Day,90,1.684,65.7789,117.5658,,36.278,0,1.0,528.22,Healthy,Normal,0,1.7160166666666665,1.7237888796678864,0.4925999999999999,65.25186666666667
2026-01-07 00:00:00,PUMP-003,East,Night,90,1.7553,65.5712,118.5601,71.2768,36.0619,0,1.0,514.38,Healthy,Normal,0,1.7183166666666667,1.726120141145067,0.4925999999999999,65.3932
2026-01-07 06:00:00,PUMP-003,East,Day,90,1.6808,69.0478,113.8934,70.9713,37.4958,0,1.0,453.89,Healthy,Normal,0,1.72515,1.732680440338995,0.4925999999999999,66.03903333333334
2026-01-07 12:00:00,PUMP-003,East,Night,90,1.7943,63.7462,114.5135,70.5725,37.1848,1,1.0,506.28,Healthy,Normal,0,1.7042,1.7100780459772393,0.45599999999999996,65.56626666666666
2026-01-07 18:00:00,PUMP-003,East,Night,90,2.2227,65.8937,113.1889,68.4032,34.6802,1,1.0,494.94,Healthy,Normal,0,1.7607499999999998,1.7766729801326224,0.7953000000000001,65.65616666666666
2026-01-08 00:00:00,PUMP-003,East,Day,90,1.7777,63.5519,111.9069,70.5159,36.8413,0,1.0,511.43,Healthy,Normal,0,1.8191333333333333,1.8285763041229643,0.5419,65.59828333333333
2026-01-08 06:00:00,PUMP-003,East,Night,90,1.6021,64.2453,112.3808,72.9927,36.8868,1,1.0,418.5,Healthy,Normal,0,1.8054833333333333,1.816269813381261,0.6206,65.34268333333334
2026-01-08 12:00:00,PUMP-003,East,Night,90,1.6031,64.0749,112.716,67.5216,35.5805,0,1.0,471.96,Healthy,Normal,0,1.7801166666666666,1.7926641128964085,0.6206,65.0933
2026-01-08 18:00:00,PUMP-003,East,Day,90,1.7326,65.99,117.9498,69.1412,38.9696,0,1.0,518.7,Healthy,Normal,0,1.78875,1.8008646927703,0.6206,64.58366666666666
2026-01-09 00:00:00,PUMP-003,East,Night,90,1.4227,65.2152,115.3405,68.9226,38.8153,0,1.0,450.57,Healthy,Normal,0,1.7268166666666669,1.744670200448593,0.8,64.8285
2026-01-09 06:00:00,PUMP-003,East,Day,90,1.4661,65.1423,116.4018,65.7305,35.7476,0,1.0,467.16,Healthy,Normal,0,1.6007166666666668,1.605838232305276,0.355,64.70326666666666
2026-01-09 12:00:00,PUMP-003,East,Day,90,1.5489,64.7577,116.1059,71.391,37.5132,0,1.0,466.95,Healthy,Normal,0,1.5625833333333332,1.565842291441468,0.30989999999999984,64.90423333333332
2026-01-09 18:00:00,PUMP-003,East,Night,90,1.8459,64.4025,118.6244,72.253,37.8084,0,1.0,470.79,Healthy,Normal,0,1.6032166666666665,1.6099583271004252,0.4232,64.93043333333333
2026-01-10 00:00:00,PUMP-003,East,Day,90,1.648,64.8995,113.4416,66.5832,36.1298,0,1.0,441.94,Healthy,Normal,0,1.6107000000000002,1.6174964853130285,0.4232,65.06786666666667
2026-01-10 06:00:00,PUMP-003,East,Night,90,1.538,65.6058,116.3223,71.3323,39.0602,0,1.0,426.36,Healthy,Normal,0,1.5782666666666667,1.584366883016683,0.4232,65.00383333333333
2026-01-10 12:00:00,PUMP-003,East,Day,90,1.4143,67.9251,112.4545,67.5989,35.9453,0,1.0,453.66,Healthy,Normal,0,1.5768666666666666,1.5831129523821097,0.4316000000000002,65.45548333333333
2026-01-10 18:00:00,PUMP-003,East,Day,90,1.8673,63.6253,110.7618,72.168,36.6892,0,1.0,463.97,Healthy,Normal,0,1.6437333333333333,1.6520108857591305,0.45300000000000007,65.20265
2026-01-11 00:00:00,PUMP-003,East,Day,90,1.6361,67.1743,112.0473,69.8056,36.9452,0,1.0,395.19,Healthy,Normal,0,1.6582666666666668,1.6659617742713466,0.45300000000000007,65.60541666666667
2026-01-11 06:00:00,PUMP-003,East,Day,90,1.7057,65.5201,119.6835,71.2671,32.6718,0,1.0,410.68,Healthy,Normal,0,1.6349,1.640865497230044,0.45300000000000007,65.79168333333332
2026-01-11 12:00:00,PUMP-003,East,Day,90,1.732,66.4969,117.9694,69.5072,33.4151,1,1.0,434.17,Healthy,Normal,0,1.6489,1.6552219126147405,0.45300000000000007,66.05791666666666
2026-01-11 18:00:00,PUMP-003,East,Day,90,1.8095,65.3044,104.7494,67.0604,38.6407,0,1.0,449.62,Healthy,Normal,0,1.6941499999999998,1.7003628892092417,0.45300000000000007,66.00768333333333
2026-01-12 00:00:00,PUMP-003,East,Night,90,1.7384,67.1729,116.776,71.0547,36.5082,1,1.0,372.7,Healthy,Normal,0,1.7481666666666669,1.7497234924410199,0.23119999999999985,65.88231666666667
2026-01-12 06:00:00,PUMP-003,East,Day,90,1.7264,67.1307,120.1087,69.0188,37.6309,0,1.0,328.26,Healthy,Normal,0,1.7246833333333333,1.725439145551068,0.1734,66.46655
2026-01-12 12:00:00,PUMP-003,East,Night,90,1.6447,64.633,114.0142,67.953,32.1323,0,1.0,375.14,Healthy,Normal,0,1.7261166666666667,1.726801298644404,0.16480000000000006,66.04299999999999
2026-01-12 18:00:00,PUMP-003,East,Night,90,2.0844,65.2081,120.4267,70.6013,37.157,0,1.0,345.15,Healthy,Normal,0,1.789233333333333,1.7947315128824515,0.4397,65.991
2026-01-13 00:00:00,PUMP-003,East,Night,90,1.8253,65.8434,114.7412,70.9315,39.1281,0,1.0,361.93,Healthy,Normal,0,1.8047833333333332,1.8100765780301489,0.4397,65.88208333333334
2026-01-13 06:00:00,PUMP-003,East,Day,90,1.8512,65.0971,107.1988,71.1884,32.8927,0,1.0,361.93,Healthy,Normal,0,1.8117333333333334,1.8170908296872046,0.4397,65.84753333333333
2026-01-13 12:00:00,PUMP-003,East,Night,90,1.5736,62.3895,116.7177,69.9227,35.3118,2,1.0,334.81,Warning,Normal,0,1.7842666666666667,1.7918843387153462,0.5107999999999999,65.05030000000001
2026-01-13 18:00:00,PUMP-003,East,Day,90,1.9123,64.7339,108.3819,69.5663,37.1364,1,1.0,370.6,Healthy,Normal,0,1.81525,1.8230711830132507,0.5107999999999999,64.65083333333334
2026-01-14 00:00:00,PUMP-003,East,Day,90,1.7809,66.2488,118.0168,69.9143,36.2766,0,1.0,400.47,Healthy,Normal,0,1.83795,1.8442748326465157,0.5107999999999999,64.92013333333334
2026-01-14 06:00:00,PUMP-003,East,Day,90,1.7043,67.2527,121.4358,73.611,34.6028,0,1.0,330.47,Healthy,Normal,0,1.7746000000000002,1.7780144862551974,0.3387,65.2609
2026-01-14 12:00:00,PUMP-003,East,Day,90,1.9124,67.091,114.383,67.9686,37.1045,0,1.0,341.72,Healthy,Normal,0,1.7891166666666667,1.7932078681327865,0.3388,65.46883333333334
2026-01-14 18:00:00,PUMP-003,East,Night,90,2.0227,64.5456,106.9977,71.1602,35.0214,0,1.0,332.08,Healthy,Normal,0,1.8177,1.8238211078209763,0.44909999999999983,65.37691666666667
2026-01-15 00:00:00,PUMP-003,East,Night,90,1.8782,62.4249,113.9177,71.5733,35.1403,0,1.0,307.95,Healthy,Normal,0,1.8684666666666665,1.8712455245994133,0.3184,65.38281666666667
2026-01-15 06:00:00,PUMP-003,East,Day,90,1.6379,61.5465,118.3205,66.1823,36.4323,0,1.0,345.84,Healthy,Normal,0,1.822733333333333,1.8273470752249923,0.38480000000000003,64.85158333333334
2026-01-15 12:00:00,PUMP-003,East,Day,90,1.613,63.9165,117.8983,68.974,37.3723,0,1.0,328.74,Healthy,Normal,0,1.7947499999999998,1.8011731450178057,0.40969999999999995,64.46286666666667
2026-01-15 18:00:00,PUMP-003,East,Night,90,1.8397,63.6254,109.848,70.6687,35.5036,1,1.0,327.62,Healthy,Normal,0,1.8173166666666667,1.8232391409247444,0.40969999999999995,63.85831666666667
2026-01-16 00:00:00,PUMP-003,East,Night,90,1.4295,62.5896,119.7749,73.1206,34.957,0,1.0,285.21,Healthy,Normal,0,1.7368333333333332,1.747922685170409,0.5932,63.108083333333326
2026-01-16 06:00:00,PUMP-003,East,Night,90,1.401,64.6787,121.3586,68.9978,36.1413,0,1.0,243.43,Healthy,Normal,0,1.6332166666666668,1.643314130550415,0.47720000000000007,63.13026666666667
2026-01-16 12:00:00,PUMP-003,East,Night,90,1.733,68.4637,110.2991,72.3634,34.5744,0,1.0,293.82,Healthy,Normal,0,1.6090166666666665,1.6165055804625814,0.43869999999999987,64.13673333333334
2026-01-16 18:00:00,PUMP-003,East,Night,90,1.559,65.6816,119.3629,69.7016,36.0982,0,1.0,305.32,Healthy,Normal,0,1.5958666666666668,1.6034497362457816,0.43869999999999987,64.82591666666667
2026-01-17 00:00:00,PUMP-003,East,Day,90,1.7935,69.7626,114.425,68.9464,37.0766,0,1.0,288.84,Healthy,Normal,0,1.6259499999999998,1.6350932486150955,0.43869999999999987,65.80026666666667
2026-01-17 06:00:00,PUMP-003,East,Day,90,1.7434,63.5864,114.3011,70.2061,37.3943,0,1.0,314.22,Healthy,Normal,0,1.6098999999999999,1.6174118760126213,0.39250000000000007,65.79376666666667
2026-01-17 12:00:00,PUMP-003,East,Day,90,1.4193,62.7123,115.2224,67.2656,35.0161,0,1.0,274.57,Healthy,Normal,0,1.6082,1.6159140499007574,0.39250000000000007,65.81421666666667
2026-01-17 18:00:00,PUMP-003,East,Night,90,1.8551,65.2131,114.1193,69.0036,36.4588,2,1.0,306.76,Warning,Normal,0,1.6838833333333332,1.6904468989984078,0.43579999999999997,65.90328333333333
2026-01-18 00:00:00,PUMP-003,East,Night,90,1.8732,64.6799,122.3185,67.9732,36.3044,0,1.0,254.41,Healthy,Normal,0,1.7072500000000002,1.715189666382895,0.45389999999999997,65.27265
2026-01-18 06:00:00,PUMP-003,East,Day,90,1.6653,66.6024,120.7388,69.9948,37.1414,0,1.0,227.62,Healthy,Normal,0,1.7249666666666668,1.7317619466889784,0.45389999999999997,65.42611666666667
2026-01-18 12:00:00,PUMP-003,East,Day,90,1.8423,69.0552,115.3395,64.9571,35.2327,0,1.0,226.73,Healthy,Normal,0,1.7331,1.7402788895270014,0.45389999999999997,65.30821666666667
2026-01-18 18:00:00,PUMP-003,East,Day,90,1.8275,65.9481,120.1628,72.1147,38.1304,0,1.0,212.27,Healthy,Normal,0,1.7471166666666669,1.7546004469204188,0.45389999999999997,65.70183333333333
2026-01-19 00:00:00,PUMP-003,East,Day,90,1.5377,68.1482,116.5573,71.8512,36.1732,0,1.0,227.74,Healthy,Normal,0,1.76685,1.7711505286112754,0.3354999999999999,66.60781666666666
2026-01-19 06:00:00,PUMP-003,East,Night,90,1.8359,62.1034,115.0041,74.0993,35.7007,1,1.0,205.62,Healthy,Normal,0,1.7636500000000002,1.7678130543131534,0.3354999999999999,66.08953333333334
2026-01-19 12:00:00,PUMP-003,East,Day,90,1.5791,67.0243,113.8279,72.641,36.7591,0,1.0,212.51,Healthy,Normal,0,1.7146333333333335,1.7192855366886173,0.3046,66.48026666666668
2026-01-19 18:00:00,PUMP-003,East,Night,90,1.9242,63.6264,109.9401,71.4132,36.8837,1,1.0,217.69,Healthy,Normal,0,1.7577833333333333,1.763754427823405,0.38649999999999984,65.98426666666667
2026-01-20 00:00:00,PUMP-003,East,Day,90,1.6378,64.1992,114.6562,74.6475,33.571,0,1.0,244.3,Healthy,Normal,0,1.7237,1.729802379849598,0.38649999999999984,65.17493333333334
2026-01-20 06:00:00,PUMP-003,East,Night,90,1.6579,61.431,117.1795,69.1259,33.0611,0,1.0,163.56,Healthy,Normal,1,1.6954333333333336,1.7010866037134422,0.38649999999999984,64.42208333333333
2026-01-20 12:00:00,PUMP-003,East,Night,90,1.8006,65.2669,120.5604,73.8695,37.587,0,1.0,187.17,Healthy,Normal,0,1.73925,1.7435506335253548,0.34509999999999996,63.94186666666667
2026-01-20 18:00:00,PUMP-003,East,Night,90,1.4103,66.0289,123.9618,71.4719,38.0628,1,1.0,176.85,Healthy,Normal,0,1.6683166666666667,1.6762174754488153,0.5138999999999998,64.59611666666667
2026-01-21 00:00:00,PUMP-003,East,Day,90,1.4725,67.3554,120.7194,67.7205,37.3552,0,1.0,171.84,Healthy,Normal,0,1.6505500000000002,1.6599663445383464,0.5138999999999998,64.6513
2026-01-21 06:00:00,PUMP-003,East,Night,90,2.0083,65.9663,120.3222,71.0116,37.1239,2,1.0,156.89,Warning,Normal,1,1.6645666666666667,1.6764870433936157,0.5980000000000001,65.04128333333334
2026-01-21 12:00:00,PUMP-003,East,Night,90,1.7746,68.6789,115.7451,66.1983,37.9536,0,1.0,134.13,Healthy,Normal,1,1.6873666666666667,1.6995327377448977,0.5980000000000001,65.7879
2026-01-21 18:00:00,PUMP-003,East,Day,90,1.9628,69.0982,110.948,68.6165,36.4749,0,1.0,193.94,Healthy,Normal,0,1.7381833333333334,1.7528272680634183,0.5980000000000001,67.06576666666666
2026-01-22 00:00:00,PUMP-003,East,Day,90,2.1676,66.524,112.2336,66.9293,36.0494,0,1.0,133.67,Healthy,Normal,1,1.7993500000000002,1.8207484720118081,0.7573000000000001,67.27528333333333
2026-01-22 06:00:00,PUMP-003,East,Night,90,2.501,67.1185,110.6532,75.0359,37.546,1,1.0,117.53,Healthy,Normal,1,1.9811333333333332,2.0065229004424543,1.0285,67.45688333333334
2026-01-22 12:00:00,PUMP-003,East,Day,90,2.059,68.7997,112.9036,69.5316,37.422,3,1.0,115.02,Warning,Normal,1,2.0788833333333336,2.0907745634094557,0.7263999999999999,67.6976
2026-01-22 18:00:00,PUMP-003,East,Day,90,2.2608,70.7051,109.939,73.4539,37.6269,2,1.0,141.75,Warning,Normal,1,2.1209666666666664,2.1333064086842595,0.7263999999999999,68.4874
2026-01-23 00:00:00,PUMP-003,East,Day,90,2.3002,70.6669,120.126,69.968,35.3431,1,1.0,132.5,Healthy,Normal,1,2.2085666666666666,2.21538906590543,0.5381999999999998,68.81873333333333
2026-01-23 06:00:00,PUMP-003,East,Night,90,2.6243,69.1731,110.3312,73.7346,36.8384,1,1.0,160.29,Healthy,Normal,1,2.3188166666666667,2.326730858593949,0.5652999999999997,68.83121666666666
2026-01-23 12:00:00,PUMP-003,East,Night,90,2.6907,70.7982,109.4687,72.9542,37.582,1,1.0,131.15,Healthy,Normal,1,2.406,2.416037929475998,0.6316999999999999,69.54358333333333
2026-01-23 18:00:00,PUMP-003,East,Day,90,2.6295,72.7006,115.5491,74.4699,36.2672,1,1.0,119.32,Healthy,Warning,1,2.427416666666667,2.438671253982381,0.6316999999999999,70.47393333333333
2026-01-24 00:00:00,PUMP-003,East,Night,90,2.5886,73.0381,103.0557,73.0485,40.8016,2,1.0,109.52,Warning,Bearing Wear,1,2.515683333333333,2.5213777275529345,0.42989999999999995,71.18033333333334
2026-01-24 06:00:00,PUMP-003,East,Night,90,3.1211,74.3089,109.3699,74.8044,38.0432,0,1.0,128.69,Warning,Warning,1,2.6590666666666665,2.670022547969711,0.8209000000000004,71.78096666666666
2026-01-24 12:00:00,PUMP-003,East,Night,90,3.0806,73.7335,109.7534,67.6185,39.9232,2,1.0,97.79,Warning,Warning,1,2.7891333333333335,2.798014139826078,0.5325000000000002,72.29206666666666
2026-01-24 18:00:00,PUMP-003,East,Night,90,3.1481,74.8909,108.3619,76.8905,38.2296,1,1.0,131.63,Warning,Warning,1,2.8764333333333334,2.88666133217367,0.5594999999999999,73.24503333333334
2026-01-25 00:00:00,PUMP-003,East,Night,90,3.1626,73.6887,106.6353,79.0349,38.2298,4,1.0,93.67,Critical,Warning,1,2.955083333333333,2.9653289348176313,0.5739999999999998,73.72678333333333
2026-01-25 06:00:00,PUMP-003,East,Night,90,3.7651,78.4564,103.6418,76.5894,39.0859,0,1.0,53.53,Warning,Warning,1,3.1443499999999998,3.162824737214083,1.1764999999999999,74.68608333333333
2026-01-25 12:00:00,PUMP-003,East,Day,90,3.2414,76.1758,108.8781,76.3004,39.9489,1,1.0,46.1,Warning,Warning,1,3.25315,3.261558571961162,0.6844999999999999,75.20903333333334
2026-01-25 18:00:00,PUMP-003,East,Night,90,3.569,78.5676,108.7848,74.1027,38.4863,2,1.0,82.66,Warning,Warning,1,3.3278,3.337241418197571,0.6844999999999999,75.91881666666667
2026-01-26 00:00:00,PUMP-003,East,Day,90,3.6613,79.1285,108.5961,77.3264,40.6579,1,1.0,0.0,Warning,Warning,1,3.424583333333334,3.433610903747443,0.617,76.81798333333334
2026-01-26 06:00:00,PUMP-003,East,Night,90,3.7798,76.6645,109.9952,74.7795,41.9515,1,1.0,51.73,Warning,Warning,1,3.5298666666666665,3.538230665648204,0.6172,77.11358333333332
2026-01-26 12:00:00,PUMP-003,East,Day,90,3.5955,78.2003,109.3722,76.3504,40.3999,2,1.0,61.75,Warning,Bearing Wear,1,3.602016666666667,3.606476557297071,0.5383999999999998,77.86551666666666
2026-01-26 18:00:00,PUMP-003,East,Day,90,3.8959,78.4843,102.5777,79.1306,42.974,2,1.0,0.57,Warning,Bearing Wear,1,3.6238166666666665,3.6295568542638,0.6545000000000001,77.87016666666666
2026-01-27 00:00:00,PUMP-003,East,Day,90,3.6383,79.1342,101.6671,76.2328,41.2527,0,1.0,48.85,Warning,Bearing Wear,1,3.689966666666667,3.691717095517116,0.3269000000000002,78.36323333333333
2026-01-27 06:00:00,PUMP-003,East,Day,90,4.1148,82.4271,96.899,78.1875,43.1964,0,1.0,29.78,Critical,Bearing Wear,1,3.7809333333333335,3.785200759096757,0.5192999999999999,79.00648333333334
2026-01-27 12:00:00,PUMP-003,East,Night,90,4.5091,78.6549,110.8905,75.695,43.8729,1,1.0,12.16,Critical,Bearing Wear,1,3.9222333333333332,3.9347455199373016,0.9136000000000002,78.92755
2026-01-27 18:00:00,PUMP-003,East,Night,90,4.2975,84.4375,101.6504,77.7139,44.2845,0,1.0,0.44,Critical,Bearing Wear,1,4.008516666666667,4.022332491850966,0.9136000000000002,80.22305
2026-01-28 00:00:00,PUMP-003,East,Night,90,4.2471,81.7999,103.676,80.6448,42.7828,2,1.0,31.73,Critical,Misalignment,1,4.117116666666667,4.126846863526681,0.8708,80.82298333333334
2026-01-28 06:00:00,PUMP-003,East,Day,90,4.3754,82.8314,97.1091,75.3221,44.136,3,1.0,0.0,Critical,Bearing Wear,1,4.197033333333334,4.206171627501664,0.8708,81.5475
2026-01-01 00:00:00,PUMP-004,West,Day,71,1.602,56.6799,105.1832,66.9589,35.2479,0,1.0,650.49,Healthy,Normal,0,1.602,1.602,0.0,56.6799
2026-01-01 06:00:00,PUMP-004,West,Day,71,2.1039,57.8236,117.3643,69.9956,36.4249,0,1.0,650.6,Healthy,Normal,0,1.8529499999999999,1.8698661997586887,0.5018999999999998,57.25175
2026-01-01 12:00:00,PUMP-004,West,Night,71,1.9732,55.1058,114.7752,69.7838,35.0716,1,1.0,624.51,Healthy,Normal,0,1.8930333333333333,1.9049337215066915,0.5018999999999998,56.53643333333334
2026-01-01 18:00:00,PUMP-004,West,Day,71,1.7878,57.9247,111.2398,66.765,37.4297,0,1.0,651.81,Healthy,Normal,0,1.8667250000000002,1.8763359434013942,0.5018999999999998,56.8835
2026-01-02 00:00:00,PUMP-004,West,Day,71,2.1487,56.5054,108.9406,71.2509,35.321,0,1.0,636.03,Healthy,Normal,0,1.9231200000000002,1.9338799331913032,0.5466999999999997,56.80788
2026-01-02 06:00:00,PUMP-004,West,Night,71,2.0974,60.0776,118.9307,74.2112,34.5723,0,1.0,647.33,Healthy,Normal,0,1.9521666666666668,1.962079880297096,0.5466999999999997,57.352833333333336
2026-01-02 12:00:00,PUMP-004,West,Day,71,1.7139,55.3093,110.8229,72.0667,37.121,0,1.0,656.41,Healthy,Normal,0,1.9708166666666667,1.9777762744220253,0.43479999999999985,57.1244
2026-01-02 18:00:00,PUMP-004,West,Night,71,1.8988,58.1428,117.4989,72.4297,34.9427,0,1.0,660.41,Healthy,Normal,0,1.9366333333333332,1.942877598649316,0.43479999999999985,57.177600000000005
2026-01-03 00:00:00,PUMP-004,West,Day,71,1.8708,55.1181,119.171,72.9099,36.0342,0,1.0,615.17,Healthy,Normal,0,1.9195666666666666,1.925920324589433,0.43479999999999985,57.17965
2026-01-03 06:00:00,PUMP-004,West,Night,71,2.3211,57.3378,115.8711,72.6893,34.3625,0,1.0,613.07,Healthy,Normal,0,2.0084500000000003,2.018509803047783,0.6072,57.08183333333333
2026-01-03 12:00:00,PUMP-004,West,Night,71,1.65,54.7447,115.1698,70.2617,36.2581,1,1.0,600.66,Healthy,Normal,0,1.9253333333333336,1.938722915564092,0.6711,56.788383333333336
2026-01-03 18:00:00,PUMP-004,West,Night,71,1.9005,56.6283,107.4976,73.2428,35.0457,0,1.0,594.78,Healthy,Normal,0,1.8925166666666666,1.9045862520943142,0.6711,56.2135
2026-01-04 00:00:00,PUMP-004,West,Day,71,1.9335,56.414,111.1549,70.274,36.4452,0,1.0,620.27,Healthy,Normal,0,1.9291166666666666,1.9393152481395763,0.6711,56.397616666666664
2026-01-04 06:00:00,PUMP-004,West,Day,71,1.9206,55.3712,121.5362,69.7936,38.1633,0,1.0,575.78,Healthy,Normal,0,1.9327500000000002,1.9428898025878876,0.6711,55.93568333333334
2026-01-04 12:00:00,PUMP-004,West,Night,71,1.9526,56.9563,118.967,70.5106,37.9372,0,1.0,536.94,Healthy,Normal,0,1.9463833333333334,1.95625828347554,0.6711,56.24205
2026-01-04 18:00:00,PUMP-004,West,Night,71,2.4633,55.7036,110.4982,67.2169,39.2634,0,1.0,578.02,Healthy,Normal,0,1.9700833333333332,1.9850281488348387,0.8132999999999999,55.969683333333336
2026-01-05 00:00:00,PUMP-004,West,Night,71,2.1568,60.1164,107.6852,69.3897,35.3525,0,1.0,538.55,Healthy,Normal,0,2.05455,2.0644332051033603,0.5627999999999997,56.86496666666667
2026-01-05 06:00:00,PUMP-004,West,Day,71,2.0762,60.7169,111.9857,69.0313,36.1661,0,1.0,571.6,Healthy,Normal,0,2.083833333333333,2.0924472490364003,0.5426999999999997,57.5464
2026-01-05 12:00:00,PUMP-004,West,Day,71,2.1334,57.1509,105.8964,67.1816,38.1017,0,1.0,570.29,Healthy,Normal,0,2.11715,2.124577850224996,0.5426999999999997,57.66921666666667
2026-01-05 18:00:00,PUMP-004,West,Day,71,1.9454,57.7937,108.3677,68.0658,36.3821,0,1.0,532.28,Healthy,Normal,0,2.1212833333333334,2.128335149438014,0.5178999999999998,58.07296666666667
2026-01-06 00:00:00,PUMP-004,West,Day,71,2.0073,58.4342,115.01,70.32,35.8658,0,1.0,541.73,Healthy,Normal,0,2.1304,2.1367993814737654,0.5178999999999998,58.31928333333334
2026-01-06 06:00:00,PUMP-004,West,Day,71,1.9216,54.8677,111.4853,70.462,35.4771,0,1.0,521.45,Healthy,Normal,0,2.0401166666666666,2.0420646924946655,0.23520000000000008,58.17996666666667
2026-01-06 12:00:00,PUMP-004,West,Day,71,2.1993,58.2619,109.8942,67.9219,35.8939,0,1.0,555.32,Healthy,Normal,0,2.0472,2.049605795431567,0.27770000000000006,57.87088333333333
2026-01-06 18:00:00,PUMP-004,West,Day,71,1.8576,55.26,112.1206,72.7104,36.2789,1,1.0,528.96,Healthy,Normal,0,2.0107666666666666,2.0143392142337895,0.3417000000000001,56.9614
2026-01-07 00:00:00,PUMP-004,West,Day,71,1.9892,57.2528,120.7336,68.0558,37.2027,0,1.0,553.71,Healthy,Normal,0,1.9867333333333335,1.9895935891533225,0.3417000000000001,56.97838333333333
2026-01-07 06:00:00,PUMP-004,West,Night,71,2.2612,55.0344,113.2253,66.0317,34.2377,0,1.0,521.19,Healthy,Normal,0,2.0393666666666665,2.0444779358065963,0.4036000000000002,56.518499999999996
2026-01-07 12:00:00,PUMP-004,West,Day,71,1.9844,55.529,111.5625,71.7004,34.3736,1,1.0,480.73,Healthy,Normal,0,2.03555,2.040748647351424,0.4036000000000002,56.0343
2026-01-07 18:00:00,PUMP-004,West,Night,71,1.9133,58.2646,110.4345,74.2003,34.4127,1,1.0,449.68,Healthy,Normal,0,2.0341666666666667,2.0394484785516567,0.4036000000000002,56.600449999999995
2026-01-08 00:00:00,PUMP-004,West,Night,71,1.8502,55.6373,116.0697,72.4211,35.901,0,1.0,473.8,Healthy,Normal,0,1.9759833333333336,1.9808424188544969,0.41100000000000003,56.16301666666667
2026-01-08 06:00:00,PUMP-004,West,Day,71,1.7102,55.006,114.1039,72.7956,38.2624,1,1.0,468.03,Healthy,Normal,0,1.9514166666666666,1.958593305155514,0.5510000000000002,56.12068333333334
2026-01-08 12:00:00,PUMP-004,West,Day,71,1.9155,54.9859,108.7619,70.7672,36.2597,0,1.0,466.89,Healthy,Normal,0,1.9391333333333334,1.9463106132715131,0.5510000000000002,55.742866666666664
2026-01-08 18:00:00,PUMP-004,West,Day,71,2.0433,56.3925,114.7438,68.3299,36.5176,1,1.0,472.76,Healthy,Normal,0,1.9028166666666666,1.9057281840983165,0.33309999999999995,55.96921666666666
2026-01-09 00:00:00,PUMP-004,West,Day,71,1.8483,54.4445,117.8142,72.4511,36.7524,0,1.0,472.54,Healthy,Normal,0,1.8801333333333332,1.8827802580226936,0.33309999999999995,55.788466666666665
2026-01-09 06:00:00,PUMP-004,West,Night,71,1.8904,56.1678,114.1761,69.0851,36.5213,1,1.0,419.36,Healthy,Normal,0,1.8763166666666666,1.8789209789131633,0.33309999999999995,55.439
2026-01-09 12:00:00,PUMP-004,West,Day,71,1.9917,54.8332,114.764,69.6917,35.1485,0,1.0,391.88,Healthy,Normal,0,1.8998999999999997,1.902879095826462,0.33309999999999995,55.304983333333325
2026-01-09 18:00:00,PUMP-004,West,Day,71,1.6808,55.2126,113.0718,71.2573,36.7767,0,1.0,465.48,Healthy,Normal,0,1.8950000000000002,1.8985080861911896,0.3624999999999998,55.339416666666665
2026-01-10 00:00:00,PUMP-004,West,Night,71,1.8754,55.462,109.9537,67.2667,37.4899,0,1.0,420.56,Healthy,Normal,0,1.8883166666666666,1.8918237510402496,0.3624999999999998,55.41876666666667
2026-01-10 06:00:00,PUMP-004,West,Night,71,2.1729,53.407,116.3645,70.4074,36.878,0,1.0,461.69,Healthy,Normal,0,1.9099166666666667,1.9157418993695365,0.49209999999999976,54.92118333333334
2026-01-10 12:00:00,PUMP-004,West,Day,71,1.8149,57.4862,115.7417,66.8537,34.6265,0,1.0,440.58,Healthy,Normal,0,1.90435,1.9104123145715604,0.49209999999999976,55.428133333333335
2026-01-10 18:00:00,PUMP-004,West,Day,71,1.6871,54.9901,113.5679,67.2846,35.8379,1,1.0,430.95,Healthy,Normal,0,1.870466666666667,1.8784189060661274,0.49209999999999976,55.23185
2026-01-11 00:00:00,PUMP-004,West,Night,71,1.9578,55.5448,117.446,69.2957,37.5463,0,1.0,428.23,Healthy,Normal,0,1.8648166666666668,1.8724697358479967,0.49209999999999976,55.35045
2026-01-11 06:00:00,PUMP-004,West,Day,71,2.0007,58.3069,111.2834,70.0948,35.9139,0,1.0,438.6,Healthy,Normal,0,1.9181333333333332,1.9241694883767384,0.4857999999999998,55.866166666666665
2026-01-11 12:00:00,PUMP-004,West,Day,71,2.027,54.0989,117.6072,75.1384,37.4026,1,1.0,447.88,Healthy,Normal,0,1.9434000000000002,1.9496227481233388,0.4857999999999998,55.638983333333336
2026-01-11 18:00:00,PUMP-004,West,Day,71,1.989,55.4038,109.9649,69.8557,36.8618,0,1.0,412.77,Healthy,Normal,0,1.91275,1.9166289742670595,0.3399000000000001,55.97178333333333
2026-01-12 00:00:00,PUMP-004,West,Night,71,1.8395,58.1429,111.5124,71.2553,37.5363,0,1.0,374.18,Healthy,Normal,0,1.9168500000000002,1.9205336927531367,0.3399000000000001,56.08123333333333
2026-01-12 06:00:00,PUMP-004,West,Night,71,2.2335,55.0425,114.1918,70.594,36.6792,1,1.0,422.4,Healthy,Normal,0,2.0079166666666666,2.01133926485149,0.3939999999999999,56.08996666666667
2026-01-12 12:00:00,PUMP-004,West,Night,71,2.0665,58.6462,113.0964,66.7681,37.3526,0,1.0,375.79,Healthy,Normal,0,2.0260333333333334,2.029382305037668,0.3939999999999999,56.60686666666666
2026-01-12 18:00:00,PUMP-004,West,Day,71,2.239,54.8915,112.0427,70.2471,34.4709,0,1.0,339.31,Healthy,Normal,0,2.06575,2.070453885423838,0.39949999999999997,56.03763333333333
2026-01-13 00:00:00,PUMP-004,West,Night,71,2.1042,51.6284,113.1173,69.28,34.8541,0,1.0,379.83,Healthy,Normal,0,2.0786166666666666,2.083250840633456,0.39949999999999997,55.62588333333333
2026-01-13 06:00:00,PUMP-004,West,Day,71,1.8752,53.0191,109.1823,72.2105,33.0461,0,1.0,375.59,Healthy,Normal,0,2.05965,2.0655854065292645,0.39949999999999997,55.22843333333333
2026-01-13 12:00:00,PUMP-004,West,Day,71,2.0814,55.4665,117.9537,68.2968,37.4127,0,1.0,334.24,Healthy,Normal,0,2.0999666666666665,2.103502006179219,0.3637999999999999,54.78236666666667
2026-01-13 18:00:00,PUMP-004,West,Day,71,1.7579,56.0785,114.2559,68.8621,36.7755,0,1.0,339.11,Healthy,Normal,0,2.0207,2.026902986496065,0.48109999999999986,54.955033333333326
2026-01-14 00:00:00,PUMP-004,West,Day,71,1.9321,55.6749,113.803,71.2656,38.8865,1,1.0,273.88,Healthy,Normal,0,1.9983000000000002,2.004686278864268,0.48109999999999986,54.459816666666676
2026-01-14 06:00:00,PUMP-004,West,Night,71,2.1203,57.8446,109.6251,68.979,35.2914,0,1.0,346.18,Healthy,Normal,0,1.9785166666666665,1.9830596540867516,0.36239999999999983,54.952
2026-01-14 12:00:00,PUMP-004,West,Day,71,2.1388,58.023,112.6752,68.459,37.5894,0,1.0,374.55,Healthy,Normal,0,1.9842833333333332,1.989219333892905,0.3808999999999998,56.01776666666667
2026-01-14 18:00:00,PUMP-004,West,Night,71,2.0629,57.9793,116.5338,70.653,36.8193,2,1.0,329.54,Warning,Normal,0,2.0155666666666665,2.019948131347271,0.3808999999999998,56.84446666666667
2026-01-15 00:00:00,PUMP-004,West,Day,71,1.6037,55.7539,113.4598,69.3528,35.6544,0,1.0,349.89,Healthy,Normal,0,1.93595,1.9459689296080755,0.5350999999999999,56.89236666666667
2026-01-15 06:00:00,PUMP-004,West,Night,71,1.9704,57.9528,119.3326,71.7989,33.9444,0,1.0,311.84,Healthy,Normal,0,1.9713666666666665,1.9796057772529694,0.5350999999999999,57.20475000000001
2026-01-15 12:00:00,PUMP-004,West,Day,71,2.0401,54.8187,113.4912,70.9667,37.1559,0,1.0,320.28,Healthy,Normal,0,1.9893666666666665,1.9975831981004777,0.5350999999999999,57.06205
2026-01-15 18:00:00,PUMP-004,West,Night,71,1.9212,55.6334,109.5869,70.3809,35.9217,0,1.0,300.83,Healthy,Normal,0,1.956183333333333,1.9637281358850736,0.5350999999999999,56.693516666666675
2026-01-16 00:00:00,PUMP-004,West,Day,71,2.0305,54.162,113.3654,69.3487,36.4243,0,1.0,306.12,Healthy,Normal,0,1.938133333333333,1.9444722488805712,0.45920000000000005,56.050016666666664
2026-01-16 06:00:00,PUMP-004,West,Night,71,1.7672,55.5264,113.2276,68.601,36.8753,2,1.0,288.58,Warning,Normal,0,1.88885,1.8953132278509182,0.4363999999999999,55.6412
2026-01-16 12:00:00,PUMP-004,West,Night,71,2.3712,55.3733,112.9929,70.9801,35.9672,1,1.0,300.26,Healthy,Normal,0,2.016766666666667,2.025010664169451,0.6039999999999999,55.57776666666666
2026-01-16 18:00:00,PUMP-004,West,Day,71,1.6323,55.0371,109.4879,71.3427,36.8415,0,1.0,288.25,Healthy,Normal,0,1.9604166666666665,1.9742482227420137,0.7388999999999999,55.09181666666666
2026-01-17 00:00:00,PUMP-004,West,Night,71,1.9441,57.2955,116.2272,68.36,37.4726,1,1.0,258.97,Healthy,Normal,0,1.944416666666667,1.958036987648599,0.7388999999999999,55.504616666666664
2026-01-17 06:00:00,PUMP-004,West,Night,71,1.9671,59.5854,115.0338,69.9072,32.9267,0,1.0,266.89,Healthy,Normal,0,1.9520666666666668,1.965618055472629,0.7388999999999999,56.16328333333333
2026-01-17 12:00:00,PUMP-004,West,Night,71,1.834,56.6953,113.6719,72.1722,36.1912,0,1.0,263.81,Healthy,Normal,0,1.9193166666666668,1.9331559598232109,0.7388999999999999,56.5855
2026-01-17 18:00:00,PUMP-004,West,Night,71,2.2246,54.8162,123.3894,70.8631,36.5332,0,1.0,212.95,Healthy,Normal,0,1.9955499999999997,2.0103234030871753,0.7388999999999999,56.46713333333333
2026-01-18 00:00:00,PUMP-004,West,Night,71,1.7442,59.1036,112.0302,70.2465,34.209,0,1.0,267.63,Healthy,Normal,0,1.8910500000000001,1.9003528317131007,0.5923,57.08885
2026-01-18 06:00:00,PUMP-004,West,Night,71,1.9819,60.0424,120.3936,70.107,36.0896,0,1.0,219.46,Healthy,Normal,0,1.9493166666666666,1.9549752611392979,0.48040000000000016,57.92306666666667
2026-01-18 12:00:00,PUMP-004,West,Day,71,1.8672,58.2308,111.3195,69.9132,33.7862,0,1.0,193.42,Healthy,Normal,0,1.9364999999999999,1.9424417906336344,0.48040000000000016,58.07895
2026-01-18 18:00:00,PUMP-004,West,Night,71,2.2962,55.0544,114.1082,67.8307,35.6811,0,1.0,231.56,Healthy,Normal,0,1.99135,2.00172978071467,0.5519999999999998,57.323783333333346
2026-01-19 00:00:00,PUMP-004,West,Day,71,1.7064,53.9833,115.0266,74.747,37.9074,1,1.0,205.53,Healthy,Normal,0,1.9700833333333332,1.9828337318931541,0.5897999999999999,56.87178333333333
2026-01-19 06:00:00,PUMP-004,West,Day,71,1.8885,58.4413,115.239,66.9891,36.855,0,1.0,227.35,Healthy,Normal,0,1.9140666666666668,1.9238574418772993,0.5897999999999999,57.47596666666667
2026-01-19 12:00:00,PUMP-004,West,Night,71,2.0364,55.6793,116.4591,72.2419,37.8341,1,1.0,198.41,Healthy,Normal,0,1.9627666666666668,1.9711272603935712,0.5897999999999999,56.905249999999995
2026-01-19 18:00:00,PUMP-004,West,Day,71,1.9592,56.0423,108.8929,67.8028,35.6052,0,1.0,175.42,Healthy,Normal,0,1.9589833333333333,1.9673413993678541,0.5897999999999999,56.238566666666664
2026-01-20 00:00:00,PUMP-004,West,Day,71,2.1237,58.4121,112.4242,71.3678,35.6591,0,1.0,188.74,Healthy,Normal,0,2.0017333333333336,2.01023460239512,0.5897999999999999,56.26878333333334
2026-01-20 06:00:00,PUMP-004,West,Night,71,2.0621,59.544,112.605,71.0297,36.7642,0,1.0,185.74,Healthy,Normal,0,1.9627166666666669,1.96748489659599,0.4173,57.017050000000005
2026-01-20 12:00:00,PUMP-004,West,Day,71,1.8304,58.4057,114.5417,69.2997,36.625,0,1.0,191.7,Healthy,Normal,0,1.9833833333333335,1.9859734854725528,0.2932999999999999,57.75411666666667
2026-01-20 18:00:00,PUMP-004,West,Day,71,1.8121,56.542,112.1333,66.3531,34.7114,0,1.0,176.77,Healthy,Normal,0,1.97065,1.9740743936505198,0.3115999999999999,57.43756666666666
2026-01-21 00:00:00,PUMP-004,West,Day,71,1.6658,56.2675,118.8777,69.5705,37.8298,0,1.0,168.69,Healthy,Normal,0,1.908883333333333,1.915279916443895,0.4579,57.53560000000001
2026-01-21 06:00:00,PUMP-004,West,Night,71,2.2018,55.9745,116.3646,68.1274,36.2479,0,1.0,177.7,Healthy,Normal,0,1.9493166666666666,1.9587088242853592,0.536,57.524300000000004
2026-01-21 12:00:00,PUMP-004,West,Night,71,1.9851,55.4091,119.0372,72.4126,34.9348,0,1.0,185.82,Healthy,Normal,0,1.9262166666666667,1.9343285600779754,0.536,57.023799999999994
2026-01-21 18:00:00,PUMP-004,West,Day,71,2.1291,53.402,116.5941,69.4187,35.7038,0,1.0,148.05,Healthy,Normal,1,1.9373833333333332,1.9463886332556166,0.536,56.00013333333334
2026-01-22 00:00:00,PUMP-004,West,Day,71,2.0723,56.6734,108.7356,69.6093,37.9338,1,1.0,184.57,Healthy,Normal,0,1.9777000000000002,1.9863968804513026,0.536,55.71141666666667
2026-01-22 06:00:00,PUMP-004,West,Day,71,2.0962,57.7756,116.0833,70.8355,35.8986,0,1.0,195.55,Healthy,Normal,0,2.02505,2.03244448181658,0.536,55.917016666666676
2026-01-22 12:00:00,PUMP-004,West,Night,71,2.0666,57.581,108.4423,71.4835,38.8764,0,1.0,145.48,Healthy,Normal,1,2.0918500000000004,2.0928819583690497,0.2166999999999999,56.13593333333333
2026-01-22 18:00:00,PUMP-004,West,Night,71,2.3989,54.7348,113.989,68.1608,35.2342,1,1.0,94.78,Healthy,Normal,1,2.1247000000000003,2.128682194848885,0.4137999999999997,55.929316666666665
2026-01-23 00:00:00,PUMP-004,West,Day,71,1.8753,60.9563,111.7182,68.6864,33.5151,0,1.0,108.76,Healthy,Normal,1,2.1064,2.112023334782707,0.5235999999999998,56.853849999999994
2026-01-23 06:00:00,PUMP-004,West,Day,71,1.8202,59.9577,112.7826,72.2631,34.034,0,1.0,107.12,Healthy,Normal,1,2.0549166666666667,2.0633272736852324,0.5786999999999998,57.94646666666666
2026-01-23 12:00:00,PUMP-004,West,Night,71,2.4037,56.9267,109.7169,69.7523,34.088,0,1.0,91.4,Healthy,Normal,1,2.11015,2.122391066305485,0.5835000000000001,57.98868333333334
2026-01-23 18:00:00,PUMP-004,West,Day,71,2.3876,58.5823,112.2574,69.7838,35.7859,2,1.0,112.89,Warning,Normal,1,2.158716666666667,2.1730869882113173,0.5835000000000001,58.123133333333335
2026-01-24 00:00:00,PUMP-004,West,Night,71,2.763,61.1673,112.9651,74.3747,36.4497,1,1.0,138.98,Healthy,Normal,1,2.274783333333333,2.298447874472394,0.9427999999999999,58.720850000000006
2026-01-24 06:00:00,PUMP-004,West,Day,71,2.82,61.2147,104.7752,68.467,40.0352,3,1.0,67.85,Warning,Normal,1,2.3449666666666666,2.3767924667500946,0.9997999999999998,59.80083333333334
2026-01-24 12:00:00,PUMP-004,West,Day,71,2.9528,61.7441,114.0401,73.0449,39.24,0,1.0,81.04,Healthy,Normal,1,2.52455,2.5526826519696226,1.1325999999999998,59.93213333333333
2026-01-24 18:00:00,PUMP-004,West,Night,71,2.8821,66.0706,104.9015,72.8735,38.4072,0,1.0,100.31,Healthy,Normal,1,2.7015333333333333,2.7107964604521673,0.5651999999999999,60.95095
2026-01-25 00:00:00,PUMP-004,West,Day,71,2.9309,60.5309,107.4736,70.7414,36.2991,0,1.0,72.29,Healthy,Seal Leak,1,2.7894,2.7959168388920297,0.5651999999999999,61.551649999999995
2026-01-25 06:00:00,PUMP-004,West,Day,71,2.7406,61.7923,113.8166,71.2732,39.9234,2,1.0,64.52,Warning,Warning,1,2.848233333333333,2.8493613442313697,0.21219999999999972,62.08665
2026-01-25 12:00:00,PUMP-004,West,Night,71,3.1168,65.6957,101.6189,75.0741,43.0862,1,1.0,74.05,Warning,Seal Leak,1,2.9071999999999996,2.9095656508603938,0.37619999999999987,62.84138333333333
2026-01-25 18:00:00,PUMP-004,West,Day,71,3.574,64.5478,102.7401,74.119,38.2631,1,1.0,87.4,Warning,Warning,1,3.0328666666666666,3.0445171937982765,0.8333999999999997,63.396899999999995
2026-01-26 00:00:00,PUMP-004,West,Day,71,3.5644,66.4152,103.8873,76.2821,39.8921,2,1.0,63.53,Warning,Warning,1,3.1348,3.1517304553742114,0.8333999999999997,64.17541666666666
2026-01-26 06:00:00,PUMP-004,West,Day,71,3.4427,69.0811,105.4047,76.3654,40.825,3,1.0,56.42,Warning,Warning,1,3.2282333333333333,3.244125769756777,0.8333999999999997,64.67716666666666
2026-01-26 12:00:00,PUMP-004,West,Day,71,3.8387,69.068,103.9648,74.035,41.7546,3,1.0,59.71,Warning,Warning,1,3.379533333333333,3.3983220109342196,1.0980999999999996,66.10001666666666
2026-01-26 18:00:00,PUMP-004,West,Day,71,3.7668,66.5664,99.6209,72.207,41.9982,2,1.0,20.4,Warning,Warning,1,3.5505666666666666,3.5583106670628597,0.7218999999999998,66.89569999999999
2026-01-27 00:00:00,PUMP-004,West,Night,71,4.0187,69.2583,100.9804,78.2883,41.1362,4,1.0,26.47,Critical,Bearing Wear,1,3.7008833333333335,3.7059626790259683,0.5760000000000001,67.48946666666667
2026-01-27 06:00:00,PUMP-004,West,Day,71,4.2434,71.6967,103.0189,76.8049,43.4331,1,1.0,7.74,Critical,Seal Leak,1,3.81245,3.821821638738958,0.8007000000000004,68.68095000000001
2026-01-27 12:00:00,PUMP-004,West,Day,71,3.9921,72.7715,102.1324,79.8717,40.8255,1,1.0,25.71,Warning,Seal Leak,1,3.8837333333333333,3.8916542943415036,0.8007000000000004,69.74033333333334
2026-01-27 18:00:00,PUMP-004,West,Day,71,4.0278,71.177,104.3053,81.9699,40.7754,1,1.0,0.0,Warning,Bearing Wear,1,3.9812500000000006,3.9841525328481087,0.47660000000000036,70.08965
2026-01-28 00:00:00,PUMP-004,West,Day,71,4.7673,73.0675,101.3119,74.7844,42.5785,4,1.0,29.97,Critical,Bearing Wear,1,4.136016666666667,4.147938444376114,1.0004999999999997,70.75623333333334
2026-01-28 06:00:00,PUMP-004,West,Day,71,4.7927,69.8805,94.9904,78.9568,43.0207,1,1.0,13.32,Critical,Seal Leak,1,4.307,4.320755163163032,0.8005999999999998,71.30858333333335
2026-01-01 00:00:00,PUMP-005,North,Day,28,2.368,59.2634,121.0121,72.8336,35.9107,0,1.0,667.9,Healthy,Normal,0,2.368,2.368,0.0,59.2634
2026-01-01 06:00:00,PUMP-005,North,Day,28,2.2409,60.2198,118.4074,67.412,34.6455,0,1.0,658.27,Healthy,Normal,0,2.30445,2.305326095154436,0.1271,59.7416
2026-01-01 12:00:00,PUMP-005,North,Day,28,2.3448,60.3112,119.6417,69.6825,35.5539,0,1.0,681.19,Healthy,Normal,0,2.3179,2.3185587369455765,0.1271,59.931466666666665
2026-01-01 18:00:00,PUMP-005,North,Day,28,2.1405,63.1348,117.8699,64.6314,35.8684,0,1.0,621.21,Healthy,Normal,0,2.27355,2.275350747687046,0.22750000000000004,60.732299999999995
2026-01-02 00:00:00,PUMP-005,North,Day,28,2.1936,58.4684,112.6866,69.1988,36.1281,0,1.0,663.58,Healthy,Normal,0,2.2575600000000002,2.259237263325833,0.22750000000000004,60.279520000000005
2026-01-02 06:00:00,PUMP-005,North,Night,28,2.1037,60.6226,113.1875,71.6425,34.3427,0,1.0,671.18,Healthy,Normal,0,2.2319166666666668,2.23406649968169,0.2643,60.3367
2026-01-02 12:00:00,PUMP-005,North,Night,28,2.2523,62.9076,118.6945,71.2946,36.0246,0,1.0,635.76,Healthy,Normal,0,2.2126333333333332,2.214036661846411,0.24110000000000031,60.944066666666664
2026-01-02 18:00:00,PUMP-005,North,Day,28,1.857,60.5271,113.5169,70.735,34.1774,0,1.0,629.73,Healthy,Normal,0,2.14865,2.1540104545552543,0.48780000000000023,60.99528333333333
2026-01-03 00:00:00,PUMP-005,North,Day,28,2.1455,62.0284,114.84,70.1291,34.6265,0,1.0,618.29,Healthy,Normal,0,2.1154333333333333,2.1191055282831006,0.3953,61.281483333333334
2026-01-03 06:00:00,PUMP-005,North,Day,28,1.8684,57.2596,109.1373,67.5704,36.8785,0,1.0,638.83,Healthy,Normal,0,2.0700833333333333,2.075766033299514,0.3953,60.30228333333334
2026-01-03 12:00:00,PUMP-005,North,Night,28,2.0626,60.4899,119.8727,71.5238,33.8688,0,1.0,638.84,Healthy,Normal,0,2.04825,2.0532602347648647,0.3953,60.639199999999995
2026-01-03 18:00:00,PUMP-005,North,Day,28,1.8001,57.9179,113.8142,66.5577,37.8936,0,1.0,605.42,Healthy,Normal,0,1.9976500000000001,2.0045810813401057,0.45219999999999994,60.18841666666666
2026-01-04 00:00:00,PUMP-005,North,Day,28,1.6845,59.3646,116.4214,68.502,36.3099,0,1.0,580.25,Healthy,Normal,0,1.9030166666666666,1.9093959267265659,0.4610000000000001,59.59791666666666
2026-01-04 06:00:00,PUMP-005,North,Day,28,1.8889,61.0025,117.6054,72.0432,37.1061,0,1.0,616.42,Healthy,Normal,0,1.9083333333333334,1.91460400779552,0.4610000000000001,59.677150000000005
2026-01-04 12:00:00,PUMP-005,North,Day,28,1.8971,61.1634,118.8251,72.5281,36.5551,0,1.0,547.21,Healthy,Normal,0,1.8669333333333336,1.8703862880877489,0.3781000000000001,59.532983333333334
2026-01-04 18:00:00,PUMP-005,North,Night,28,2.1894,62.5768,117.975,69.3,34.827,0,1.0,540.31,Healthy,Normal,0,1.9204333333333334,1.9275469298221164,0.5048999999999999,60.419183333333336
2026-01-05 00:00:00,PUMP-005,North,Day,28,2.3226,56.2579,117.3607,69.9078,34.9822,0,1.0,565.59,Healthy,Normal,0,1.9637666666666667,1.9762243040707703,0.6380999999999999,59.71385
2026-01-05 06:00:00,PUMP-005,North,Day,28,2.0919,56.1989,114.8248,72.2615,35.1195,0,1.0,526.57,Healthy,Normal,0,2.0124,2.0235472402030386,0.6380999999999999,59.42735000000001
2026-01-05 12:00:00,PUMP-005,North,Night,28,2.2702,59.0928,116.6983,68.1505,34.6073,1,1.0,576.83,Healthy,Normal,0,2.1100166666666667,2.1167872035233017,0.4337,59.38205
2026-01-05 18:00:00,PUMP-005,North,Day,28,2.1267,60.2262,123.6832,68.4628,36.4145,0,1.0,552.09,Healthy,Normal,0,2.14965,2.1540519209929303,0.4255,59.25266666666667
2026-01-06 00:00:00,PUMP-005,North,Day,28,2.2267,60.3933,116.64,69.1777,34.0851,0,1.0,554.93,Healthy,Normal,0,2.2045833333333333,2.206008558082523,0.23070000000000013,59.124316666666665
2026-01-06 06:00:00,PUMP-005,North,Day,28,2.1664,61.9579,114.2913,70.6519,34.5522,0,1.0,550.57,Healthy,Normal,0,2.2007499999999998,2.202220816584931,0.23070000000000013,59.021166666666666
2026-01-06 12:00:00,PUMP-005,North,Day,28,1.965,61.625,116.6758,68.5059,34.2454,0,1.0,506.51,Healthy,Normal,0,2.14115,2.1434167968456346,0.3051999999999999,59.915683333333334
2026-01-06 18:00:00,PUMP-005,North,Night,28,2.5802,62.4856,116.4533,69.2685,36.6576,0,1.0,494.01,Healthy,Normal,0,2.2225333333333332,2.2303512361658795,0.6152,60.96346666666667
2026-01-07 00:00:00,PUMP-005,North,Night,28,2.2233,61.1485,123.7625,70.3932,35.8417,0,1.0,492.78,Healthy,Normal,0,2.2147166666666664,2.2224631481759154,0.6152,61.30608333333333
2026-01-07 06:00:00,PUMP-005,North,Night,28,2.1781,60.2637,118.8629,66.8798,33.8405,0,1.0,533.15,Healthy,Normal,0,2.2232833333333333,2.230744322343255,0.6152,61.312333333333335
2026-01-07 12:00:00,PUMP-005,North,Night,28,2.2914,59.6079,118.2674,67.1841,35.3537,0,1.0,489.72,Healthy,Normal,0,2.2340666666666666,2.241637885564928,0.6152,61.18143333333333
2026-01-07 18:00:00,PUMP-005,North,Night,28,2.2063,63.8699,117.497,68.4057,35.7567,0,1.0,501.63,Healthy,Normal,0,2.2407166666666667,2.2481145133199956,0.6152,61.5001
2026-01-08 00:00:00,PUMP-005,North,Day,28,1.8274,58.0712,117.0227,69.6199,35.2073,0,1.0,490.54,Healthy,Normal,0,2.2177833333333337,2.2286871677439763,0.7528000000000001,60.9078
2026-01-08 06:00:00,PUMP-005,North,Day,28,2.0693,60.5224,115.6106,71.3158,36.526,0,1.0,495.3,Healthy,Normal,0,2.1326333333333336,2.138022817152957,0.46399999999999997,60.5806
2026-01-08 12:00:00,PUMP-005,North,Day,28,2.2156,60.8637,117.2061,70.5634,37.4889,0,1.0,495.08,Healthy,Normal,0,2.13135,2.1366901924081865,0.46399999999999997,60.53313333333333
2026-01-08 18:00:00,PUMP-005,North,Day,28,2.1619,58.3206,117.2912,69.7838,32.8986,0,1.0,477.78,Healthy,Normal,0,2.12865,2.1339463391410134,0.46399999999999997,60.20928333333333
2026-01-09 00:00:00,PUMP-005,North,Day,28,2.3421,57.6155,114.5917,63.9919,35.3267,0,1.0,480.24,Healthy,Normal,0,2.1370999999999998,2.14310057004643,0.5146999999999999,59.87721666666667
2026-01-09 06:00:00,PUMP-005,North,Night,28,2.3321,60.0521,116.2261,72.3602,35.9723,1,1.0,472.59,Healthy,Normal,0,2.1580666666666666,2.165187098920861,0.5146999999999999,59.240916666666664
2026-01-09 12:00:00,PUMP-005,North,Night,28,2.587,60.0229,114.8051,67.2746,36.7727,1,1.0,436.37,Healthy,Normal,0,2.284666666666667,2.290610882130209,0.5177,59.5662
2026-01-09 18:00:00,PUMP-005,North,Day,28,2.0476,60.8209,118.1757,68.2103,38.5906,0,1.0,431.38,Healthy,Normal,0,2.28105,2.2873584673883833,0.5394000000000001,59.61595
2026-01-10 00:00:00,PUMP-005,North,Day,28,2.317,62.4478,117.6678,71.2852,36.7819,0,1.0,430.87,Healthy,Normal,0,2.29795,2.30404203484514,0.5394000000000001,59.87996666666667
2026-01-10 06:00:00,PUMP-005,North,Night,28,2.0676,61.9405,121.0691,68.3753,34.973,0,1.0,420.42,Healthy,Normal,0,2.2822333333333336,2.2895711512566423,0.5394000000000001,60.48328333333333
2026-01-10 12:00:00,PUMP-005,North,Night,28,2.2414,61.2563,117.2427,72.3231,35.574,0,1.0,455.45,Healthy,Normal,0,2.26545,2.2727097589294885,0.5394000000000001,61.09008333333333
2026-01-10 18:00:00,PUMP-005,North,Night,28,2.0392,60.5416,117.3036,67.5786,35.1473,1,1.0,450.22,Healthy,Normal,0,2.2166333333333332,2.225267928437682,0.5478000000000001,61.171666666666674
2026-01-11 00:00:00,PUMP-005,North,Day,28,2.0609,66.0213,118.5868,69.1246,37.988,0,1.0,417.74,Healthy,Normal,0,2.12895,2.1317302803904,0.27780000000000005,62.171400000000006
2026-01-11 06:00:00,PUMP-005,North,Night,28,2.1563,56.792,116.135,73.3454,36.5265,0,1.0,430.45,Healthy,Normal,0,2.147066666666667,2.149519630832278,0.27780000000000005,61.49991666666667
2026-01-11 12:00:00,PUMP-005,North,Day,28,2.1522,62.2127,121.3491,71.0488,34.1357,1,1.0,440.29,Healthy,Normal,0,2.1196,2.120773589204342,0.20219999999999994,61.46073333333333
2026-01-11 18:00:00,PUMP-005,North,Night,28,2.2319,57.8643,113.873,69.7835,36.7051,1,1.0,400.23,Healthy,Normal,0,2.1469833333333335,2.1483517538646537,0.20219999999999994,60.78136666666666
2026-01-12 00:00:00,PUMP-005,North,Night,28,2.0183,58.5688,113.7051,68.825,36.5739,0,1.0,446.4,Healthy,Normal,0,2.1098,2.1111668369253374,0.2136,60.33345
2026-01-12 06:00:00,PUMP-005,North,Day,28,2.304,59.9466,112.4591,75.4184,35.9595,1,1.0,398.82,Healthy,Normal,0,2.1539333333333333,2.156085644557439,0.28569999999999984,60.23428333333333
2026-01-12 12:00:00,PUMP-005,North,Day,28,2.4691,61.6097,120.5193,71.3255,34.5954,0,1.0,404.24,Healthy,Normal,0,2.221966666666667,2.226408836370056,0.4508000000000001,59.49901666666667
2026-01-12 18:00:00,PUMP-005,North,Day,28,1.7921,56.1304,118.7062,68.1391,33.2152,0,1.0,327.12,Healthy,Normal,0,2.1612666666666667,2.1719181445594735,0.677,59.388749999999995
2026-01-13 00:00:00,PUMP-005,North,Day,28,2.0409,59.8199,120.7561,72.5809,35.519,0,1.0,364.79,Healthy,Normal,0,2.142716666666667,2.1539374228762234,0.677,58.98995
2026-01-13 06:00:00,PUMP-005,North,Night,28,2.1532,59.6958,122.5277,72.7819,36.6684,1,1.0,327.05,Healthy,Normal,0,2.1296,2.1405439791479797,0.677,59.2952
2026-01-13 12:00:00,PUMP-005,North,Day,28,2.676,57.6575,115.0787,70.9632,36.5561,0,1.0,376.04,Healthy,Normal,0,2.239216666666667,2.257543365031999,0.8839000000000001,59.143316666666664
2026-01-13 18:00:00,PUMP-005,North,Night,28,2.3864,61.1803,114.1008,73.2378,37.7211,0,1.0,349.1,Healthy,Normal,0,2.2529500000000002,2.2717651444783344,0.8839000000000001,59.34893333333333
2026-01-14 00:00:00,PUMP-005,North,Day,28,2.073,60.9574,117.6724,68.0484,34.532,1,1.0,348.65,Healthy,Normal,0,2.186933333333333,2.2047817511037233,0.8839000000000001,59.24021666666667
2026-01-14 06:00:00,PUMP-005,North,Day,28,2.1773,58.6748,122.8367,69.3843,35.3932,1,1.0,360.97,Healthy,Normal,0,2.251133333333333,2.261835106721973,0.6351,59.66428333333334
2026-01-14 12:00:00,PUMP-005,North,Day,28,1.7744,61.8156,123.0004,69.1503,36.4085,1,1.0,357.63,Healthy,Normal,0,2.206716666666667,2.224058259503709,0.9016000000000002,59.996900000000004
2026-01-14 18:00:00,PUMP-005,North,Day,28,1.9664,58.9443,114.6827,70.7881,37.6212,0,1.0,360.51,Healthy,Normal,0,2.1755833333333334,2.1950349112637517,0.9016000000000002,59.87165000000001
2026-01-15 00:00:00,PUMP-005,North,Night,28,2.2482,63.2314,118.9778,69.1101,37.0727,0,1.0,333.08,Healthy,Normal,0,2.1042833333333335,2.1135474448582094,0.6120000000000001,60.80063333333334
2026-01-15 06:00:00,PUMP-005,North,Day,28,2.3407,55.2334,120.4326,68.9334,35.4255,0,1.0,335.14,Healthy,Normal,0,2.0966666666666662,2.1050126024959246,0.5663,59.80948333333333
2026-01-15 12:00:00,PUMP-005,North,Day,28,2.0637,60.5489,115.9697,66.3801,34.788,0,1.0,310.21,Healthy,Normal,0,2.0951166666666667,2.103489047194367,0.5663,59.7414
2026-01-15 18:00:00,PUMP-005,North,Day,28,2.0401,58.6169,123.5996,69.5672,35.3793,0,1.0,323.34,Healthy,Normal,0,2.07225,2.0804394467675973,0.5663,59.731750000000005
2026-01-16 00:00:00,PUMP-005,North,Night,28,2.179,59.9125,118.495,74.8108,36.4707,1,1.0,299.09,Healthy,Normal,0,2.139683333333333,2.143552945851039,0.3743000000000001,59.414566666666666
2026-01-16 06:00:00,PUMP-005,North,Night,28,2.2439,60.3547,117.4571,69.879,36.8583,0,1.0,316.74,Healthy,Normal,0,2.1859333333333333,2.188503051555256,0.3006000000000002,59.649633333333334
2026-01-16 12:00:00,PUMP-005,North,Day,28,1.9583,59.9842,112.176,70.2679,34.6935,0,1.0,262.92,Healthy,Normal,0,2.1376166666666667,2.141565209918515,0.3824000000000001,59.10843333333333
2026-01-16 18:00:00,PUMP-005,North,Night,28,2.2795,56.7238,124.1732,67.2587,38.14,0,1.0,268.14,Healthy,Normal,0,2.1274166666666665,2.130534089925184,0.32120000000000015,59.356833333333334
2026-01-17 00:00:00,PUMP-005,North,Day,28,2.1145,58.9563,117.6649,69.4253,33.1459,0,1.0,277.95,Healthy,Normal,0,2.1358833333333336,2.138819986581386,0.32120000000000015,59.0914
2026-01-17 06:00:00,PUMP-005,North,Day,28,1.9863,60.4492,114.3428,64.8131,36.57,0,1.0,274.79,Healthy,Normal,0,2.126916666666667,2.130363243283486,0.32120000000000015,59.39678333333333
2026-01-17 12:00:00,PUMP-005,North,Day,28,2.1032,57.1678,113.8623,68.2734,37.1815,0,1.0,274.75,Healthy,Normal,0,2.1142833333333333,2.117628175184051,0.32120000000000015,58.93933333333334
2026-01-17 18:00:00,PUMP-005,North,Night,28,2.2406,60.5222,116.2294,68.6283,32.939,0,1.0,247.24,Healthy,Normal,0,2.1137333333333337,2.117045727737909,0.32120000000000015,58.96725
2026-01-18 00:00:00,PUMP-005,North,Day,28,2.0625,61.129,111.9634,68.6433,34.4092,0,1.0,230.98,Healthy,Normal,0,2.1311,2.133473812041448,0.2932000000000001,59.158049999999996
2026-01-18 06:00:00,PUMP-005,North,Night,28,1.9047,59.6738,115.8596,66.9539,38.7227,0,1.0,234.6,Healthy,Normal,0,2.0686333333333335,2.0713129845583453,0.3359000000000001,59.64971666666667
2026-01-18 12:00:00,PUMP-005,North,Day,28,2.2172,59.1192,116.5403,71.4053,33.7194,0,1.0,235.62,Healthy,Normal,0,2.08575,2.0891342094274363,0.3359000000000001,59.67686666666666
2026-01-18 18:00:00,PUMP-005,North,Day,28,1.8936,58.1423,113.3775,70.5757,36.0924,0,1.0,258.34,Healthy,Normal,0,2.0703,2.0747378846495286,0.3470000000000002,59.29238333333333
2026-01-19 00:00:00,PUMP-005,North,Day,28,2.0785,58.9659,115.0922,73.5583,35.8847,0,1.0,240.8,Healthy,Normal,0,2.0661833333333335,2.070585092431606,0.3470000000000002,59.59206666666666
2026-01-19 06:00:00,PUMP-005,North,Day,28,2.0772,56.7483,122.7024,69.6891,37.045,0,1.0,225.96,Healthy,Normal,0,2.03895,2.041992786063,0.3236000000000001,58.96308333333334
2026-01-19 12:00:00,PUMP-005,North,Day,28,2.3097,60.3645,118.8817,73.1238,37.6189,0,1.0,250.12,Healthy,Normal,0,2.0801499999999997,2.085633999131519,0.4160999999999999,58.83566666666667
2026-01-19 18:00:00,PUMP-005,North,Night,28,1.9965,61.2215,118.1747,66.8018,35.7358,0,1.0,211.28,Healthy,Normal,0,2.09545,2.099894649341565,0.4160999999999999,59.09361666666666
2026-01-20 00:00:00,PUMP-005,North,Day,28,2.1824,60.4843,124.429,71.9501,35.4079,1,1.0,227.1,Healthy,Normal,0,2.08965,2.093809890685717,0.4160999999999999,59.321133333333336
2026-01-20 06:00:00,PUMP-005,North,Day,28,1.6987,59.7371,113.8874,70.233,34.4912,0,1.0,197.54,Healthy,Normal,0,2.057166666666667,2.065756515177914,0.6109999999999998,59.58693333333333
2026-01-20 12:00:00,PUMP-005,North,Night,28,2.2632,59.1042,116.1867,67.181,36.7959,2,1.0,198.43,Warning,Normal,0,2.0879499999999998,2.097856519958725,0.6109999999999998,59.60998333333333
2026-01-20 18:00:00,PUMP-005,North,Night,28,2.3851,61.7505,116.3985,73.044,35.5908,0,1.0,173.08,Healthy,Normal,0,2.1392666666666664,2.151741699182316,0.6863999999999999,60.44368333333333
2026-01-21 00:00:00,PUMP-005,North,Night,28,2.375,66.0073,113.1646,71.5034,35.6315,0,1.0,158.72,Healthy,Normal,1,2.15015,2.1635566763241183,0.6863999999999999,61.38415
2026-01-21 06:00:00,PUMP-005,North,Day,28,2.5188,62.5709,113.7611,72.8347,37.4541,1,1.0,163.65,Healthy,Normal,1,2.2372,2.2525617320434677,0.8201,61.60905
2026-01-21 12:00:00,PUMP-005,North,Night,28,2.6121,61.6369,121.2337,68.9477,37.7351,0,1.0,125.77,Healthy,Normal,1,2.3088166666666665,2.327530980459766,0.9133999999999998,61.80115
2026-01-21 18:00:00,PUMP-005,North,Day,28,2.4639,61.5128,115.8157,68.4783,36.6937,2,1.0,197.71,Warning,Normal,0,2.43635,2.4389076895883806,0.3489,62.097100000000005
2026-01-22 00:00:00,PUMP-005,North,Night,28,2.5357,65.3768,111.6427,75.5927,38.6403,1,1.0,141.47,Healthy,Normal,1,2.4817666666666667,2.4831876207809995,0.23709999999999987,63.142533333333326
2026-01-22 06:00:00,PUMP-005,North,Day,28,2.7355,66.7001,110.9863,72.3918,39.1547,2,1.0,191.73,Warning,Normal,0,2.5401666666666665,2.5426883017782576,0.36050000000000004,63.96746666666667
2026-01-22 12:00:00,PUMP-005,North,Night,28,3.0822,63.1926,114.3428,72.1374,38.1504,1,1.0,149.67,Warning,Normal,1,2.6580333333333335,2.666174370391654,0.6182999999999996,63.49835000000001
2026-01-22 18:00:00,PUMP-005,North,Night,28,2.8989,68.2462,115.9828,73.3946,40.7847,0,1.0,138.19,Healthy,Normal,1,2.7213833333333333,2.72977967395417,0.6182999999999996,64.44423333333333
2026-01-23 00:00:00,PUMP-005,North,Day,28,2.8559,66.6786,108.2433,74.5883,39.981,0,1.0,176.47,Healthy,Normal,0,2.7620166666666663,2.7701769140255283,0.6182999999999996,65.28451666666668
2026-01-23 06:00:00,PUMP-005,North,Night,28,3.297,66.8592,102.0438,76.1312,38.9186,0,1.0,102.12,Warning,Warning,1,2.900866666666667,2.9109759703577076,0.7613000000000003,66.17558333333334
2026-01-23 12:00:00,PUMP-005,North,Night,28,3.3447,70.6027,117.1022,74.3728,39.6019,1,1.0,104.54,Warning,Warning,1,3.0357000000000003,3.0441181043667362,0.6092,67.04656666666666
2026-01-23 18:00:00,PUMP-005,North,Day,28,3.2341,68.7668,111.1976,66.7502,39.4323,0,1.0,103.3,Warning,Bearing Wear,1,3.1188,3.124536572570936,0.4887999999999999,67.39101666666667
2026-01-24 00:00:00,PUMP-005,North,Night,28,3.506,69.3362,114.0478,74.9249,38.1519,0,1.0,119.45,Warning,Bearing Wear,1,3.1894333333333336,3.1981362259916324,0.6500999999999997,68.41494999999999
2026-01-24 06:00:00,PUMP-005,North,Day,28,3.589,69.2838,114.4398,73.6846,40.291,2,1.0,113.0,Warning,Warning,1,3.3044499999999997,3.3127468891641367,0.7330999999999999,68.58788333333334
2026-01-24 12:00:00,PUMP-005,North,Day,28,3.5728,69.065,112.0436,76.6344,39.3601,1,1.0,50.63,Warning,Warning,1,3.4239333333333337,3.426720656351589,0.35489999999999977,68.98561666666667
2026-01-24 18:00:00,PUMP-005,North,Day,28,3.6047,71.1709,108.4167,75.3453,38.6099,0,1.0,117.36,Warning,Bearing Wear,1,3.475216666666667,3.477981690339001,0.3705999999999996,69.70423333333333
2026-01-25 00:00:00,PUMP-005,North,Day,28,4.0577,69.9825,105.9506,73.9149,42.6406,0,1.0,108.07,Warning,Bearing Wear,1,3.5940499999999997,3.6022227172955312,0.8235999999999994,69.60086666666666
2026-01-25 06:00:00,PUMP-005,North,Night,28,3.6751,71.3517,108.1062,77.4006,43.1208,1,1.0,59.11,Warning,Warning,1,3.66755,3.672034137232387,0.5516999999999999,70.03168333333333
2026-01-25 12:00:00,PUMP-005,North,Day,28,3.5522,69.0777,104.1513,73.0184,41.2113,1,1.0,97.05,Warning,Warning,1,3.6752499999999997,3.6794269723694746,0.5054999999999996,69.98859999999999
2026-01-25 18:00:00,PUMP-005,North,Day,28,4.2274,71.3663,110.065,75.9563,40.9408,2,1.0,61.92,Critical,Warning,1,3.7816500000000004,3.7907582097780916,0.6752000000000002,70.33568333333334
2026-01-26 00:00:00,PUMP-005,North,Night,28,4.3072,73.9227,104.7958,76.6074,41.1099,1,1.0,74.9,Critical,Warning,1,3.90405,3.9159111079032427,0.7549999999999999,71.1453
2026-01-26 06:00:00,PUMP-005,North,Day,28,4.059,74.6427,103.4232,82.3431,42.6945,3,1.0,115.46,Warning,Seal Leak,1,3.979766666666667,3.9893144302415338,0.7549999999999999,71.72393333333333
2026-01-26 12:00:00,PUMP-005,North,Day,28,4.2357,74.6938,110.1944,77.6969,42.8003,0,1.0,74.29,Critical,Seal Leak,1,4.009433333333333,4.0200332283038,0.7549999999999999,72.50914999999999
2026-01-26 18:00:00,PUMP-005,North,Night,28,4.2711,73.7632,102.6174,75.4603,40.1127,3,1.0,34.97,Critical,Bearing Wear,1,4.108766666666667,4.117036517933743,0.7549999999999999,72.91106666666667
2026-01-27 00:00:00,PUMP-005,North,Night,28,4.4463,76.1072,107.0477,77.1477,43.6471,2,1.0,79.5,Critical,Bearing Wear,1,4.257783333333333,4.259330874484082,0.38729999999999976,74.08265
2026-01-27 06:00:00,PUMP-005,North,Night,28,4.6565,76.7931,102.7297,75.7808,43.1361,3,1.0,44.0,Critical,Seal Leak,1,4.3293,4.333272021617537,0.5975000000000001,74.98711666666667
2026-01-27 12:00:00,PUMP-005,North,Day,28,4.4833,77.0182,104.057,71.5942,41.3218,2,1.0,0.0,Critical,Bearing Wear,1,4.35865,4.362940245789912,0.5975000000000001,75.50303333333333
2026-01-27 18:00:00,PUMP-005,North,Day,28,4.6911,76.4888,102.4531,77.5107,45.9568,2,1.0,36.75,Critical,Misalignment,1,4.4639999999999995,4.467333726433848,0.4554,75.81071666666666
2026-01-28 00:00:00,PUMP-005,North,Day,28,4.7089,77.1652,102.127,78.2135,42.9357,2,1.0,41.53,Critical,Bearing Wear,1,4.542866666666667,4.545602425421739,0.4378000000000002,76.22261666666667
2026-01-28 06:00:00,PUMP-005,North,Day,28,4.9583,78.6788,103.8642,75.4394,45.7717,3,1.0,19.11,Critical,Bearing Wear,1,4.6574,4.660426520895557,0.5120000000000005,77.04188333333333
2026-01-01 00:00:00,PUMP-006,South,Day,86,1.6972,68.7266,121.0465,73.682,36.28,1,1.0,668.17,Healthy,Normal,0,1.6972,1.6972,0.0,68.7266
2026-01-01 06:00:00,PUMP-006,South,Day,86,1.8326,68.1061,123.3796,66.9962,35.9,1,1.0,624.55,Healthy,Normal,0,1.7649,1.7661979787102011,0.13539999999999996,68.41635
2026-01-01 12:00:00,PUMP-006,South,Day,86,1.9317,66.9414,120.8355,66.9662,36.0167,0,1.0,634.1,Healthy,Normal,0,1.8205,1.8230355171160728,0.23449999999999993,67.9247
2026-01-01 18:00:00,PUMP-006,South,Day,86,1.3154,68.1386,126.0933,72.6249,34.767,0,1.0,621.69,Healthy,Normal,0,1.6942249999999999,1.7103108379765357,0.6163000000000001,67.978175
2026-01-02 00:00:00,PUMP-006,South,Night,86,1.8886,66.9726,128.3933,69.967,37.3636,0,1.0,667.88,Healthy,Normal,0,1.7330999999999999,1.7474245397155208,0.6163000000000001,67.77706
2026-01-02 06:00:00,PUMP-006,South,Day,86,1.7664,65.7959,126.2028,70.1545,35.4586,0,1.0,630.95,Healthy,Normal,0,1.73865,1.750601399995632,0.6163000000000001,67.44686666666666
2026-01-02 12:00:00,PUMP-006,South,Day,86,1.4509,70.2047,125.9095,71.3354,34.0707,0,1.0,640.14,Healthy,Normal,0,1.6975999999999998,1.7132938325537352,0.6163000000000001,67.69321666666666
2026-01-02 18:00:00,PUMP-006,South,Night,86,1.8598,68.2916,124.0982,68.959,35.6562,0,1.0,663.36,Healthy,Normal,0,1.7021333333333333,1.7181718879863757,0.6163000000000001,67.72413333333334
2026-01-03 00:00:00,PUMP-006,South,Night,86,1.6148,64.9696,123.518,66.2867,34.9722,0,1.0,636.43,Healthy,Normal,0,1.6493166666666665,1.6627688739970246,0.5732000000000002,67.39550000000001
2026-01-03 06:00:00,PUMP-006,South,Night,86,2.0379,67.2645,122.8297,66.467,34.4052,0,1.0,585.16,Healthy,Normal,0,1.7697333333333336,1.780054363402047,0.587,67.24981666666667
2026-01-03 12:00:00,PUMP-006,South,Day,86,1.9888,65.4915,126.5281,69.2609,35.7183,1,1.0,605.63,Healthy,Normal,0,1.7864333333333333,1.7981507491494328,0.587,67.00296666666667
2026-01-03 18:00:00,PUMP-006,South,Day,86,1.6114,65.6603,124.5352,69.4864,33.7657,0,1.0,578.01,Healthy,Normal,0,1.7606,1.7737210274824315,0.587,66.98036666666667
2026-01-04 00:00:00,PUMP-006,South,Day,86,1.7186,66.9748,123.2017,69.235,39.0149,0,1.0,616.5,Healthy,Normal,0,1.8052166666666667,1.813146107828416,0.4265000000000001,66.44205000000001
2026-01-04 06:00:00,PUMP-006,South,Night,86,1.722,64.7689,122.6917,68.9781,37.3118,0,1.0,569.45,Healthy,Normal,0,1.7822500000000001,1.7903175142043006,0.4265000000000001,65.85493333333334
2026-01-04 12:00:00,PUMP-006,South,Day,86,1.7778,67.3087,124.1778,69.3598,36.6179,0,1.0,570.57,Healthy,Normal,0,1.8094166666666665,1.81587511547463,0.4265000000000001,66.24478333333333
2026-01-04 18:00:00,PUMP-006,South,Night,86,1.9343,69.0499,128.4534,66.6253,34.457,0,1.0,590.52,Healthy,Normal,0,1.7921500000000001,1.7968905870048588,0.37739999999999996,66.54235
2026-01-05 00:00:00,PUMP-006,South,Day,86,1.9859,69.0784,127.5491,68.9749,33.0849,1,1.0,559.61,Healthy,Normal,0,1.7916666666666667,1.7963559437557655,0.37450000000000006,67.14016666666667
2026-01-05 06:00:00,PUMP-006,South,Night,86,2.1886,68.3402,122.9762,68.8201,35.8672,1,1.0,549.43,Healthy,Normal,0,1.8878666666666666,1.8953771858568593,0.4700000000000002,67.58681666666666
2026-01-05 12:00:00,PUMP-006,South,Night,86,2.1807,67.1112,120.2151,69.8819,36.3937,0,1.0,560.1,Healthy,Normal,0,1.964883333333333,1.973009317007905,0.4666000000000001,67.60955
2026-01-05 18:00:00,PUMP-006,South,Day,86,1.909,64.452,121.3451,72.5819,37.6744,0,1.0,510.1,Healthy,Normal,0,1.99605,2.0014824335143855,0.41080000000000005,67.55673333333333
2026-01-06 00:00:00,PUMP-006,South,Day,86,1.9983,65.1787,132.6729,71.2335,35.4598,0,1.0,533.84,Healthy,Normal,0,2.0328,2.0358545151033427,0.27960000000000007,67.20173333333334
2026-01-06 06:00:00,PUMP-006,South,Night,86,2.0912,65.2107,127.7739,68.8003,35.6298,1,1.0,488.65,Healthy,Normal,0,2.05895,2.0615456414221507,0.27960000000000007,66.56186666666666
2026-01-06 12:00:00,PUMP-006,South,Day,86,1.9391,66.7736,129.4788,72.5989,34.8383,0,1.0,571.73,Healthy,Normal,0,2.05115,2.054106966948573,0.27960000000000007,66.17773333333334
2026-01-06 18:00:00,PUMP-006,South,Day,86,2.247,66.9632,118.7897,71.4004,34.7343,0,1.0,506.96,Healthy,Normal,0,2.0608833333333334,2.0645892097460936,0.33799999999999986,65.94823333333333
2026-01-07 00:00:00,PUMP-006,South,Day,86,1.7874,65.6498,126.8927,69.0582,34.4471,0,1.0,507.85,Healthy,Normal,0,1.9953333333333332,2.000604821047875,0.4595999999999998,65.70466666666668
2026-01-07 06:00:00,PUMP-006,South,Night,86,1.7108,68.7074,116.58,68.9734,35.1317,0,1.0,496.52,Healthy,Normal,0,1.9623,1.9704937426949622,0.5361999999999998,66.41390000000001
2026-01-07 12:00:00,PUMP-006,South,Night,86,1.837,122.9829,127.1447,66.0635,38.6608,0,1.0,493.93,Healthy,Normal,0,1.9354166666666668,1.9441553285853133,0.5361999999999998,76.04793333333333
2026-01-07 18:00:00,PUMP-006,South,Day,86,1.9249,65.9288,129.4178,66.4112,35.9078,1,1.0,487.71,Healthy,Normal,0,1.9077,1.9153138219797472,0.5361999999999998,76.16761666666667
2026-01-08 00:00:00,PUMP-006,South,Night,86,1.9035,68.3323,126.6188,67.9467,35.6389,0,1.0,508.72,Healthy,Normal,0,1.9017666666666668,1.9093526677908406,0.5361999999999998,76.4274
2026-01-08 06:00:00,PUMP-006,South,Day,86,1.9175,63.9559,120.4942,70.9768,34.8586,0,1.0,467.26,Healthy,Normal,0,1.8468499999999999,1.8484932111497372,0.21409999999999996,75.92618333333333
2026-01-08 12:00:00,PUMP-006,South,Day,86,1.6212,69.8331,127.7054,69.0357,34.6925,1,1.0,458.8,Healthy,Normal,0,1.8191499999999998,1.8227750633763526,0.3037000000000001,76.62339999999999
2026-01-08 18:00:00,PUMP-006,South,Day,86,2.0721,66.098,122.6837,69.0195,32.3262,1,1.0,454.21,Healthy,Normal,0,1.8793666666666666,1.884224657518312,0.45089999999999986,76.1885
2026-01-09 00:00:00,PUMP-006,South,Day,86,2.0844,68.2962,130.9471,69.8787,37.4195,0,1.0,450.89,Healthy,Normal,0,1.9206,1.9266538229099004,0.46320000000000006,67.07405
2026-01-09 06:00:00,PUMP-006,South,Day,86,1.578,64.7956,126.4596,68.1041,36.5265,0,1.0,513.05,Healthy,Normal,0,1.8627833333333335,1.8733576678431343,0.5064,66.88518333333333
2026-01-09 12:00:00,PUMP-006,South,Night,86,2.128,65.0383,126.4289,72.3449,36.5869,0,1.0,429.72,Healthy,Normal,0,1.9002,1.913194774018927,0.55,66.33618333333334
2026-01-09 18:00:00,PUMP-006,South,Day,86,1.8809,66.787,125.4578,69.1034,36.102,0,1.0,475.16,Healthy,Normal,0,1.8941,1.9071297814604369,0.55,66.80803333333334
2026-01-10 00:00:00,PUMP-006,South,Day,86,1.6995,66.4263,125.3767,70.8236,33.0333,0,1.0,460.25,Healthy,Normal,0,1.9071500000000003,1.9184574893213906,0.55,66.24023333333334
2026-01-10 06:00:00,PUMP-006,South,Day,86,1.7892,66.7312,133.3293,69.3621,37.7344,0,1.0,428.03,Healthy,Normal,0,1.86,1.8704060637554971,0.55,66.34576666666668
2026-01-10 12:00:00,PUMP-006,South,Day,86,2.0279,120.5851,122.8971,68.5313,36.1396,0,1.0,414.95,Healthy,Normal,0,1.8505833333333335,1.8600254527828377,0.55,75.06058333333333
2026-01-10 18:00:00,PUMP-006,South,Day,86,1.6996,65.498,121.2693,74.6699,36.4265,0,1.0,458.17,Healthy,Normal,0,1.87085,1.8777967705975709,0.4285000000000001,75.17765000000001
2026-01-11 00:00:00,PUMP-006,South,Day,86,1.9669,66.3641,130.3123,75.3172,34.6741,0,1.0,441.07,Healthy,Normal,0,1.844,1.8482891133874773,0.3283999999999998,75.39861666666665
2026-01-11 06:00:00,PUMP-006,South,Day,86,2.0629,66.5751,126.5713,68.1219,37.246,0,1.0,420.24,Healthy,Normal,0,1.8743333333333332,1.880372635055793,0.36339999999999995,75.3633
2026-01-11 12:00:00,PUMP-006,South,Day,86,1.8414,66.3961,126.4778,71.8293,38.3051,0,1.0,388.72,Healthy,Normal,0,1.8979833333333331,1.9025097980474808,0.36329999999999996,75.35826666666667
2026-01-11 18:00:00,PUMP-006,South,Day,86,1.7479,67.9963,127.0562,66.728,35.5407,0,1.0,414.25,Healthy,Normal,0,1.8911,1.896100338413907,0.36329999999999996,75.56911666666667
2026-01-12 00:00:00,PUMP-006,South,Day,86,1.9617,69.2908,127.388,70.1872,34.6888,0,1.0,395.69,Healthy,Normal,0,1.8800666666666663,1.8844569261903192,0.36329999999999996,67.02006666666666
2026-01-12 06:00:00,PUMP-006,South,Night,86,1.8682,66.3452,127.9282,71.0611,35.1862,0,1.0,394.37,Healthy,Normal,0,1.908166666666667,1.9108723365695226,0.31499999999999995,67.16126666666666
2026-01-12 12:00:00,PUMP-006,South,Day,86,1.788,68.7613,120.3852,70.2592,38.2194,2,1.0,344.95,Warning,Normal,0,1.87835,1.8813491130037507,0.31499999999999995,67.56080000000001
2026-01-12 18:00:00,PUMP-006,South,Day,86,1.8837,69.2568,128.821,67.9861,35.0938,1,1.0,428.81,Healthy,Normal,0,1.8484833333333335,1.8497574701385404,0.2138,68.00775
2026-01-13 00:00:00,PUMP-006,South,Day,86,1.6088,69.7284,127.0761,67.9181,35.0219,0,1.0,398.39,Healthy,Normal,0,1.8097166666666666,1.813242936012712,0.3529,68.56313333333334
2026-01-13 06:00:00,PUMP-006,South,Day,86,2.277,68.1266,126.1084,69.0065,34.6609,0,1.0,370.53,Healthy,Normal,0,1.8979,1.9086065711228528,0.6682000000000001,68.58485
2026-01-13 12:00:00,PUMP-006,South,Day,86,2.1261,63.6856,124.0423,68.4612,35.8882,0,1.0,288.09,Healthy,Normal,0,1.9253,1.937726699855615,0.6682000000000001,67.65065
2026-01-13 18:00:00,PUMP-006,South,Day,86,1.9165,67.9288,126.4341,70.2534,34.5373,0,1.0,341.73,Healthy,Normal,0,1.93335,1.9455723061180052,0.6682000000000001,67.91458333333333
2026-01-14 00:00:00,PUMP-006,South,Night,86,2.0679,69.4698,129.8128,70.164,34.3595,0,1.0,353.27,Healthy,Normal,0,1.9800000000000002,1.9912632506359709,0.6682000000000001,68.03266666666666
2026-01-14 06:00:00,PUMP-006,South,Day,86,1.7892,65.1348,122.1622,66.2023,35.6711,0,1.0,366.01,Healthy,Normal,0,1.9642499999999998,1.9766843851088958,0.6682000000000001,67.34566666666666
2026-01-14 12:00:00,PUMP-006,South,Day,86,1.6348,67.5026,129.1045,68.7363,35.3882,0,1.0,353.14,Healthy,Normal,0,1.9685833333333334,1.9802365410054763,0.6422000000000001,66.9747
2026-01-14 18:00:00,PUMP-006,South,Day,86,2.0907,68.4106,128.6053,72.129,33.2318,0,1.0,320.59,Healthy,Normal,0,1.9375333333333333,1.9456925947675634,0.49130000000000007,67.02203333333334
2026-01-15 00:00:00,PUMP-006,South,Day,86,1.945,66.9071,125.4486,70.8444,35.5636,1,1.0,337.0,Healthy,Normal,0,1.9073499999999999,1.9138548286116168,0.45589999999999997,67.55895
2026-01-15 06:00:00,PUMP-006,South,Day,86,1.7626,66.3895,123.2624,70.7724,34.9692,2,1.0,299.07,Warning,Normal,0,1.8817000000000002,1.889039806356658,0.45589999999999997,67.30239999999999
2026-01-15 12:00:00,PUMP-006,South,Night,86,2.1552,67.1801,138.1082,72.4254,36.4548,0,1.0,314.33,Healthy,Normal,0,1.89625,1.9052342362554793,0.5203999999999998,66.92078333333333
2026-01-15 18:00:00,PUMP-006,South,Night,86,2.273,69.5881,129.2664,67.112,36.682,0,1.0,341.7,Healthy,Normal,0,1.9768833333333333,1.98933813658379,0.6382000000000001,67.663
2026-01-16 00:00:00,PUMP-006,South,Night,86,2.0595,68.5532,128.2294,71.2226,34.6215,0,1.0,336.17,Healthy,Normal,0,2.0476666666666667,2.0540109761147822,0.5104000000000002,67.8381
2026-01-16 06:00:00,PUMP-006,South,Day,86,2.0086,65.4635,129.5807,72.5492,35.133,0,1.0,309.87,Healthy,Normal,0,2.0339833333333335,2.040311006113202,0.5104000000000002,67.34691666666667
2026-01-16 12:00:00,PUMP-006,South,Day,86,1.8975,65.9715,124.8554,74.5433,33.8638,0,1.0,311.88,Healthy,Normal,0,2.0260666666666665,2.0328426427050372,0.5104000000000002,67.19098333333334
2026-01-16 18:00:00,PUMP-006,South,Night,86,2.019,67.6099,123.0381,68.2391,37.2982,0,1.0,270.47,Healthy,Normal,0,2.0688,2.0722088657597557,0.37550000000000017,67.39438333333334
2026-01-17 00:00:00,PUMP-006,South,Night,86,2.0263,71.2965,126.8084,,34.9635,0,1.0,261.13,Healthy,Normal,0,2.0473166666666667,2.050418743817955,0.37550000000000017,68.08045
2026-01-17 06:00:00,PUMP-006,South,Night,86,1.8273,65.47,129.9975,72.7406,38.117,0,1.0,266.77,Healthy,Normal,0,1.9730333333333334,1.974748863357904,0.23219999999999996,67.3941
2026-01-17 12:00:00,PUMP-006,South,Day,86,2.1185,68.1026,122.9029,67.6226,36.6887,0,1.0,264.63,Healthy,Normal,0,1.982866666666667,1.9851238601155345,0.2912000000000001,67.319
2026-01-17 18:00:00,PUMP-006,South,Night,86,2.1019,69.3209,119.4862,70.5828,36.9726,0,1.0,273.72,Healthy,Normal,0,1.9984166666666665,2.00115841826678,0.2912000000000001,67.9619
2026-01-18 00:00:00,PUMP-006,South,Day,86,1.8792,69.7492,133.721,68.1271,36.7372,0,1.0,242.7,Healthy,Normal,0,1.9953666666666667,1.99827827891913,0.2912000000000001,68.59151666666666
2026-01-18 06:00:00,PUMP-006,South,Night,86,2.02,69.9647,130.4086,67.5616,37.114,1,1.0,218.85,Healthy,Normal,0,1.9955333333333334,1.9984467084880364,0.2912000000000001,68.98398333333334
2026-01-18 12:00:00,PUMP-006,South,Night,86,2.0014,67.1453,119.174,69.8151,35.0644,1,1.0,227.9,Healthy,Normal,0,1.9913833333333333,1.9942603369837817,0.2912000000000001,68.29211666666667
2026-01-18 18:00:00,PUMP-006,South,Day,86,1.7736,67.3522,130.0089,68.098,35.9932,0,1.0,280.46,Healthy,Normal,0,1.9824333333333335,1.98616369835587,0.3449,68.60581666666667
2026-01-19 00:00:00,PUMP-006,South,Night,86,1.888,66.6862,124.6338,70.3165,38.6931,0,1.0,221.0,Healthy,Normal,0,1.9440166666666665,1.9470310376741986,0.32830000000000004,68.36975
2026-01-19 06:00:00,PUMP-006,South,Day,86,1.85,70.5855,126.0378,74.3352,37.2476,0,1.0,223.58,Healthy,Normal,0,1.9020333333333335,1.9039474590089576,0.24639999999999995,68.58051666666667
2026-01-19 12:00:00,PUMP-006,South,Day,86,2.0363,69.4343,125.5504,69.7455,36.0436,1,1.0,232.01,Healthy,Normal,0,1.9282166666666667,1.9306829797595808,0.26270000000000016,68.52803333333333
2026-01-19 18:00:00,PUMP-006,South,Day,86,2.1646,71.0686,129.3021,67.8313,36.2224,0,1.0,216.42,Healthy,Normal,0,1.9523166666666667,1.956626082912454,0.391,68.71201666666666
2026-01-20 00:00:00,PUMP-006,South,Night,86,2.0039,66.0131,121.7727,71.6082,37.6585,0,1.0,175.78,Healthy,Normal,0,1.9527333333333334,1.9570525039797304,0.391,68.52331666666667
2026-01-20 06:00:00,PUMP-006,South,Day,86,2.4576,68.7573,126.9678,68.1403,36.9938,0,1.0,170.26,Healthy,Normal,0,2.066733333333333,2.0766346099719453,0.6075999999999997,68.7575
2026-01-20 12:00:00,PUMP-006,South,Day,86,2.3229,67.8657,125.7332,73.2087,38.9862,0,1.0,169.75,Healthy,Normal,0,2.1392166666666665,2.148867462564098,0.6075999999999997,68.95408333333333
2026-01-20 18:00:00,PUMP-006,South,Night,86,2.1853,71.5293,126.943,71.0628,35.6865,0,1.0,214.79,Healthy,Normal,0,2.1951,2.20071292690952,0.4537,69.11138333333334
2026-01-21 00:00:00,PUMP-006,South,Night,86,2.5475,72.2151,120.8154,70.3202,37.7174,1,1.0,216.18,Healthy,Normal,0,2.2803,2.287723135929404,0.5436000000000001,69.57485000000001
2026-01-21 06:00:00,PUMP-006,South,Day,86,2.3429,73.1529,119.2715,70.5799,36.9513,1,1.0,162.39,Healthy,Normal,1,2.3100166666666664,2.3168135491805693,0.5436000000000001,69.92223333333334
2026-01-21 12:00:00,PUMP-006,South,Day,86,2.3727,73.1291,122.0385,75.0404,36.9828,2,1.0,164.14,Warning,Normal,1,2.3714833333333334,2.374160911774937,0.3622000000000001,71.10823333333333
2026-01-21 18:00:00,PUMP-006,South,Day,86,2.5291,75.4831,118.1016,70.9369,38.9691,0,1.0,131.41,Healthy,Normal,1,2.3834,2.386643014082053,0.3622000000000001,72.2292
2026-01-22 00:00:00,PUMP-006,South,Day,86,2.9214,73.8237,120.807,70.3969,38.1723,1,1.0,136.64,Healthy,Normal,1,2.4831499999999997,2.493829144441669,0.7361000000000004,73.2222
2026-01-22 06:00:00,PUMP-006,South,Day,86,2.9001,74.9833,119.8963,71.9789,39.2289,1,1.0,175.47,Healthy,Normal,0,2.6022833333333333,2.612474775954784,0.5785,73.79786666666666
2026-01-22 12:00:00,PUMP-006,South,Day,86,3.0212,75.4151,116.9966,74.8582,38.0173,1,1.0,124.62,Warning,Bearing Wear,1,2.6812333333333336,2.695305793411946,0.6782999999999997,74.3312
2026-01-22 18:00:00,PUMP-006,South,Night,86,2.9438,72.6525,117.5243,72.9673,35.6642,0,1.0,151.07,Healthy,Warning,1,2.7813833333333338,2.7917980451673077,0.6484999999999999,74.2478
2026-01-23 00:00:00,PUMP-006,South,Night,86,3.0361,75.989,122.3066,72.0218,38.4677,0,1.0,158.18,Warning,Warning,1,2.89195,2.8969241121690894,0.5069999999999997,74.72445
2026-01-23 06:00:00,PUMP-006,South,Day,86,2.9577,74.3949,114.8706,74.4199,39.9513,1,1.0,162.99,Healthy,Warning,1,2.9633833333333333,2.9637998793778233,0.13599999999999968,74.54308333333334
2026-01-23 12:00:00,PUMP-006,South,Day,86,3.129,75.954,123.9927,76.131,38.1701,0,1.0,104.63,Warning,Bearing Wear,1,2.9979833333333334,2.998908729021275,0.22889999999999988,74.89813333333333
2026-01-23 18:00:00,PUMP-006,South,Night,86,3.3364,73.8892,120.0784,74.999,39.4313,0,1.0,131.26,Warning,Warning,1,3.0707,3.073589279111096,0.39259999999999984,74.71578333333333
2026-01-24 00:00:00,PUMP-006,South,Day,86,3.3789,77.4619,113.8622,72.68,36.8534,1,1.0,104.82,Warning,Bearing Wear,1,3.130316666666667,3.1350444470533425,0.4350999999999998,75.05691666666667
2026-01-24 06:00:00,PUMP-006,South,Day,86,3.2059,77.2018,123.6106,78.9166,41.527,0,1.0,126.12,Warning,Warning,1,3.174,3.1776002077039207,0.4211999999999998,75.81513333333334
2026-01-24 12:00:00,PUMP-006,South,Day,86,3.5972,76.68,116.554,75.5881,40.6869,0,1.0,109.9,Warning,Bearing Wear,1,3.267516666666667,3.273754295148003,0.6395,75.9303
2026-01-24 18:00:00,PUMP-006,South,Night,86,3.7342,82.9077,118.3662,72.4022,39.457,1,1.0,119.11,Warning,Bearing Wear,1,3.396933333333333,3.4034556816075434,0.6052,77.3491
2026-01-25 00:00:00,PUMP-006,South,Day,86,3.7993,78.2006,110.7047,77.113,42.3116,4,1.0,74.7,Critical,Bearing Wear,1,3.50865,3.515326038695889,0.5933999999999999,77.72353333333334
2026-01-25 06:00:00,PUMP-006,South,Night,86,3.6175,78.4334,116.482,74.6231,42.0306,4,1.0,68.56,Critical,Warning,1,3.5555000000000003,3.5613631341571073,0.5933999999999999,78.4809
2026-01-25 12:00:00,PUMP-006,South,Day,86,3.7572,78.5299,116.5322,75.3917,43.4973,3,1.0,102.27,Warning,Warning,1,3.6185500000000004,3.623981026210448,0.5933999999999999,78.6589
2026-01-25 18:00:00,PUMP-006,South,Night,86,3.9961,81.2722,118.3881,74.8028,40.3726,2,1.0,68.57,Warning,Bearing Wear,1,3.75025,3.7525647067483505,0.39890000000000025,79.33730000000001
2026-01-26 00:00:00,PUMP-006,South,Night,86,4.1135,85.4901,115.3334,78.1556,39.1652,0,1.0,30.51,Critical,Misalignment,1,3.8363,3.839954116045312,0.496,80.80565
2026-01-26 06:00:00,PUMP-006,South,Night,86,4.2776,78.229,116.6557,81.2802,38.9294,4,1.0,43.29,Critical,Bearing Wear,1,3.9268666666666667,3.9333000944923255,0.6600999999999995,80.02586666666666
2026-01-26 12:00:00,PUMP-006,South,Day,86,4.1911,81.0781,107.1071,78.6966,44.3707,3,1.0,86.23,Critical,Misalignment,1,3.9921666666666664,3.999077737845732,0.6600999999999995,80.50545
2026-01-26 18:00:00,PUMP-006,South,Night,86,3.992,83.8259,115.5511,76.0813,41.8769,0,1.0,49.97,Warning,Seal Leak,1,4.054583333333333,4.0580269070489585,0.5203999999999995,81.4042
2026-01-27 00:00:00,PUMP-006,South,Day,86,4.3014,83.2587,112.0144,78.2372,43.7186,3,1.0,23.45,Critical,Seal Leak,1,4.145283333333333,4.147107111991844,0.3094000000000001,82.19233333333334
2026-01-27 06:00:00,PUMP-006,South,Day,86,4.3119,82.772,111.3637,76.6471,40.209,2,1.0,42.75,Critical,Bearing Wear,1,4.197916666666667,4.199497009365129,0.31989999999999963,82.4423
2026-01-27 12:00:00,PUMP-006,South,Day,86,4.223,82.0305,105.8818,81.5777,44.63,0,1.0,45.51,Critical,Bearing Wear,1,4.216166666666666,4.217572317894106,0.31989999999999963,81.8657
2026-01-27 18:00:00,PUMP-006,South,Day,86,4.4058,86.9061,114.0749,83.352,43.2561,1,1.0,62.33,Critical,Bearing Wear,1,4.2375333333333325,4.2395107701243075,0.41380000000000017,83.31188333333334
2026-01-28 00:00:00,PUMP-006,South,Day,86,4.6357,84.8556,107.7001,79.0481,44.5232,3,1.0,87.17,Critical,Seal Leak,1,4.311633333333333,4.315960779478886,0.6436999999999999,83.94146666666667
2026-01-28 06:00:00,PUMP-006,South,Night,86,4.4201,84.9926,110.8323,77.6992,44.7536,3,1.0,0.0,Critical,Bearing Wear,1,4.382983333333334,4.384942506464594,0.41270000000000007,84.13591666666666
2026-01-01 00:00:00,PUMP-007,East,Night,33,1.074,60.5358,130.9663,70.0975,35.5294,0,1.0,649.15,Healthy,Normal,0,1.074,1.074,0.0,60.5358
2026-01-01 06:00:00,PUMP-007,East,Day,33,1.0517,62.4118,128.7881,72.6043,36.8169,0,1.0,641.5,Healthy,Normal,0,1.06285,1.06290848383104,0.022299999999999986,61.4738
2026-01-01 12:00:00,PUMP-007,East,Night,33,1.135,57.7757,123.382,69.7014,36.5434,1,1.0,620.44,Healthy,Normal,0,1.0869,1.0874701359884174,0.08329999999999993,60.241099999999996
2026-01-01 18:00:00,PUMP-007,East,Night,33,1.5053,58.9516,125.354,70.7401,31.2278,1,1.0,656.3,Healthy,Normal,0,1.1915,1.2055809782009668,0.4536,59.918725
2026-01-02 00:00:00,PUMP-007,East,Night,33,1.3998,60.7162,124.278,73.7996,35.853,0,1.0,607.11,Healthy,Normal,0,1.23316,1.246847386010012,0.4536,60.07822
2026-01-02 06:00:00,PUMP-007,East,Day,33,1.3626,62.3684,135.1702,70.73,36.1635,0,1.0,598.55,Healthy,Normal,0,1.2547333333333335,1.2668741571284814,0.4536,60.459916666666665
2026-01-02 12:00:00,PUMP-007,East,Night,33,1.4123,57.7103,121.7697,68.8091,35.9217,1,1.0,645.89,Healthy,Normal,0,1.3111166666666667,1.3210435313291786,0.4536,59.989000000000004
2026-01-02 18:00:00,PUMP-007,East,Day,33,1.6198,62.3975,126.133,68.9822,37.5749,0,1.0,608.59,Healthy,Normal,0,1.4058,1.4135425485872954,0.4847999999999999,59.98661666666666
2026-01-03 00:00:00,PUMP-007,East,Day,33,1.3275,60.7393,123.2394,70.9438,35.342,1,1.0,585.17,Healthy,Normal,0,1.4378833333333334,1.441217452364493,0.2923,60.48055
2026-01-03 06:00:00,PUMP-007,East,Day,33,1.3045,58.6388,125.4919,68.7066,34.5846,0,1.0,594.8,Healthy,Normal,0,1.4044166666666669,1.4082162848795636,0.3152999999999999,60.42841666666667
2026-01-03 12:00:00,PUMP-007,East,Day,33,1.5314,61.7575,124.5444,70.6269,35.6234,0,1.0,591.8,Healthy,Normal,0,1.42635,1.4308613111223136,0.3152999999999999,60.60196666666667
2026-01-03 18:00:00,PUMP-007,East,Night,33,1.2231,60.7409,125.2963,65.6521,36.7107,0,1.0,533.32,Healthy,Normal,0,1.4031,1.4096973315810264,0.39669999999999983,60.33071666666667
2026-01-04 00:00:00,PUMP-007,East,Night,33,1.3654,58.4807,126.7828,70.4653,34.8642,0,1.0,635.49,Healthy,Normal,0,1.3952833333333334,1.4019751109298149,0.39669999999999983,60.45911666666666
2026-01-04 06:00:00,PUMP-007,East,Night,33,1.3237,60.4153,120.8955,68.6606,35.6086,0,1.0,570.49,Healthy,Normal,0,1.3459333333333332,1.3491747428212058,0.3083,60.128750000000004
2026-01-04 12:00:00,PUMP-007,East,Night,33,1.5943,62.2095,131.2376,71.3103,35.9486,1,1.0,560.43,Healthy,Normal,0,1.3904000000000003,1.3964938930526454,0.3712,60.373783333333336
2026-01-04 18:00:00,PUMP-007,East,Night,33,1.3109,59.9829,128.8383,69.9509,37.5916,2,1.0,594.89,Warning,Normal,0,1.3914666666666669,1.397492380420492,0.3712,60.5978
2026-01-05 00:00:00,PUMP-007,East,Day,33,1.2883,61.2384,123.8445,66.2071,35.5975,1,1.0,515.57,Healthy,Normal,0,1.35095,1.356001514871327,0.3712,60.51128333333333
2026-01-05 06:00:00,PUMP-007,East,Night,33,1.903,60.7972,126.1126,67.0574,37.5548,0,1.0,573.53,Healthy,Normal,0,1.4642666666666668,1.4808711422672804,0.6147,60.52066666666666
2026-01-05 12:00:00,PUMP-007,East,Night,33,1.6709,62.5153,124.7278,69.8828,35.9162,2,1.0,504.6,Warning,Normal,0,1.5151833333333335,1.5321806730930918,0.6147,61.193099999999994
2026-01-05 18:00:00,PUMP-007,East,Night,33,1.4201,61.9693,132.173,74.5961,37.6616,2,1.0,505.82,Warning,Normal,0,1.53125,1.5464997041706796,0.6147,61.452099999999994
2026-01-06 00:00:00,PUMP-007,East,Day,33,1.4542,60.4622,124.8512,69.6271,36.1896,0,1.0,545.75,Healthy,Normal,0,1.5079,1.5233118065583289,0.6147,61.160883333333324
2026-01-06 06:00:00,PUMP-007,East,Day,33,1.2166,61.6596,130.9517,73.7363,36.2847,0,1.0,537.69,Healthy,Normal,0,1.4921833333333332,1.510216866877072,0.6864000000000001,61.440333333333335
2026-01-06 12:00:00,PUMP-007,East,Night,33,1.5189,60.5825,126.5276,71.0394,35.5882,0,1.0,487.02,Healthy,Normal,0,1.5306166666666667,1.5455241953244645,0.6864000000000001,61.33101666666666
2026-01-06 18:00:00,PUMP-007,East,Night,33,1.2456,58.2106,122.5859,69.7624,37.2541,0,1.0,517.87,Healthy,Normal,0,1.42105,1.429567568066185,0.45430000000000015,60.89991666666666
2026-01-07 00:00:00,PUMP-007,East,Day,33,1.2478,59.9302,125.9593,66.3563,34.3742,1,1.0,510.11,Healthy,Normal,0,1.3505333333333331,1.3556719502396835,0.3023,60.46906666666666
2026-01-07 06:00:00,PUMP-007,East,Night,33,1.1312,57.8072,128.4192,63.6091,37.7145,0,1.0,489.76,Healthy,Normal,0,1.3023833333333334,1.309580597621493,0.38769999999999993,59.77538333333334
2026-01-07 12:00:00,PUMP-007,East,Day,33,1.5612,66.1443,117.8482,71.5994,33.4686,0,1.0,508.96,Healthy,Normal,0,1.3202166666666668,1.3299533732428366,0.42999999999999994,60.7224
2026-01-07 18:00:00,PUMP-007,East,Day,33,1.2083,116.77459999999999,120.8176,72.8558,35.427,2,1.0,452.22,Warning,Normal,0,1.3188333333333333,1.3286916609958834,0.42999999999999994,69.90823333333333
2026-01-08 00:00:00,PUMP-007,East,Night,33,1.3187,60.3247,126.4674,73.5105,36.6125,1,1.0,493.21,Healthy,Normal,0,1.2854666666666665,1.2925711882394202,0.42999999999999994,69.86526666666667
2026-01-08 06:00:00,PUMP-007,East,Night,33,1.463,59.7667,123.9994,68.7263,34.0371,0,1.0,450.04,Healthy,Normal,0,1.3217,1.329993189205619,0.42999999999999994,70.12461666666667
2026-01-08 12:00:00,PUMP-007,East,Day,33,1.3588,61.6376,117.1081,71.3071,35.7741,0,1.0,475.66,Healthy,Normal,0,1.3402,1.3479999938180018,0.42999999999999994,70.40918333333333
2026-01-08 18:00:00,PUMP-007,East,Day,33,0.9901,62.0297,126.9065,69.2779,34.6473,0,1.0,468.63,Healthy,Normal,0,1.3166833333333334,1.3293675482474112,0.5710999999999999,71.11293333333333
2026-01-09 00:00:00,PUMP-007,East,Day,33,1.409,57.8807,126.8421,69.8773,37.2097,1,1.0,454.91,Healthy,Normal,0,1.2913166666666667,1.3007205714526084,0.4729000000000001,69.73566666666666
2026-01-09 06:00:00,PUMP-007,East,Night,33,1.2065,60.1384,,66.2263,36.9864,0,1.0,460.87,Healthy,Normal,0,1.2910166666666667,1.3004420652224382,0.4729000000000001,60.2963
2026-01-09 12:00:00,PUMP-007,East,Night,33,1.2861,62.3243,120.5912,72.4483,35.7687,0,1.0,496.99,Healthy,Normal,0,1.2855833333333333,1.2949891190019063,0.4729000000000001,60.62956666666667
2026-01-09 18:00:00,PUMP-007,East,Day,33,1.1378,61.4741,121.2206,71.1469,36.1246,0,1.0,429.49,Healthy,Normal,0,1.2313833333333333,1.2393681690011782,0.41890000000000005,60.91413333333333
2026-01-10 00:00:00,PUMP-007,East,Night,33,1.5248,63.3926,131.2154,70.8966,35.5776,0,1.0,451.27,Healthy,Normal,0,1.25905,1.2711463559847596,0.5347,61.206633333333336
2026-01-10 06:00:00,PUMP-007,East,Night,33,1.3171,61.841,133.711,69.8577,34.1178,0,1.0,419.36,Healthy,Normal,0,1.31355,1.3196800590799775,0.387,61.17518333333334
2026-01-10 12:00:00,PUMP-007,East,Day,33,1.5302,59.4091,129.0219,69.6359,34.9745,0,1.0,460.73,Healthy,Normal,0,1.33375,1.3419863256879085,0.3924000000000001,61.429916666666664
2026-01-10 18:00:00,PUMP-007,East,Night,33,1.445,61.6378,124.0989,67.5806,35.6726,0,1.0,438.5,Healthy,Normal,0,1.3735,1.3806970787733757,0.3924000000000001,61.679816666666675
2026-01-11 00:00:00,PUMP-007,East,Night,33,1.4904,61.3759,131.9459,70.8136,36.9016,0,1.0,447.67,Healthy,Normal,0,1.4075499999999999,1.4145190872990485,0.3924000000000001,61.521750000000004
2026-01-11 06:00:00,PUMP-007,East,Day,33,1.1773,57.9718,128.8953,70.6671,36.1113,0,1.0,364.67,Healthy,Normal,0,1.4141333333333332,1.4198962368192027,0.3529,60.93803333333333
2026-01-11 12:00:00,PUMP-007,East,Day,33,1.7417,57.761,123.107,64.9334,36.507,0,1.0,433.75,Healthy,Normal,0,1.4502833333333334,1.460886476880847,0.5644,59.999433333333336
2026-01-11 18:00:00,PUMP-007,East,Day,33,1.5123,61.6503,132.555,68.4229,36.3063,0,1.0,410.04,Healthy,Normal,0,1.4828166666666667,1.492058682380377,0.5644,59.96765000000001
2026-01-12 00:00:00,PUMP-007,East,Night,33,1.546,62.3083,129.5995,68.0615,37.3979,0,1.0,403.79,Healthy,Normal,0,1.4854500000000002,1.4947708090763168,0.5644,60.45085
2026-01-12 06:00:00,PUMP-007,East,Day,33,1.2716,63.5058,127.1383,70.4016,35.6329,0,1.0,358.68,Healthy,Normal,0,1.45655,1.46827450828061,0.5644,60.76218333333333
2026-01-12 12:00:00,PUMP-007,East,Day,33,1.3231,59.984,126.5568,68.3872,36.6143,1,1.0,411.08,Healthy,Normal,0,1.4286666666666665,1.4413119972210504,0.5644,60.5302
2026-01-12 18:00:00,PUMP-007,East,Day,33,1.2938,63.9669,129.6378,72.1719,35.6299,0,1.0,412.84,Healthy,Normal,0,1.4480833333333332,1.4578617212662295,0.47009999999999996,61.529383333333335
2026-01-13 00:00:00,PUMP-007,East,Day,33,1.4608,62.6844,125.2727,69.6739,36.2381,0,1.0,407.29,Healthy,Normal,0,1.4012666666666667,1.4055000616625148,0.2744,62.34995
2026-01-13 06:00:00,PUMP-007,East,Night,33,1.4587,58.5721,118.5271,69.6861,38.0268,3,1.0,343.12,Warning,Normal,0,1.3923333333333334,1.3960263213850947,0.2744,61.83691666666666
2026-01-13 12:00:00,PUMP-007,East,Night,33,1.3698,59.2581,118.6137,72.9603,35.1017,1,1.0,364.9,Healthy,Normal,0,1.3629666666666669,1.3650136128747337,0.18920000000000003,61.32855
2026-01-13 18:00:00,PUMP-007,East,Night,33,1.8393,57.4881,124.7556,67.621,37.3837,0,1.0,369.28,Healthy,Normal,0,1.4575833333333332,1.4688788757643247,0.5454999999999999,60.3256
2026-01-14 00:00:00,PUMP-007,East,Day,33,1.2864,63.2753,128.0007,71.5406,32.2663,0,1.0,298.0,Healthy,Normal,0,1.4514666666666667,1.4634355845065405,0.5529,60.87415000000001
2026-01-14 06:00:00,PUMP-007,East,Day,33,1.0399,59.8055,121.7062,73.9355,36.342,0,1.0,333.83,Healthy,Normal,0,1.4091500000000001,1.429296786885075,0.7993999999999999,60.18058333333334
2026-01-14 12:00:00,PUMP-007,East,Night,33,1.4685,55.7844,122.1258,70.0838,37.1839,0,1.0,345.15,Healthy,Normal,0,1.4104333333333334,1.4306112586350401,0.7993999999999999,59.03058333333333
2026-01-14 18:00:00,PUMP-007,East,Night,33,1.2011,60.8902,126.2692,73.9431,35.6778,0,1.0,309.48,Healthy,Normal,0,1.3675,1.3901275097390646,0.7993999999999999,59.41693333333334
2026-01-15 00:00:00,PUMP-007,East,Night,33,1.4226,59.6573,125.5316,71.9513,36.7758,0,1.0,347.66,Healthy,Normal,0,1.3762999999999999,1.3989380305550827,0.7993999999999999,59.483466666666665
2026-01-15 06:00:00,PUMP-007,East,Night,33,1.487,63.1604,123.0387,70.3339,35.7296,0,1.0,357.14,Healthy,Normal,0,1.3175833333333333,1.3272973913181627,0.44710000000000005,60.428850000000004
2026-01-15 12:00:00,PUMP-007,East,Day,33,1.233,62.2166,123.7947,68.5613,37.6984,0,1.0,306.99,Healthy,Normal,0,1.3086833333333334,1.3188236064766206,0.44710000000000005,60.2524
2026-01-15 18:00:00,PUMP-007,East,Day,33,1.3204,60.3546,123.6498,72.0793,35.0292,1,1.0,305.51,Healthy,Normal,0,1.3554333333333333,1.3600146065392094,0.28590000000000004,60.343916666666665
2026-01-16 00:00:00,PUMP-007,East,Day,33,1.3767,59.8334,125.9236,72.0558,35.072,0,1.0,299.75,Healthy,Normal,0,1.3401333333333334,1.3439152391427074,0.28590000000000004,61.01874999999999
2026-01-16 06:00:00,PUMP-007,East,Day,33,1.3544,63.6246,125.4681,69.4533,35.7606,0,1.0,318.88,Healthy,Normal,0,1.3656833333333334,1.3679916648137882,0.254,61.47448333333333
2026-01-16 12:00:00,PUMP-007,East,Day,33,1.5768,60.31,124.2869,72.821,38.1716,1,1.0,299.89,Healthy,Normal,0,1.3913833333333334,1.3958817195593616,0.3437999999999999,61.58326666666667
2026-01-16 18:00:00,PUMP-007,East,Day,33,1.4158,59.8879,128.6177,72.3168,35.2,0,1.0,259.76,Healthy,Normal,0,1.3795166666666667,1.3834880610254647,0.3437999999999999,61.03784999999999
2026-01-17 00:00:00,PUMP-007,East,Day,33,1.3746,58.3637,122.4908,,36.668,0,1.0,291.56,Healthy,Normal,0,1.4031166666666666,1.4055527649291577,0.25639999999999996,60.395700000000005
2026-01-17 06:00:00,PUMP-007,East,Day,33,1.1659,61.1415,130.1046,69.8178,35.7163,0,1.0,318.68,Healthy,Normal,0,1.3773666666666664,1.3825904491207799,0.41090000000000004,60.52685
2026-01-17 12:00:00,PUMP-007,East,Night,33,2.0207,60.2568,125.6028,71.7103,38.3035,0,1.0,315.73,Healthy,Normal,0,1.4847000000000001,1.5087115750423163,0.8548000000000002,60.597416666666675
2026-01-17 18:00:00,PUMP-007,East,Night,33,1.9253,61.598,121.8751,70.6482,34.207,0,1.0,280.94,Healthy,Normal,0,1.5798500000000002,1.6088113847392636,0.8548000000000002,60.25965
2026-01-18 00:00:00,PUMP-007,East,Night,33,1.308,59.494,131.3818,70.238,35.2171,1,1.0,282.03,Healthy,Normal,0,1.53505,1.5681310632937118,0.8548000000000002,60.12365
2026-01-18 06:00:00,PUMP-007,East,Day,33,1.5488,59.361,131.6856,68.3497,35.6668,0,1.0,222.22,Healthy,Normal,0,1.5572166666666665,1.5889462960297516,0.8548000000000002,60.035833333333336
2026-01-18 12:00:00,PUMP-007,East,Day,33,1.0811,64.1452,119.6891,69.2038,37.7707,1,1.0,210.68,Healthy,Normal,0,1.5083,1.5506855494694383,0.9396000000000002,60.99941666666666
2026-01-18 18:00:00,PUMP-007,East,Day,33,1.4257,61.3601,132.3709,74.4814,35.9132,0,1.0,256.08,Healthy,Normal,0,1.5515999999999999,1.5864557836048674,0.9396000000000002,61.03585
2026-01-19 00:00:00,PUMP-007,East,Night,33,1.2155,60.023,126.4013,68.8431,36.3917,1,1.0,238.45,Healthy,Normal,0,1.4174,1.443102183954183,0.8442000000000001,60.99688333333334
2026-01-19 06:00:00,PUMP-007,East,Night,33,1.5055,63.0685,126.6245,69.4286,33.5028,0,1.0,266.06,Healthy,Normal,0,1.3474333333333333,1.3573880334426605,0.4677,61.24196666666666
2026-01-19 12:00:00,PUMP-007,East,Night,33,1.2172,62.7377,126.1405,69.4384,34.8186,1,1.0,239.65,Healthy,Normal,0,1.3323,1.3432377228175212,0.4677,61.78258333333333
2026-01-19 18:00:00,PUMP-007,East,Night,33,1.5262,60.0548,128.3408,70.0205,36.5362,0,1.0,160.31,Healthy,Normal,1,1.3285333333333333,1.3389193702385518,0.44510000000000005,61.89821666666666
2026-01-20 00:00:00,PUMP-007,East,Night,33,1.7425,60.1377,128.9372,71.6887,37.6056,0,1.0,178.18,Healthy,Normal,0,1.4387666666666667,1.4505033333295032,0.5269999999999999,61.2303
2026-01-20 06:00:00,PUMP-007,East,Night,33,1.5249,60.012,126.1566,68.7961,35.515,2,1.0,159.34,Warning,Normal,1,1.4553,1.4672229460219512,0.5269999999999999,61.00561666666667
2026-01-20 12:00:00,PUMP-007,East,Day,33,1.754,59.5589,126.4863,68.4804,36.2006,0,1.0,175.56,Healthy,Normal,0,1.54505,1.5553957047431157,0.5367999999999999,60.928266666666666
2026-01-20 18:00:00,PUMP-007,East,Day,33,1.362,59.667,122.8105,71.6737,34.3605,0,1.0,136.21,Healthy,Normal,1,1.5211333333333334,1.5331910372379127,0.5367999999999999,60.36135000000001
2026-01-21 00:00:00,PUMP-007,East,Day,33,1.1015,59.4035,127.5489,69.8384,34.0408,0,1.0,180.24,Healthy,Normal,0,1.5018500000000001,1.5185395917349889,0.6525000000000001,59.80565000000001
2026-01-21 06:00:00,PUMP-007,East,Day,33,1.3268,62.4721,121.4701,67.6356,37.0103,0,1.0,196.98,Healthy,Normal,0,1.4686166666666667,1.486992868734301,0.6525000000000001,60.20853333333333
2026-01-21 12:00:00,PUMP-007,East,Day,33,1.2203,60.6986,128.4928,69.3099,35.91,0,1.0,183.56,Healthy,Normal,0,1.3815833333333334,1.3975998825367246,0.6525000000000001,60.30201666666667
2026-01-21 18:00:00,PUMP-007,East,Night,33,1.818,61.9193,121.3199,69.8967,34.2808,0,1.0,129.35,Healthy,Normal,1,1.4304333333333332,1.45484916629411,0.7165000000000001,60.6199
2026-01-22 00:00:00,PUMP-007,East,Day,33,2.0024,62.1635,124.2469,72.4051,33.0342,0,1.0,157.18,Healthy,Normal,1,1.4718333333333333,1.5073490162091414,0.9009000000000003,61.054
2026-01-22 06:00:00,PUMP-007,East,Night,33,2.0222,61.0577,128.2964,70.6381,35.7682,0,1.0,154.87,Healthy,Normal,1,1.5818666666666668,1.626184449357862,0.9207000000000003,61.285783333333335
2026-01-22 12:00:00,PUMP-007,East,Day,33,1.9165,64.0157,126.5154,74.0653,38.3902,0,1.0,129.39,Healthy,Normal,1,1.7177,1.7476901508371938,0.8019000000000003,62.05448333333333
2026-01-22 18:00:00,PUMP-007,East,Day,33,2.1747,64.1371,122.841,75.8217,39.8224,0,1.0,148.89,Healthy,Normal,1,1.8590166666666665,1.8839429852484035,0.9544000000000001,62.33198333333333
2026-01-23 00:00:00,PUMP-007,East,Night,33,2.2823,65.6319,121.0108,72.9353,37.78,0,1.0,128.9,Healthy,Normal,1,2.036016666666667,2.0418622313140196,0.46430000000000016,63.1542
2026-01-23 06:00:00,PUMP-007,East,Night,33,2.1672,67.3459,126.2576,74.7135,37.6822,0,1.0,124.13,Healthy,Normal,1,2.0942166666666666,2.097889418359954,0.3658000000000001,64.05863333333333
2026-01-23 12:00:00,PUMP-007,East,Night,33,2.4524,66.6372,130.4029,76.1448,39.3232,0,1.0,116.07,Healthy,Normal,1,2.169216666666667,2.176062961328708,0.5358999999999998,64.80425000000001
2026-01-23 18:00:00,PUMP-007,East,Night,33,2.1149,65.4588,120.3426,68.2607,37.8242,0,1.0,119.17,Healthy,Normal,1,2.1846666666666668,2.1907003918077583,0.5358999999999998,65.53776666666666
2026-01-24 00:00:00,PUMP-007,East,Day,33,2.373,70.6796,122.3464,72.1251,38.7491,0,1.0,126.43,Healthy,Seal Leak,1,2.2607500000000003,2.2639628232371662,0.3374999999999999,66.64841666666666
2026-01-24 06:00:00,PUMP-007,East,Night,33,2.5454,66.3693,119.2556,73.9956,36.3417,0,1.0,81.17,Healthy,Bearing Wear,1,2.322533333333334,2.327477427745899,0.4304999999999999,67.02045
2026-01-24 12:00:00,PUMP-007,East,Day,33,2.8528,71.495,128.9395,75.7782,39.5904,1,1.0,93.42,Healthy,Warning,1,2.4176166666666665,2.4301056770574125,0.7378999999999998,67.99763333333333
2026-01-24 18:00:00,PUMP-007,East,Night,33,2.6968,68.4136,119.796,74.0281,36.9222,1,1.0,111.19,Healthy,Seal Leak,1,2.5058833333333332,2.5168914693195124,0.7378999999999998,68.17558333333334
2026-01-25 00:00:00,PUMP-007,East,Night,33,3.1024,71.6603,121.6146,76.0545,40.1729,2,1.0,53.49,Warning,Warning,1,2.6142166666666666,2.633726004794981,0.9874999999999998,69.01276666666666
2026-01-25 06:00:00,PUMP-007,East,Night,33,2.9522,73.0352,122.8611,71.6301,42.1136,1,1.0,83.62,Healthy,Warning,1,2.753766666666666,2.7647109203917384,0.7293999999999996,70.2755
2026-01-25 12:00:00,PUMP-007,East,Night,33,3.2207,72.8385,120.4469,74.2789,40.3411,4,1.0,98.05,Critical,Warning,1,2.89505,2.9041217355682596,0.6753,70.63531666666667
2026-01-25 18:00:00,PUMP-007,East,Day,33,2.9919,72.2788,118.3619,75.0428,40.0207,1,1.0,107.77,Healthy,Bearing Wear,1,2.969466666666666,2.974220984280309,0.5238999999999998,71.62023333333333
2026-01-26 00:00:00,PUMP-007,East,Day,33,3.4339,73.8818,119.7611,73.5712,40.3939,2,1.0,24.3,Warning,Warning,1,3.066316666666667,3.0748751776833694,0.7370999999999999,72.01803333333334
2026-01-26 06:00:00,PUMP-007,East,Day,33,3.2897,74.5272,108.6618,72.52,41.8579,2,1.0,44.02,Warning,Bearing Wear,1,3.1651333333333334,3.1696093344974443,0.4817,73.03696666666666
2026-01-26 12:00:00,PUMP-007,East,Night,33,3.642,74.7496,112.1162,76.604,41.9675,1,1.0,18.85,Warning,Misalignment,1,3.2550666666666666,3.2638887399338024,0.6898,73.55185
2026-01-26 18:00:00,PUMP-007,East,Night,33,3.5442,74.633,110.2648,79.7392,42.9263,1,1.0,36.65,Warning,Bearing Wear,1,3.353733333333334,3.360646937718986,0.6501000000000001,73.81815
2026-01-27 00:00:00,PUMP-007,East,Night,33,3.6569,75.4421,115.5871,75.6925,38.4484,2,1.0,0.0,Warning,Bearing Wear,1,3.426433333333333,3.434231989834117,0.665,74.25208333333333
2026-01-27 06:00:00,PUMP-007,East,Night,33,3.7738,78.1893,110.6659,77.1256,40.6819,1,1.0,20.58,Warning,Seal Leak,1,3.5567499999999996,3.560285498617585,0.4841000000000002,75.23716666666667
2026-01-27 12:00:00,PUMP-007,East,Night,33,3.9679,76.4057,110.3144,76.2538,42.9401,2,1.0,22.14,Warning,Misalignment,1,3.6457499999999996,3.6516288189884065,0.6782000000000004,75.65781666666668
2026-01-27 18:00:00,PUMP-007,East,Night,33,4.0085,78.8585,114.2125,79.3402,42.3872,1,1.0,32.24,Warning,Bearing Wear,1,3.7655499999999997,3.7694452365920723,0.4642999999999997,76.3797
2026-01-28 00:00:00,PUMP-007,East,Day,33,3.9966,76.3215,105.1555,80.2639,42.3186,2,1.0,0.0,Warning,Bearing Wear,1,3.8246499999999997,3.8288586617511315,0.4642999999999997,76.64168333333333
2026-01-28 06:00:00,PUMP-007,East,Day,33,4.2687,75.4557,117.6641,84.3111,39.4525,2,1.0,16.04,Critical,Bearing Wear,1,3.9453999999999994,3.9501349757529383,0.6118000000000001,76.7788
2026-01-01 00:00:00,PUMP-008,West,Night,28,1.366,65.1784,119.2908,69.6841,35.4431,0,1.0,617.45,Healthy,Normal,0,1.366,1.366,0.0,65.1784
2026-01-01 06:00:00,PUMP-008,West,Night,28,1.389,59.1,120.1672,69.3831,33.5893,0,1.0,680.07,Healthy,Normal,0,1.3775,1.377548002793369,0.02299999999999991,62.1392
2026-01-01 12:00:00,PUMP-008,West,Day,28,1.9,61.0366,123.1838,67.1665,36.8731,0,1.0,674.09,Healthy,Normal,0,1.5516666666666667,1.5711224225586835,0.5339999999999998,61.77166666666667
2026-01-01 18:00:00,PUMP-008,West,Day,28,1.4884,60.8982,125.0223,68.1938,38.429,0,1.0,603.23,Healthy,Normal,0,1.53585,1.550855534858099,0.5339999999999998,61.5533
2026-01-02 00:00:00,PUMP-008,West,Day,28,1.5721,60.6011,120.3661,71.8431,38.0998,0,1.0,645.72,Healthy,Normal,0,1.5431000000000001,1.5551276455648264,0.5339999999999998,61.36286
2026-01-02 06:00:00,PUMP-008,West,Day,28,1.4315,59.6987,117.4768,68.9936,36.3494,0,1.0,631.11,Healthy,Normal,0,1.5245,1.5352145463528324,0.5339999999999998,61.0855
2026-01-02 12:00:00,PUMP-008,West,Night,28,1.8642,60.5381,116.5747,71.0576,32.7556,1,1.0,580.05,Healthy,Normal,0,1.6075333333333335,1.620215410575602,0.5109999999999999,60.31211666666667
2026-01-02 18:00:00,PUMP-008,West,Night,28,1.8275,61.4105,120.4117,66.8494,36.834,1,1.0,593.81,Healthy,Normal,0,1.6806166666666664,1.691203866579465,0.4684999999999999,60.69720000000001
2026-01-03 00:00:00,PUMP-008,West,Night,28,1.4816,59.1282,126.9071,68.2102,38.0723,1,1.0,599.4,Healthy,Normal,0,1.6108833333333334,1.6199877401799474,0.4327000000000001,60.379133333333336
2026-01-03 06:00:00,PUMP-008,West,Night,28,1.607,62.7807,121.5478,69.1508,36.9744,0,1.0,625.16,Healthy,Normal,0,1.6306500000000002,1.6387635638899631,0.4327000000000001,60.692883333333334
2026-01-03 12:00:00,PUMP-008,West,Day,28,1.5608,62.3635,119.9696,67.219,38.4291,0,1.0,578.79,Healthy,Normal,0,1.6287666666666665,1.6369623463395038,0.4327000000000001,60.98661666666667
2026-01-03 18:00:00,PUMP-008,West,Night,28,1.6082,64.0796,120.3297,68.5451,38.6211,0,1.0,551.56,Healthy,Normal,0,1.6582166666666665,1.664080793811807,0.38260000000000005,61.716766666666665
2026-01-04 00:00:00,PUMP-008,West,Day,28,1.6655,65.2114,121.7106,69.3928,34.3651,0,1.0,606.48,Healthy,Normal,0,1.6250999999999998,1.6285800532979642,0.3458999999999999,62.49564999999999
2026-01-04 06:00:00,PUMP-008,West,Night,28,1.4401,64.3939,125.7611,69.9274,34.3842,0,1.0,590.78,Healthy,Normal,0,1.560533333333333,1.562464383594071,0.22540000000000004,62.99288333333334
2026-01-04 12:00:00,PUMP-008,West,Day,28,1.2551,60.3207,116.3668,68.5675,37.0422,0,1.0,567.46,Healthy,Normal,0,1.5227833333333332,1.5290469335504389,0.4103999999999999,63.19163333333333
2026-01-04 18:00:00,PUMP-008,West,Night,28,1.674,65.0491,120.3489,70.8842,33.8083,0,1.0,581.45,Healthy,Normal,0,1.53395,1.5409809727356576,0.41889999999999983,63.569700000000005
2026-01-05 00:00:00,PUMP-008,West,Night,28,1.6401,62.6923,124.0191,68.9594,37.5287,2,1.0,555.61,Warning,Normal,0,1.5471666666666666,1.554647093930538,0.41889999999999983,63.624500000000005
2026-01-05 06:00:00,PUMP-008,West,Day,28,1.5813,59.549,122.4947,70.1016,35.2438,0,1.0,554.78,Healthy,Normal,0,1.5426833333333334,1.5500412881597703,0.41889999999999983,62.869400000000006
2026-01-05 12:00:00,PUMP-008,West,Night,28,1.6391,59.7815,130.0481,72.436,36.3823,1,1.0,613.38,Healthy,Normal,0,1.5382833333333332,1.5453438953838075,0.41889999999999983,61.964416666666665
2026-01-05 18:00:00,PUMP-008,West,Night,28,1.4141,61.1656,122.3439,72.117,34.4064,0,1.0,545.65,Healthy,Normal,0,1.53395,1.5413369375318298,0.41889999999999983,61.42636666666667
2026-01-06 00:00:00,PUMP-008,West,Day,28,1.4787,63.9731,121.2309,74.0806,34.8935,1,1.0,547.87,Healthy,Normal,0,1.5712166666666665,1.574039125413766,0.2599,62.0351
2026-01-06 06:00:00,PUMP-008,West,Day,28,1.5184,56.6919,110.5772,72.9266,37.7224,0,1.0,541.25,Healthy,Normal,0,1.5452833333333331,1.547517235768313,0.22599999999999998,60.64223333333334
2026-01-06 12:00:00,PUMP-008,West,Night,28,1.6591,59.2647,120.093,70.0263,34.5901,0,1.0,474.25,Healthy,Normal,0,1.5484499999999999,1.5508891197202548,0.2450000000000001,60.07096666666666
2026-01-06 18:00:00,PUMP-008,West,Day,28,1.5703,59.1525,127.1707,70.1755,35.5952,0,1.0,536.06,Healthy,Normal,0,1.5466166666666668,1.5490252187531788,0.2450000000000001,60.00488333333333
2026-01-07 00:00:00,PUMP-008,West,Day,28,1.6895,58.887,125.517,69.7599,37.6223,0,1.0,519.27,Healthy,Normal,0,1.5550166666666667,1.5580241873389942,0.2754000000000001,59.855799999999995
2026-01-07 06:00:00,PUMP-008,West,Night,28,1.799,60.0149,119.8524,70.0024,36.1697,1,1.0,490.91,Healthy,Normal,0,1.6191666666666666,1.622824615703537,0.32030000000000003,59.66401666666667
2026-01-07 12:00:00,PUMP-008,West,Day,28,1.5318,61.7758,121.15,67.6298,35.9491,0,1.0,529.23,Healthy,Normal,0,1.6280166666666667,1.631012770745016,0.28059999999999996,59.2978
2026-01-07 18:00:00,PUMP-008,West,Night,28,1.4136,63.2859,121.271,68.0445,36.1292,1,1.0,533.04,Healthy,Normal,0,1.61055,1.615236945982436,0.38539999999999996,60.39679999999999
2026-01-08 00:00:00,PUMP-008,West,Night,28,1.9066,60.2718,123.2819,68.0765,37.0633,0,1.0,491.06,Healthy,Normal,0,1.6518,1.6601432217331933,0.4930000000000001,60.56464999999999
2026-01-08 06:00:00,PUMP-008,West,Night,28,2.0813,62.7262,119.469,71.5756,38.9934,0,1.0,506.22,Healthy,Normal,0,1.7369666666666668,1.7513052608459403,0.6677000000000002,61.160266666666665
2026-01-08 12:00:00,PUMP-008,West,Night,28,1.5872,60.9925,116.9083,73.2291,34.0083,0,1.0,454.9,Healthy,Normal,0,1.7199166666666665,1.7352816433267158,0.6677000000000002,61.51118333333333
2026-01-08 18:00:00,PUMP-008,West,Day,28,1.396,59.0558,120.7755,68.2588,36.2873,0,1.0,454.49,Healthy,Normal,0,1.65275,1.6723052597138677,0.6853000000000002,61.35133333333332
2026-01-09 00:00:00,PUMP-008,West,Day,28,1.6064,64.0774,120.0274,68.3306,35.2331,1,1.0,487.94,Healthy,Normal,0,1.6651833333333332,1.6839308680386298,0.6853000000000002,61.73493333333332
2026-01-09 06:00:00,PUMP-008,West,Day,28,1.4713,62.1311,122.094,72.759,38.7377,0,1.0,428.82,Healthy,Normal,0,1.6748,1.69214842434108,0.6853000000000002,61.54246666666666
2026-01-09 12:00:00,PUMP-008,West,Day,28,1.8801,64.815,125.0277,71.6247,35.7127,0,1.0,464.11,Healthy,Normal,0,1.6703833333333333,1.6871993653191475,0.6853000000000002,62.29966666666667
2026-01-09 18:00:00,PUMP-008,West,Day,28,1.4426,61.1395,113.1249,73.9631,35.6913,0,1.0,415.01,Healthy,Normal,0,1.5639333333333332,1.5721076754896064,0.4841000000000002,62.03521666666666
2026-01-10 00:00:00,PUMP-008,West,Night,28,1.9223,59.3563,130.234,72.5004,36.2929,1,1.0,450.93,Healthy,Normal,0,1.6197833333333334,1.6332569051846477,0.5263,61.76251666666667
2026-01-10 06:00:00,PUMP-008,West,Night,28,1.3262,62.6003,123.5193,74.5292,33.7839,1,1.0,448.73,Healthy,Normal,0,1.6081500000000002,1.6235331405097135,0.5960999999999999,62.35326666666666
2026-01-10 12:00:00,PUMP-008,West,Night,28,1.4665,62.3178,117.5991,71.7027,35.0718,1,1.0,423.92,Healthy,Normal,0,1.5848333333333333,1.6013151074455438,0.5960999999999999,62.06
2026-01-10 18:00:00,PUMP-008,West,Day,28,1.5784,62.7366,125.5002,69.2868,34.5381,0,1.0,414.7,Healthy,Normal,0,1.6026833333333335,1.6182234760172445,0.5960999999999999,62.16091666666667
2026-01-11 00:00:00,PUMP-008,West,Night,28,1.502,60.2969,120.8553,68.2496,36.9899,0,1.0,457.91,Healthy,Normal,0,1.5396666666666665,1.5509734201461998,0.5960999999999999,61.407900000000005
2026-01-11 06:00:00,PUMP-008,West,Day,28,1.5407,58.8651,119.4192,69.0776,35.4494,0,1.0,429.88,Healthy,Normal,0,1.5560166666666666,1.5666191320802896,0.5960999999999999,61.02883333333333
2026-01-11 12:00:00,PUMP-008,West,Day,28,1.6602,60.0306,121.9437,70.2852,37.7006,0,1.0,389.58,Healthy,Normal,0,1.5123333333333333,1.5158495846664117,0.33399999999999985,61.14121666666666
2026-01-11 18:00:00,PUMP-008,West,Day,28,1.8408,63.807,122.3126,69.3967,36.7092,0,1.0,361.67,Healthy,Normal,0,1.5980999999999999,1.6029419816907495,0.3743000000000001,61.34233333333333
2026-01-12 00:00:00,PUMP-008,West,Day,28,1.4993,60.6561,117.2366,71.2801,34.852,0,1.0,427.03,Healthy,Normal,0,1.6035666666666666,1.6079913049101562,0.3414999999999999,61.06538333333333
2026-01-12 06:00:00,PUMP-008,West,Day,28,1.7793,57.6094,128.8692,69.0218,36.1975,0,1.0,372.57,Healthy,Normal,0,1.6370500000000001,1.6425781640457784,0.3414999999999999,60.21084999999999
2026-01-12 12:00:00,PUMP-008,West,Day,28,1.7518,62.4178,127.9427,71.2014,38.7505,0,1.0,427.34,Healthy,Normal,0,1.6786833333333335,1.6833091115419059,0.3414999999999999,60.56433333333333
2026-01-12 18:00:00,PUMP-008,West,Night,28,1.5589,64.2834,121.6999,72.4405,35.0361,0,1.0,384.08,Healthy,Normal,0,1.6817166666666665,1.6860995477729066,0.3414999999999999,61.46738333333334
2026-01-13 00:00:00,PUMP-008,West,Night,28,1.7412,63.2761,113.8128,69.8032,36.5748,1,1.0,380.78,Healthy,Normal,0,1.6952166666666668,1.6996619031442695,0.3414999999999999,62.0083
2026-01-13 06:00:00,PUMP-008,West,Day,28,1.7849,57.3818,123.7252,69.2321,34.7228,1,1.0,341.06,Healthy,Normal,0,1.6859000000000002,1.6896955781047267,0.28559999999999985,60.93743333333333
2026-01-13 12:00:00,PUMP-008,West,Night,28,1.8199,63.154,121.289,68.4059,35.1107,0,1.0,361.01,Healthy,Normal,0,1.7393333333333334,1.741386535685477,0.2610000000000001,61.35375
2026-01-13 18:00:00,PUMP-008,West,Night,28,1.359,63.0887,119.6351,70.7599,37.7356,1,1.0,358.1,Healthy,Normal,0,1.6692833333333332,1.6770775628058074,0.4609000000000001,62.26696666666667
2026-01-14 00:00:00,PUMP-008,West,Night,28,1.8853,59.1984,123.6548,72.3725,35.7391,0,1.0,337.96,Healthy,Normal,0,1.6915333333333333,1.7010333996329017,0.5263,61.730399999999996
2026-01-14 06:00:00,PUMP-008,West,Night,28,1.7671,62.6017,118.0684,72.2776,37.6335,0,1.0,377.86,Healthy,Normal,0,1.7262333333333333,1.7346258463042301,0.5263,61.450116666666666
2026-01-14 12:00:00,PUMP-008,West,Day,28,1.6073,59.4232,120.307,66.7585,36.8502,0,1.0,375.5,Healthy,Normal,0,1.7039166666666665,1.7129505154362554,0.5263,60.807966666666665
2026-01-14 18:00:00,PUMP-008,West,Night,28,1.6521,62.521,120.194,68.1566,34.9208,1,1.0,326.45,Healthy,Normal,0,1.6817833333333334,1.6905996574194218,0.5263,61.664500000000004
2026-01-15 00:00:00,PUMP-008,West,Day,28,1.4961,60.8509,130.6313,68.2273,35.2188,2,1.0,303.78,Warning,Normal,0,1.6278166666666667,1.636818174080432,0.5263,61.28065000000001
2026-01-15 06:00:00,PUMP-008,West,Day,28,1.7359,61.1037,120.0202,73.7011,36.793,1,1.0,328.67,Healthy,Normal,0,1.6906333333333334,1.69516519450662,0.3892,60.94981666666667
2026-01-15 12:00:00,PUMP-008,West,Day,28,1.7899,61.726,128.0894,71.9561,36.2968,1,1.0,342.03,Healthy,Normal,0,1.6747333333333332,1.6778406827427526,0.29380000000000006,61.37108333333334
2026-01-15 18:00:00,PUMP-008,West,Day,28,1.6121,60.7345,122.8191,70.049,37.0832,0,1.0,301.99,Healthy,Normal,0,1.6489,1.6516214326130148,0.29380000000000006,61.05988333333334
2026-01-16 00:00:00,PUMP-008,West,Day,28,1.8946,61.228,121.3123,69.2122,35.3162,1,1.0,289.33,Healthy,Normal,0,1.6967833333333333,1.7016274567797343,0.3985000000000001,61.360683333333334
2026-01-16 06:00:00,PUMP-008,West,Day,28,1.6837,61.6163,120.9187,70.7776,35.3824,0,1.0,289.1,Healthy,Normal,0,1.70205,1.7067819275857514,0.3985000000000001,61.209900000000005
2026-01-16 12:00:00,PUMP-008,West,Night,28,1.5508,62.8697,118.3408,68.6831,35.2595,1,1.0,311.26,Healthy,Normal,0,1.711166666666667,1.7149000320718406,0.3438000000000001,61.546366666666664
2026-01-16 18:00:00,PUMP-008,West,Day,28,1.7982,60.4564,120.9262,67.6723,37.1661,0,1.0,264.27,Healthy,Normal,0,1.72155,1.725565953052312,0.3438000000000001,61.43848333333333
2026-01-17 00:00:00,PUMP-008,West,Day,28,1.5855,60.5396,118.6696,72.9668,37.0707,0,1.0,275.04,Healthy,Normal,0,1.6874833333333334,1.6919188017356703,0.3438000000000001,61.24075
2026-01-17 06:00:00,PUMP-008,West,Day,28,1.3692,61.8032,120.1077,67.8092,33.9292,1,1.0,272.04,Healthy,Normal,0,1.647,1.6558672259574436,0.5254000000000001,61.418866666666666
2026-01-17 12:00:00,PUMP-008,West,Day,28,1.6894,61.3655,123.6803,69.5793,34.898,0,1.0,294.3,Healthy,Normal,0,1.6128,1.61843241131658,0.42900000000000005,61.44178333333334
2026-01-17 18:00:00,PUMP-008,West,Night,28,1.4936,63.2443,120.385,72.4438,34.4283,0,1.0,248.86,Healthy,Normal,0,1.5811166666666665,1.5870274146970493,0.42900000000000005,61.71311666666666
2026-01-18 00:00:00,PUMP-008,West,Night,28,1.9623,61.6659,128.2194,69.3338,37.5383,0,1.0,241.92,Healthy,Normal,0,1.6497,1.6612032155438818,0.5931,61.512483333333336
2026-01-18 06:00:00,PUMP-008,West,Day,28,1.3704,62.3235,116.8787,70.982,37.269,1,1.0,257.38,Healthy,Normal,0,1.5784000000000002,1.5917521614036945,0.5931,61.82366666666667
2026-01-18 12:00:00,PUMP-008,West,Night,28,1.6441,61.7752,120.5019,73.851,34.9928,0,1.0,264.99,Healthy,Normal,0,1.5881666666666667,1.6016295982529793,0.5931,62.029599999999995
2026-01-18 18:00:00,PUMP-008,West,Night,28,1.8752,63.6279,120.0906,71.2767,36.5897,0,1.0,219.22,Healthy,Normal,0,1.6725,1.6848823213110957,0.5918999999999999,62.333716666666675
2026-01-19 00:00:00,PUMP-008,West,Day,28,1.6572,62.5029,124.0232,66.6398,36.6443,0,1.0,242.16,Healthy,Normal,0,1.6671333333333334,1.6795440899244056,0.5918999999999999,62.523283333333325
2026-01-19 06:00:00,PUMP-008,West,Day,28,1.5267,60.1511,125.7528,67.8203,35.3736,1,1.0,259.48,Healthy,Normal,0,1.6726499999999997,1.684497057977049,0.5918999999999999,62.00775000000001
2026-01-19 12:00:00,PUMP-008,West,Day,28,1.5009,64.2552,119.4212,72.4178,38.486,0,1.0,220.64,Healthy,Normal,0,1.59575,1.6034993789625656,0.5047999999999999,62.4393
2026-01-19 18:00:00,PUMP-008,West,Day,28,1.418,61.97,120.7938,69.4363,36.0685,1,1.0,206.07,Healthy,Normal,0,1.6036833333333333,1.6103824281828214,0.45720000000000005,62.38038333333333
2026-01-20 00:00:00,PUMP-008,West,Day,28,1.4723,61.27,121.4424,68.9906,36.4535,2,1.0,221.53,Warning,Normal,0,1.57505,1.5824344046436805,0.45720000000000005,62.296183333333325
2026-01-20 06:00:00,PUMP-008,West,Night,28,1.5082,64.524,121.6714,70.4066,35.3235,0,1.0,227.17,Healthy,Normal,0,1.5138833333333332,1.515634304507522,0.23920000000000008,62.44553333333332
2026-01-20 12:00:00,PUMP-008,West,Day,28,1.4036,60.9841,112.3878,67.4056,38.0495,0,1.0,160.34,Healthy,Normal,1,1.4716166666666666,1.472337438112156,0.12309999999999999,62.1924
2026-01-20 18:00:00,PUMP-008,West,Night,28,1.7834,60.7763,117.8694,72.6375,36.0904,1,1.0,138.65,Healthy,Normal,1,1.5144,1.5196692545857908,0.37980000000000014,62.29659999999999
2026-01-21 00:00:00,PUMP-008,West,Day,28,1.8128,64.5375,117.9209,68.8845,34.5538,0,1.0,163.99,Healthy,Normal,1,1.5663833333333335,1.5753259392900252,0.4092,62.343650000000004
2026-01-21 06:00:00,PUMP-008,West,Night,28,1.6717,62.5927,114.9169,72.9596,35.5113,0,1.0,159.1,Healthy,Normal,1,1.6086666666666665,1.6162594562755077,0.4092,62.44743333333333
2026-01-21 12:00:00,PUMP-008,West,Night,28,1.74,58.4241,121.2574,70.772,34.8107,0,1.0,176.66,Healthy,Normal,0,1.6532833333333332,1.6600050446710495,0.4092,61.97311666666667
2026-01-21 18:00:00,PUMP-008,West,Night,28,1.9762,61.8871,119.0371,69.5568,38.2469,0,1.0,160.1,Healthy,Normal,1,1.7312833333333335,1.7399425129392445,0.5726,61.53363333333334
2026-01-22 00:00:00,PUMP-008,West,Night,28,2.0352,65.9857,122.2806,72.5108,37.6246,0,1.0,177.03,Healthy,Normal,0,1.83655,1.8410298644146614,0.36350000000000016,62.36723333333333
2026-01-22 06:00:00,PUMP-008,West,Night,28,1.9178,62.296,112.6568,68.1444,36.6753,1,1.0,148.11,Healthy,Normal,1,1.8589499999999999,1.8634102719655343,0.36350000000000016,62.620516666666674
2026-01-22 12:00:00,PUMP-008,West,Night,28,2.3413,64.5764,121.3517,72.0191,35.3302,0,1.0,173.65,Healthy,Normal,0,1.9470333333333334,1.959133690350576,0.6696,62.627
2026-01-22 18:00:00,PUMP-008,West,Night,28,2.1075,66.21,113.4607,71.8959,38.3531,1,1.0,137.57,Healthy,Normal,1,2.0196666666666667,2.0279794648861706,0.6013,63.22988333333333
2026-01-23 00:00:00,PUMP-008,West,Day,28,2.5266,63.4033,114.4615,78.6227,37.428,2,1.0,126.22,Warning,Normal,1,2.1507666666666667,2.161492995593555,0.6088000000000002,64.05975
2026-01-23 06:00:00,PUMP-008,West,Day,28,2.1806,65.8775,120.5149,68.4573,36.2188,1,1.0,133.05,Healthy,Normal,1,2.184833333333333,2.194005535544521,0.6088000000000002,64.72481666666665
2026-01-23 12:00:00,PUMP-008,West,Night,28,2.5698,67.2194,118.6151,73.254,38.617,2,1.0,124.0,Warning,Normal,1,2.2739333333333334,2.2855996565453016,0.6519999999999999,64.93043333333334
2026-01-23 18:00:00,PUMP-008,West,Night,28,2.4983,70.5753,121.2864,74.8349,37.2133,1,1.0,111.33,Healthy,Normal,1,2.3706833333333335,2.3772302086672212,0.46229999999999993,66.31031666666667
2026-01-24 00:00:00,PUMP-008,West,Day,28,2.8456,67.1395,114.0076,74.621,37.2858,1,1.0,102.93,Healthy,Warning,1,2.4547333333333334,2.4672215972627995,0.7381000000000002,66.7375
2026-01-24 06:00:00,PUMP-008,West,Day,28,2.7323,65.1394,111.002,75.4798,36.9331,0,1.0,93.88,Healthy,Warning,1,2.558866666666667,2.5673268036357717,0.665,66.55906666666667
2026-01-24 12:00:00,PUMP-008,West,Night,28,2.8016,70.0143,115.6944,73.6797,40.831,2,1.0,85.31,Warning,Warning,1,2.6047,2.6144552173126496,0.665,67.6609
2026-01-24 18:00:00,PUMP-008,West,Day,28,2.9508,72.0758,114.5781,75.2106,38.7353,2,1.0,114.55,Warning,Warning,1,2.7330666666666663,2.737531149898877,0.4525000000000001,68.69395
2026-01-25 00:00:00,PUMP-008,West,Day,28,2.9172,73.0409,112.8771,74.9264,35.6564,0,1.0,75.88,Healthy,Warning,1,2.7909666666666664,2.794955115322367,0.4525000000000001,69.6642
2026-01-25 06:00:00,PUMP-008,West,Day,28,3.0793,71.668,107.9803,74.4951,38.3717,2,1.0,84.49,Warning,Warning,1,2.8878,2.889960500883475,0.347,69.84631666666667
2026-01-25 12:00:00,PUMP-008,West,Night,28,2.9814,74.4144,104.4043,73.9998,40.3201,1,1.0,116.11,Healthy,Warning,1,2.910433333333333,2.9126888144805307,0.347,71.0588
2026-01-25 18:00:00,PUMP-008,West,Day,28,3.171,75.0227,107.3035,76.2785,40.8768,2,1.0,70.13,Warning,Warning,1,2.9835499999999997,2.9858643218226333,0.36939999999999973,72.70601666666667
2026-01-26 00:00:00,PUMP-008,West,Day,28,2.9319,74.6113,112.673,76.9902,40.1789,0,1.0,71.04,Healthy,Warning,1,3.005266666666667,3.0066423559623225,0.2538,73.47218333333333
2026-01-26 06:00:00,PUMP-008,West,Day,28,3.8127,74.0162,108.2175,72.7612,43.3457,0,1.0,43.13,Warning,Bearing Wear,1,3.1489166666666666,3.1640915017847804,0.8955000000000002,73.79558333333334
2026-01-26 12:00:00,PUMP-008,West,Day,28,3.3654,74.8894,106.5081,75.6067,40.8674,1,1.0,9.78,Warning,Seal Leak,1,3.2236166666666666,3.2374040915008844,0.8807999999999998,74.10366666666667
2026-01-26 18:00:00,PUMP-008,West,Day,28,3.8328,76.7452,110.458,78.4031,41.8772,4,1.0,53.47,Critical,Seal Leak,1,3.3491999999999997,3.3688024296476633,0.9009,74.94986666666667
2026-01-27 00:00:00,PUMP-008,West,Day,28,3.6832,75.0983,107.64,76.0058,39.9069,2,1.0,22.69,Warning,Bearing Wear,1,3.4661666666666666,3.4825803446103962,0.9009,75.06385
2026-01-27 06:00:00,PUMP-008,West,Night,28,3.879,78.1311,108.3112,77.0051,42.0638,0,1.0,0.0,Warning,Bearing Wear,1,3.5841666666666665,3.600036924347675,0.9470999999999998,75.58191666666666
2026-01-27 12:00:00,PUMP-008,West,Night,28,4.2452,79.1714,101.3786,80.3269,41.8245,2,1.0,0.0,Critical,Bearing Wear,1,3.8030500000000003,3.8119828735624366,0.8797999999999995,76.34193333333333
2026-01-27 18:00:00,PUMP-008,West,Night,28,4.1939,77.8697,107.0973,75.0764,42.7049,4,1.0,0.0,Critical,Bearing Wear,1,3.8665833333333333,3.8781309177231242,0.8797999999999995,76.98418333333332
2026-01-28 00:00:00,PUMP-008,West,Day,28,4.3136,78.8721,102.5106,82.6293,42.9586,1,1.0,0.0,Critical,Seal Leak,1,4.024616666666667,4.031555206327536,0.6304000000000003,77.64796666666668
2026-01-28 06:00:00,PUMP-008,West,Day,28,4.1536,82.2165,109.1509,78.1031,45.1639,1,1.0,9.98,Critical,Seal Leak,1,4.078083333333334,4.084169875058251,0.6304000000000003,78.55985
2026-01-01 00:00:00,PUMP-009,North,Day,68,1.7466,64.7761,99.551,69.1225,35.3255,0,1.0,661.05,Healthy,Normal,0,1.7466,1.7466,0.0,64.7761
2026-01-01 06:00:00,PUMP-009,North,Night,68,2.0103,62.2951,107.054,69.1856,37.2032,1,1.0,643.06,Healthy,Normal,0,1.87845,1.8830716462737151,0.26370000000000005,63.5356
2026-01-01 12:00:00,PUMP-009,North,Night,68,1.4948,65.5076,105.6867,65.6671,31.7976,0,1.0,648.47,Healthy,Normal,0,1.7505666666666666,1.7631737189889523,0.5155000000000001,64.19293333333333
2026-01-01 18:00:00,PUMP-009,North,Day,68,1.9151,61.9365,102.2023,69.0499,36.0471,0,1.0,660.94,Healthy,Normal,0,1.7917,1.80235628414584,0.5155000000000001,63.628825
2026-01-02 00:00:00,PUMP-009,North,Night,68,1.7793,61.468,104.2386,72.4721,35.8141,1,1.0,584.57,Healthy,Normal,0,1.7892199999999998,1.797768683118048,0.5155000000000001,63.196659999999994
2026-01-02 06:00:00,PUMP-009,North,Night,68,2.1132,64.8985,104.0109,70.0613,34.2044,0,1.0,645.03,Healthy,Normal,0,1.8432166666666667,1.8540709906401462,0.6184000000000001,63.4803
2026-01-02 12:00:00,PUMP-009,North,Night,68,1.7561,62.5168,108.1073,69.7252,33.3899,0,1.0,660.47,Healthy,Normal,0,1.8448,1.8555659999040723,0.6184000000000001,63.10375
2026-01-02 18:00:00,PUMP-009,North,Night,68,1.9817,63.4953,103.3566,70.5678,35.3418,0,1.0,600.19,Healthy,Normal,0,1.8400333333333334,1.8504314758095386,0.6184000000000001,63.30378333333334
2026-01-03 00:00:00,PUMP-009,North,Day,68,1.9719,61.8305,110.4369,68.8648,36.9149,0,1.0,617.38,Healthy,Normal,0,1.91955,1.9234752597837073,0.3571,62.690933333333334
2026-01-03 06:00:00,PUMP-009,North,Day,68,1.7468,63.0895,104.7151,74.0392,34.3725,1,1.0,619.53,Healthy,Normal,0,1.8915,1.8965866128389708,0.36640000000000006,62.88309999999999
2026-01-03 12:00:00,PUMP-009,North,Night,68,2.1572,61.7721,103.5884,67.3386,37.8288,1,1.0,633.51,Healthy,Normal,0,1.9544833333333334,1.9608606966499855,0.4104000000000001,62.93378333333334
2026-01-03 18:00:00,PUMP-009,North,Night,68,1.9218,64.0223,98.7531,69.261,38.2656,1,1.0,578.42,Healthy,Normal,0,1.922583333333333,1.9277598843389876,0.4104000000000001,62.787749999999996
2026-01-04 00:00:00,PUMP-009,North,Day,68,1.7484,62.6939,102.7622,67.7693,38.1095,0,1.0,562.12,Healthy,Normal,0,1.9212999999999998,1.9265930369437134,0.4104000000000001,62.817266666666676
2026-01-04 06:00:00,PUMP-009,North,Day,68,1.7965,63.9369,104.0364,71.3062,33.135,0,1.0,641.24,Healthy,Normal,0,1.8904333333333332,1.8960855175861662,0.4104000000000001,62.890866666666675
2026-01-04 12:00:00,PUMP-009,North,Day,68,1.9549,64.0457,101.517,67.3098,35.0359,0,1.0,544.73,Healthy,Normal,0,1.8876,1.893149322337429,0.4104000000000001,63.26006666666667
2026-01-04 18:00:00,PUMP-009,North,Day,68,1.4354,62.9017,107.3124,69.349,36.7354,1,1.0,616.47,Healthy,Normal,0,1.8356999999999999,1.8490154614460819,0.7218,63.22876666666667
2026-01-05 00:00:00,PUMP-009,North,Night,68,1.7196,61.9925,107.9161,73.2599,35.9467,0,1.0,598.67,Healthy,Normal,0,1.7627666666666666,1.7709066124445976,0.5195000000000001,63.2655
2026-01-05 06:00:00,PUMP-009,North,Day,68,1.7903,65.1381,104.2456,69.4442,37.4823,0,1.0,584.61,Healthy,Normal,0,1.74085,1.747785276190032,0.5195000000000001,63.45146666666667
2026-01-05 12:00:00,PUMP-009,North,Day,68,1.607,62.8091,107.4393,70.6155,35.7344,0,1.0,557.64,Healthy,Normal,0,1.7172833333333335,1.7250152979997984,0.5195000000000001,63.47066666666666
2026-01-05 18:00:00,PUMP-009,North,Night,68,2.2782,62.6376,108.3402,69.2303,35.5033,2,1.0,555.77,Warning,Normal,0,1.7975666666666668,1.8173630007972175,0.8428,63.25411666666667
2026-01-06 00:00:00,PUMP-009,North,Night,68,1.6757,61.9947,102.9569,73.3178,34.7828,0,1.0,516.72,Healthy,Normal,0,1.7510333333333332,1.7702723961771156,0.8428,62.912283333333335
2026-01-06 06:00:00,PUMP-009,North,Day,68,1.5533,60.4701,109.2864,67.1006,36.5488,0,1.0,524.95,Healthy,Normal,0,1.7706833333333334,1.786782670518904,0.7249000000000001,62.507016666666665
2026-01-06 12:00:00,PUMP-009,North,Night,68,1.7231,61.2776,108.765,68.5525,32.1498,1,1.0,516.79,Healthy,Normal,0,1.7712666666666665,1.7873445536139172,0.7249000000000001,62.38786666666667
2026-01-06 18:00:00,PUMP-009,North,Day,68,1.8041,64.7179,106.7449,73.6511,34.5131,0,1.0,505.84,Healthy,Normal,0,1.7735666666666667,1.7896557415696834,0.7249000000000001,62.31783333333334
2026-01-07 00:00:00,PUMP-009,North,Day,68,2.0085,62.1479,113.641,74.8811,36.3949,0,1.0,487.4,Healthy,Normal,0,1.8404833333333332,1.856018556390713,0.7249000000000001,62.20763333333333
2026-01-07 06:00:00,PUMP-009,North,Night,68,1.655,65.2951,107.1776,69.479,36.0156,1,1.0,528.07,Healthy,Normal,0,1.7366166666666665,1.7424914657849357,0.45520000000000027,62.65055000000001
2026-01-07 12:00:00,PUMP-009,North,Day,68,1.9802,63.9636,107.6149,66.5561,36.8269,1,1.0,453.16,Healthy,Normal,0,1.7873666666666665,1.7949410668134298,0.45520000000000027,62.9787
2026-01-07 18:00:00,PUMP-009,North,Night,68,1.8212,61.6975,106.8123,70.0308,35.6723,1,1.0,522.99,Healthy,Normal,0,1.8320166666666668,1.8364326446492214,0.35350000000000015,63.18326666666667
2026-01-08 00:00:00,PUMP-009,North,Night,68,1.8263,60.8221,106.0164,69.6194,34.8989,0,1.0,493.43,Healthy,Normal,0,1.8492166666666667,1.8529799076982278,0.35350000000000015,63.10735
2026-01-08 06:00:00,PUMP-009,North,Night,68,1.856,62.99,104.1652,69.9838,36.9971,0,1.0,473.56,Healthy,Normal,0,1.8578666666666666,1.8615032643896527,0.35350000000000015,62.81936666666667
2026-01-08 12:00:00,PUMP-009,North,Day,68,1.9378,61.8817,109.2573,70.1402,38.1293,2,1.0,513.23,Warning,Normal,0,1.8460833333333333,1.8489710205949688,0.32519999999999993,62.775000000000006
2026-01-08 18:00:00,PUMP-009,North,Day,68,1.913,62.918,104.4644,69.11,35.1639,0,1.0,491.65,Healthy,Normal,0,1.8890833333333334,1.8900047182480788,0.15900000000000003,62.37881666666667
2026-01-09 00:00:00,PUMP-009,North,Day,68,1.9444,62.5372,113.5308,68.7897,37.1844,0,1.0,480.51,Healthy,Normal,0,1.8831166666666668,1.8837996323919377,0.12319999999999998,62.141083333333334
2026-01-09 06:00:00,PUMP-009,North,Day,68,1.9346,63.9603,101.113,67.4046,32.449,0,1.0,468.28,Healthy,Normal,0,1.9020166666666665,1.9025471544747583,0.11809999999999987,62.51821666666666
2026-01-09 12:00:00,PUMP-009,North,Day,68,1.4967,60.949,104.4706,68.4537,36.165,1,1.0,456.48,Healthy,Normal,0,1.8470833333333332,1.8539531300260355,0.4477,62.539366666666666
2026-01-09 18:00:00,PUMP-009,North,Night,68,1.7417,60.0186,104.923,66.3252,36.0205,0,1.0,496.9,Healthy,Normal,0,1.8280333333333332,1.8353762620599987,0.4477,62.04413333333333
2026-01-10 00:00:00,PUMP-009,North,Day,68,1.7044,59.9778,109.4247,68.3242,37.5262,0,1.0,456.98,Healthy,Normal,0,1.7891333333333332,1.796364229028549,0.4477,61.72681666666666
2026-01-10 06:00:00,PUMP-009,North,Night,68,1.9979,64.4168,105.8682,71.2158,37.0439,0,1.0,441.42,Healthy,Normal,0,1.8032833333333336,1.8117018734696206,0.5012000000000001,61.976616666666665
2026-01-10 12:00:00,PUMP-009,North,Day,68,1.909,63.0015,104.7022,72.9389,34.001,0,1.0,432.53,Healthy,Normal,0,1.7973833333333333,1.8054164667281987,0.5012000000000001,62.054
2026-01-10 18:00:00,PUMP-009,North,Day,68,1.73,59.9248,105.6886,70.7699,36.9467,1,1.0,463.0,Healthy,Normal,0,1.763283333333333,1.770470490670018,0.5012000000000001,61.38141666666667
2026-01-11 00:00:00,PUMP-009,North,Night,68,1.6945,65.6022,102.8285,69.5804,36.8753,0,1.0,381.79,Healthy,Normal,0,1.79625,1.799935828022766,0.3034000000000001,62.15695
2026-01-11 06:00:00,PUMP-009,North,Day,68,1.8841,62.4438,108.5626,73.6312,35.8162,1,1.0,395.66,Healthy,Normal,0,1.8199833333333333,1.823683444296186,0.3034000000000001,62.561150000000005
2026-01-11 12:00:00,PUMP-009,North,Day,68,1.6088,63.3104,106.2178,68.0377,36.5012,0,1.0,409.74,Healthy,Normal,0,1.8040500000000002,1.8091520071569442,0.3891,63.11658333333333
2026-01-11 18:00:00,PUMP-009,North,Night,68,1.8749,62.3717,106.6946,68.519,39.7195,0,1.0,416.03,Healthy,Normal,0,1.78355,1.7870754278988898,0.3002,62.775733333333335
2026-01-12 00:00:00,PUMP-009,North,Night,68,2.2584,60.6573,107.7246,70.5713,36.467,0,1.0,401.66,Healthy,Normal,0,1.8417833333333335,1.8537314202260622,0.6496,62.385033333333325
2026-01-12 06:00:00,PUMP-009,North,Day,68,1.72,63.2748,99.4805,70.2279,34.8884,0,1.0,430.45,Healthy,Normal,0,1.8401166666666666,1.8521798450294542,0.6496,62.94336666666667
2026-01-12 12:00:00,PUMP-009,North,Day,68,1.4957,63.1925,101.7758,68.0458,37.6166,0,1.0,356.42,Healthy,Normal,0,1.8069833333333334,1.8234221174301175,0.7626999999999999,62.54175
2026-01-12 18:00:00,PUMP-009,North,Day,68,1.662,65.6237,100.9154,71.716,35.3093,0,1.0,363.25,Healthy,Normal,0,1.7699666666666667,1.787065588238626,0.7626999999999999,63.07173333333333
2026-01-13 00:00:00,PUMP-009,North,Day,68,1.9659,63.3123,106.6663,71.2118,36.4253,1,1.0,351.77,Healthy,Normal,0,1.8294833333333334,1.8456320448561787,0.7626999999999999,63.07205
2026-01-13 06:00:00,PUMP-009,North,Day,68,1.7775,60.4346,107.1874,73.7764,35.3363,0,1.0,347.84,Healthy,Normal,0,1.81325,1.8294991167894379,0.7626999999999999,62.7492
2026-01-13 12:00:00,PUMP-009,North,Day,68,1.7071,63.5817,95.7621,67.7533,37.5412,0,1.0,351.02,Critical,Normal,1,1.7213666666666665,1.7270505667177205,0.47019999999999995,63.2366
2026-01-13 18:00:00,PUMP-009,North,Day,68,1.8398,63.9253,105.0549,70.2664,35.1147,0,1.0,317.48,Healthy,Normal,0,1.7413333333333334,1.7475070815307159,0.47019999999999995,63.34501666666667
2026-01-14 00:00:00,PUMP-009,North,Day,68,1.7277,61.2087,110.7883,71.251,36.46,1,1.0,374.05,Healthy,Normal,0,1.78,1.7828121419076475,0.30390000000000006,63.014383333333335
2026-01-14 06:00:00,PUMP-009,North,Night,68,2.1393,65.9694,108.7419,66.8214,36.2763,2,1.0,308.08,Warning,Normal,0,1.8595500000000003,1.8656935837198279,0.4321999999999999,63.072
2026-01-14 12:00:00,PUMP-009,North,Day,68,2.2476,61.6064,102.6281,72.8155,34.3258,0,1.0,337.58,Healthy,Normal,0,1.9065,1.917977156624482,0.5404999999999998,62.78768333333334
2026-01-14 18:00:00,PUMP-009,North,Day,68,1.9117,63.7483,104.7425,72.7945,41.6362,0,1.0,327.61,Healthy,Normal,0,1.9288666666666667,1.9393688354719945,0.5404999999999998,63.33996666666666
2026-01-15 00:00:00,PUMP-009,North,Night,68,1.7764,62.6489,104.2667,69.963,38.4892,1,1.0,353.0,Healthy,Normal,0,1.9404166666666667,1.9497143136880337,0.5198999999999998,63.18450000000001
2026-01-15 06:00:00,PUMP-009,North,Day,68,1.7923,59.8178,108.756,72.3591,32.6037,2,1.0,330.38,Warning,Normal,0,1.9325,1.9423263834896543,0.5198999999999998,62.49991666666666
2026-01-15 12:00:00,PUMP-009,North,Day,68,1.932,62.0826,108.1426,67.4435,34.1067,0,1.0,305.94,Healthy,Normal,0,1.9665499999999998,1.974144008171643,0.47119999999999984,62.64556666666667
2026-01-15 18:00:00,PUMP-009,North,Day,68,1.7053,61.4944,111.0898,66.4972,37.752,0,1.0,285.36,Healthy,Normal,0,1.8942166666666667,1.9024068522970228,0.5422999999999998,61.89973333333333
2026-01-16 00:00:00,PUMP-009,North,Day,68,1.6542,62.5474,101.5291,67.7881,36.9026,0,1.0,325.19,Healthy,Normal,0,1.7953166666666664,1.7981278629915802,0.27780000000000005,62.05656666666667
2026-01-16 06:00:00,PUMP-009,North,Day,68,1.8829,65.6433,108.2401,72.4347,36.6679,0,1.0,324.89,Healthy,Normal,0,1.7905166666666663,1.7930559756088673,0.27780000000000005,62.372400000000006
2026-01-16 12:00:00,PUMP-009,North,Day,68,1.7941,62.4868,107.7892,71.4591,36.5492,1,1.0,261.67,Healthy,Normal,0,1.7934666666666665,1.7959907312307228,0.27780000000000005,62.34538333333333
2026-01-16 18:00:00,PUMP-009,North,Day,68,1.6178,62.5769,99.9154,70.0814,35.7223,1,1.0,309.75,Healthy,Normal,0,1.7643833333333332,1.7681644809425017,0.31420000000000003,62.80523333333334
2026-01-17 00:00:00,PUMP-009,North,Day,68,8.33986,64.8646,106.0777,67.3916,34.0931,0,1.0,292.49,Healthy,Normal,0,2.83236,3.7545322524827687,6.72206,63.2689
2026-01-17 06:00:00,PUMP-009,North,Day,68,1.7424,62.7415,107.938,67.1531,35.0449,0,1.0,274.69,Healthy,Normal,0,2.8385433333333334,3.7573701858170256,6.72206,63.47675
2026-01-17 12:00:00,PUMP-009,North,Day,68,1.8429,60.0211,107.6967,71.255,35.8248,1,1.0,289.68,Healthy,Normal,0,2.8699933333333334,3.7719775328422447,6.72206,63.0557
2026-01-17 18:00:00,PUMP-009,North,Night,68,1.9271,64.115,112.3359,71.2918,35.2179,0,1.0,273.15,Healthy,Normal,0,2.87736,3.7756961620695417,6.72206,62.80098333333334
2026-01-18 00:00:00,PUMP-009,North,Night,68,1.6584,61.1736,106.3762,70.8466,33.6167,2,1.0,260.45,Warning,Normal,0,2.8547433333333334,3.7653416135325624,6.72206,62.58211666666667
2026-01-18 06:00:00,PUMP-009,North,Night,68,1.9048,61.3843,110.7594,70.0012,35.7877,0,1.0,270.12,Healthy,Normal,0,2.9025766666666666,3.7876503490422664,6.6814599999999995,62.38335
2026-01-18 12:00:00,PUMP-009,North,Night,68,1.9646,61.0541,102.2312,71.9245,36.7351,1,1.0,261.69,Healthy,Normal,0,1.8400333333333334,1.8431928520911751,0.3061999999999998,61.748266666666666
2026-01-18 18:00:00,PUMP-009,North,Day,68,1.9642,62.168,108.2655,66.8808,35.0583,0,1.0,223.15,Healthy,Normal,0,1.877,1.879994823574434,0.3061999999999998,61.652683333333336
2026-01-19 00:00:00,PUMP-009,North,Night,68,1.9358,63.1745,105.6024,69.3189,35.4032,1,1.0,223.24,Healthy,Normal,0,1.8924833333333335,1.8954913369185662,0.3061999999999998,62.17825
2026-01-19 06:00:00,PUMP-009,North,Day,68,1.6213,63.6435,111.4893,70.3506,35.4237,0,1.0,249.28,Healthy,Normal,0,1.841516666666667,1.847170075638227,0.34329999999999994,62.09966666666667
2026-01-19 12:00:00,PUMP-009,North,Day,68,1.8347,61.7205,105.5908,68.7878,37.8363,1,1.0,202.23,Healthy,Normal,0,1.8709,1.8747469722605234,0.34329999999999994,62.19081666666667
2026-01-19 18:00:00,PUMP-009,North,Night,68,1.926,63.5275,100.5966,70.5812,35.9359,0,1.0,209.14,Healthy,Normal,0,1.8744333333333334,1.8783534553787617,0.34329999999999994,62.548016666666676
2026-01-20 00:00:00,PUMP-009,North,Day,68,2.0418,60.8024,104.9595,71.5332,36.6733,0,1.0,137.91,Healthy,Normal,1,1.8872999999999998,1.892025559200157,0.4204999999999999,62.50606666666667
2026-01-20 06:00:00,PUMP-009,North,Night,68,2.0947,62.4808,102.6168,69.2771,36.9967,1,1.0,203.14,Healthy,Normal,0,1.90905,1.9152132496582899,0.47340000000000004,62.5582
2026-01-20 12:00:00,PUMP-009,North,Night,68,1.8588,64.3376,109.2179,67.6856,37.0673,1,1.0,196.61,Healthy,Normal,0,1.8962166666666664,1.9024574699582641,0.47340000000000004,62.75205
2026-01-20 18:00:00,PUMP-009,North,Night,68,1.8159,63.355,108.375,67.9899,35.898,0,1.0,198.33,Healthy,Normal,0,1.92865,1.9315341773660992,0.27879999999999994,62.70396666666667
2026-01-21 00:00:00,PUMP-009,North,Day,68,2.0013,61.8481,108.2303,70.7236,34.0442,1,1.0,164.93,Healthy,Normal,1,1.9564166666666667,1.9589122521610474,0.27879999999999994,62.725233333333335
2026-01-21 06:00:00,PUMP-009,North,Day,68,1.8026,60.5958,106.6318,72.132,34.8702,0,1.0,163.09,Healthy,Normal,1,1.93585,1.9392401445755327,0.2921,62.23661666666666
2026-01-21 12:00:00,PUMP-009,North,Day,68,1.363,66.5533,108.094,71.6029,35.799,0,1.0,151.81,Healthy,Normal,1,1.8227166666666665,1.837241400850743,0.7317,63.1951
2026-01-21 18:00:00,PUMP-009,North,Night,68,1.989,62.6397,107.0482,68.2175,37.2101,1,1.0,108.29,Healthy,Normal,1,1.8051000000000001,1.8175573672743686,0.6383000000000001,63.221583333333335
2026-01-22 00:00:00,PUMP-009,North,Night,68,2.2244,63.5851,109.7982,70.1121,34.1029,1,1.0,156.75,Healthy,Normal,1,1.8660333333333334,1.8847593400750133,0.8614000000000002,63.09616666666667
2026-01-22 06:00:00,PUMP-009,North,Night,68,1.993,61.1629,108.4083,66.9791,36.9571,1,1.0,144.28,Healthy,Normal,1,1.89555,1.9143520579210782,0.8614000000000002,62.73081666666666
2026-01-22 12:00:00,PUMP-009,North,Day,68,2.2631,62.755,101.6871,65.5084,33.7752,1,1.0,141.77,Healthy,Normal,1,1.9391833333333333,1.9623490485470043,0.9001000000000001,62.88196666666666
2026-01-22 18:00:00,PUMP-009,North,Day,68,2.1622,67.3128,,71.8799,37.0933,2,1.0,161.45,Warning,Normal,1,1.9991166666666667,2.0219884936204098,0.9001000000000001,64.00146666666666
2026-01-23 00:00:00,PUMP-009,North,Day,68,2.2348,66.6733,108.2105,71.2798,38.6766,0,1.0,143.29,Healthy,Normal,1,2.144416666666667,2.1473699747210153,0.2741,64.02146666666667
2026-01-23 06:00:00,PUMP-009,North,Day,68,2.7695,63.6198,102.2893,75.3504,36.5676,1,1.0,121.57,Healthy,Normal,1,2.2744999999999997,2.2869629096249025,0.7764999999999997,64.18481666666666
2026-01-23 12:00:00,PUMP-009,North,Night,68,2.6978,70.3495,100.7471,70.6301,37.6284,0,1.0,108.4,Healthy,Normal,1,2.3534,2.370350381272777,0.7764999999999997,65.31221666666666
2026-01-23 18:00:00,PUMP-009,North,Day,68,2.5098,69.4528,97.3331,74.4388,37.5525,0,1.0,123.43,Critical,Normal,1,2.4395333333333333,2.450796218238745,0.6073,66.69386666666666
2026-01-24 00:00:00,PUMP-009,North,Day,68,2.7668,70.5979,101.2537,69.1742,39.9123,1,1.0,91.43,Healthy,Normal,1,2.523483333333333,2.5354806661328206,0.6073,68.00101666666667
2026-01-24 06:00:00,PUMP-009,North,Day,68,2.6735,71.1422,99.1736,75.4871,38.5283,0,1.0,91.84,Healthy,Warning,1,2.6087,2.615481684763503,0.5347,68.63925
2026-01-24 12:00:00,PUMP-009,North,Night,68,3.0737,72.9214,99.4775,74.8884,39.1205,1,1.0,67.16,Warning,Warning,1,2.7485166666666667,2.7537177085411884,0.5639000000000003,69.6806
2026-01-24 18:00:00,PUMP-009,North,Day,68,2.9192,71.0586,100.194,75.9564,40.3822,0,1.0,66.55,Healthy,Warning,1,2.7734666666666663,2.779369403899621,0.5639000000000003,70.9204
2026-01-25 00:00:00,PUMP-009,North,Night,68,3.4798,74.8156,99.437,75.9636,40.6855,1,1.0,115.86,Warning,Warning,1,2.9038,2.9206234751048163,0.9700000000000002,71.66475000000001
2026-01-25 06:00:00,PUMP-009,North,Day,68,3.1613,70.9241,99.7123,74.0267,40.3509,2,1.0,68.74,Warning,Warning,1,3.0123833333333336,3.024207073763303,0.8062999999999998,71.90996666666666
2026-01-25 12:00:00,PUMP-009,North,Night,68,3.2049,73.1352,99.8762,76.3936,39.063,0,1.0,71.62,Warning,Warning,1,3.0854,3.0954582945556437,0.8062999999999998,72.33285
2026-01-25 18:00:00,PUMP-009,North,Night,68,3.4582,74.8289,102.1182,75.8052,38.158,2,1.0,65.29,Warning,Bearing Wear,1,3.2161833333333334,3.222388278642618,0.5606,72.9473
2026-01-26 00:00:00,PUMP-009,North,Day,68,3.5991,76.9405,96.4224,78.6044,40.5575,0,1.0,76.06,Critical,Warning,1,3.3037499999999995,3.3118123545374165,0.6799,73.61715
2026-01-26 06:00:00,PUMP-009,North,Day,68,4.0375,76.417,97.9969,75.05,40.6579,0,1.0,5.79,Critical,Warning,1,3.490133333333334,3.5021013701300348,0.8761999999999994,74.51021666666666
2026-01-26 12:00:00,PUMP-009,North,Day,68,3.7778,76.6734,92.2194,73.0025,39.7003,0,1.0,55.01,Critical,Warning,1,3.5398,3.5531921995111193,0.8761999999999994,74.81984999999999
2026-01-26 18:00:00,PUMP-009,North,Day,68,3.8179,74.8885,93.0067,75.9285,40.6923,3,1.0,39.69,Critical,Misalignment,1,3.649233333333333,3.6590889476298147,0.8325999999999998,75.48058333333334
2026-01-27 00:00:00,PUMP-009,North,Night,68,3.9037,77.7981,92.1571,80.5675,41.3794,2,1.0,22.65,Critical,Bearing Wear,1,3.7657000000000003,3.7705234216661925,0.5792999999999995,76.25773333333333
2026-01-27 06:00:00,PUMP-009,North,Day,68,4.1347,78.7559,93.5154,76.0085,42.5668,2,1.0,9.46,Critical,Misalignment,1,3.8784499999999995,3.8823892577037316,0.5355999999999996,76.91223333333333
2026-01-27 12:00:00,PUMP-009,North,Night,68,4.4469,81.8956,89.7865,76.5544,45.4428,0,1.0,0.0,Critical,Bearing Wear,1,4.01975,4.0261453213133445,0.6691000000000003,77.73808333333334
2026-01-27 18:00:00,PUMP-009,North,Day,68,4.235,81.511,96.857,75.6195,42.1732,2,1.0,0.0,Critical,Misalignment,1,4.052666666666667,4.0598213351492864,0.6691000000000003,78.58708333333333
2026-01-28 00:00:00,PUMP-009,North,Night,68,4.5219,78.4509,88.1527,78.6189,42.9884,1,1.0,37.56,Critical,Seal Leak,1,4.176683333333333,4.184668493640406,0.7039999999999997,78.88333333333334
2026-01-28 06:00:00,PUMP-009,North,Night,68,4.4053,77.9765,92.2923,74.5204,43.2666,2,1.0,0.0,Critical,Bearing Wear,1,4.274583333333333,4.279778228093912,0.6181999999999994,79.398
2026-01-01 00:00:00,PUMP-010,South,Night,83,1.9885,61.7542,119.487,68.105,36.1096,0,1.0,663.4,Healthy,Normal,0,1.9885,1.9885,0.0,61.7542
2026-01-01 06:00:00,PUMP-010,South,Day,83,1.7757,66.6571,122.7352,69.346,36.5624,0,1.0,667.34,Healthy,Normal,0,1.8820999999999999,1.8851051349991066,0.21279999999999988,64.20564999999999
2026-01-01 12:00:00,PUMP-010,South,Night,83,2.0708,63.8079,128.6945,66.9199,35.5165,0,1.0,595.49,Healthy,Normal,0,1.945,1.948970273417906,0.29510000000000014,64.07306666666666
2026-01-01 18:00:00,PUMP-010,South,Night,83,1.7715,65.1255,122.5418,69.2446,35.814,1,1.0,641.57,Healthy,Normal,0,1.9016250000000001,1.9061523830743439,0.2993000000000001,64.336175
2026-01-02 00:00:00,PUMP-010,South,Night,83,2.0973,65.455,125.136,67.4664,37.0743,0,1.0,664.43,Healthy,Normal,0,1.9407600000000003,1.9458846276179893,0.3258000000000001,64.55994
2026-01-02 06:00:00,PUMP-010,South,Day,83,2.0237,66.0107,127.585,68.2779,37.467,0,1.0,624.59,Healthy,Normal,0,1.9545833333333331,1.9590685120740419,0.3258000000000001,64.80173333333333
2026-01-02 12:00:00,PUMP-010,South,Day,83,1.8907,66.1362,119.5365,72.0247,38.4243,0,1.0,668.05,Healthy,Normal,0,1.9382833333333334,1.9428634730726706,0.3258000000000001,65.53206666666667
2026-01-02 18:00:00,PUMP-010,South,Day,83,1.712,65.4489,124.1999,68.9503,35.6236,2,1.0,647.66,Warning,Normal,0,1.9276666666666664,1.9333108199838605,0.3853000000000002,65.3307
2026-01-03 00:00:00,PUMP-010,South,Day,83,1.7967,63.6519,116.5733,71.4617,36.9583,0,1.0,604.95,Healthy,Normal,0,1.8819833333333336,1.8870639721535674,0.3853000000000002,65.3047
2026-01-03 06:00:00,PUMP-010,South,Day,83,1.8801,66.7734,112.8168,69.4469,36.7251,0,1.0,605.13,Healthy,Normal,0,1.9000833333333331,1.904495837485606,0.3853000000000002,65.57934999999999
2026-01-03 12:00:00,PUMP-010,South,Night,83,1.8762,68.5071,126.2548,,35.7227,0,1.0,584.46,Healthy,Normal,0,1.8632333333333335,1.8656583074078703,0.31169999999999987,66.08803333333333
2026-01-03 18:00:00,PUMP-010,South,Day,83,1.528,66.0831,122.7479,71.6005,37.9553,0,1.0,539.27,Healthy,Normal,0,1.7806166666666667,1.7852874572460313,0.3627,66.1001
2026-01-04 00:00:00,PUMP-010,South,Day,83,1.5358,64.6731,120.8557,71.3619,34.6739,0,1.0,591.86,Healthy,Normal,0,1.721466666666667,1.7275919165126932,0.3521000000000001,65.85625
2026-01-04 06:00:00,PUMP-010,South,Night,83,2.0077,66.9473,126.3973,69.2386,37.6835,0,1.0,615.32,Healthy,Normal,0,1.7707500000000003,1.7798575912134094,0.4796999999999998,66.10598333333333
2026-01-04 12:00:00,PUMP-010,South,Day,83,1.7733,67.8492,120.0299,68.9036,35.6976,0,1.0,587.46,Healthy,Normal,0,1.7668499999999998,1.775942016226881,0.4796999999999998,66.80553333333333
2026-01-04 18:00:00,PUMP-010,South,Night,83,1.6195,64.7638,126.4365,70.2091,34.9642,0,1.0,584.05,Healthy,Normal,0,1.7234166666666668,1.732619621170979,0.4796999999999998,66.4706
2026-01-05 00:00:00,PUMP-010,South,Night,83,2.1143,65.8937,116.8028,75.2659,36.5422,0,1.0,541.05,Healthy,Normal,0,1.7631,1.7777308832703935,0.5863,66.03503333333335
2026-01-05 06:00:00,PUMP-010,South,Night,83,2.0976,64.6006,123.3441,67.2725,36.9329,0,1.0,535.07,Healthy,Normal,0,1.8580333333333332,1.8720356264416194,0.5785,65.78795000000001
2026-01-05 12:00:00,PUMP-010,South,Day,83,1.7453,65.2331,119.072,71.818,38.0856,0,1.0,538.72,Healthy,Normal,0,1.89295,1.9023886200423579,0.49480000000000013,65.88128333333333
2026-01-05 18:00:00,PUMP-010,South,Day,83,1.7731,62.937,117.5119,68.2037,33.0054,0,1.0,537.18,Healthy,Normal,0,1.8538500000000002,1.8631299422387764,0.49480000000000013,65.2129
2026-01-06 00:00:00,PUMP-010,South,Day,83,1.3774,62.4019,122.1892,74.5321,35.0219,0,1.0,551.52,Healthy,Normal,0,1.7878666666666667,1.8064770946052244,0.7369000000000001,64.30501666666667
2026-01-06 06:00:00,PUMP-010,South,Day,83,1.9903,65.0622,119.7132,73.2616,36.0638,0,1.0,550.45,Healthy,Normal,0,1.8496666666666666,1.8672024885730345,0.7369000000000001,64.35475000000001
2026-01-06 12:00:00,PUMP-010,South,Day,83,1.8209,66.4675,122.6715,68.8374,35.9976,0,1.0,504.97,Healthy,Normal,0,1.8007666666666668,1.8149418319420965,0.7202,64.45038333333333
2026-01-06 18:00:00,PUMP-010,South,Night,83,1.5923,62.7699,115.9814,71.4213,34.3879,0,1.0,518.72,Healthy,Normal,0,1.71655,1.7272124290312412,0.6129,64.14526666666667
2026-01-07 00:00:00,PUMP-010,South,Night,83,1.9405,66.0778,112.4426,69.2557,36.5951,1,1.0,548.72,Healthy,Normal,0,1.749083333333333,1.7615828493147858,0.6129,64.28605
2026-01-07 06:00:00,PUMP-010,South,Night,83,1.5797,68.5287,125.8439,70.8064,36.2325,1,1.0,482.21,Healthy,Normal,0,1.71685,1.7306363612844842,0.6129,65.218
2026-01-07 12:00:00,PUMP-010,South,Night,83,1.7988,67.1737,125.1354,69.5615,35.5083,2,1.0,510.32,Warning,Normal,0,1.7870833333333334,1.793927904998786,0.41059999999999985,66.0133
2026-01-07 18:00:00,PUMP-010,South,Night,83,1.9492,64.8526,128.9783,70.9708,36.7439,1,1.0,500.12,Healthy,Normal,0,1.7802333333333333,1.7863907056781654,0.36949999999999994,65.97836666666667
2026-01-08 00:00:00,PUMP-010,South,Night,83,1.8306,63.1128,124.8899,70.966,35.6121,1,1.0,519.26,Healthy,Normal,0,1.7818500000000002,1.788042228714598,0.36949999999999994,65.41924999999999
2026-01-08 06:00:00,PUMP-010,South,Night,83,1.9875,62.5848,124.6634,66.1497,35.8354,0,1.0,451.65,Healthy,Normal,0,1.8477166666666667,1.8528044972419513,0.40779999999999994,65.3884
2026-01-08 12:00:00,PUMP-010,South,Day,83,1.4746,65.9249,120.7083,66.5394,36.7361,0,1.0,504.87,Healthy,Normal,0,1.7700666666666667,1.779803918975346,0.5129000000000001,65.36291666666666
2026-01-08 18:00:00,PUMP-010,South,Night,83,2.006,68.1247,126.1676,69.6475,32.6018,0,1.0,438.71,Healthy,Normal,0,1.8411166666666665,1.8499908040311983,0.5313999999999999,65.29558333333334
2026-01-09 00:00:00,PUMP-010,South,Night,83,1.945,63.6518,120.3065,74.4478,34.0166,0,1.0,445.38,Healthy,Normal,0,1.8654833333333334,1.874483902749412,0.5313999999999999,64.7086
2026-01-09 06:00:00,PUMP-010,South,Night,83,1.6489,68.5432,123.8574,69.1219,34.3959,1,1.0,428.46,Healthy,Normal,0,1.8154333333333337,1.8258162549026302,0.5313999999999999,65.3237
2026-01-09 12:00:00,PUMP-010,South,Night,83,1.7679,64.8696,127.4043,73.3638,33.3723,0,1.0,458.91,Healthy,Normal,0,1.8049833333333334,1.8154890998479354,0.5313999999999999,65.6165
2026-01-09 18:00:00,PUMP-010,South,Day,83,1.8187,63.2556,120.5184,68.1635,35.3003,0,1.0,445.69,Healthy,Normal,0,1.7768499999999998,1.785754624334859,0.5313999999999999,65.7283
2026-01-10 00:00:00,PUMP-010,South,Day,83,2.0548,66.5728,128.658,69.6318,35.2317,1,1.0,448.28,Healthy,Normal,0,1.8735499999999998,1.8788859886468188,0.40590000000000015,65.83628333333333
2026-01-10 06:00:00,PUMP-010,South,Day,83,1.5488,66.9652,124.2977,72.9194,37.2461,0,1.0,440.65,Healthy,Normal,0,1.79735,1.8053633424696907,0.5060000000000002,65.64303333333334
2026-01-10 12:00:00,PUMP-010,South,Night,83,2.2414,63.0448,117.0622,71.2998,38.275,0,1.0,408.02,Healthy,Normal,0,1.8467500000000001,1.8617585660695462,0.6926000000000001,65.54186666666668
2026-01-10 18:00:00,PUMP-010,South,Night,83,1.7717,62.4198,125.0071,66.4414,34.2111,2,1.0,412.32,Warning,Normal,0,1.8672166666666665,1.8804662289797531,0.6926000000000001,64.5213
2026-01-11 00:00:00,PUMP-010,South,Day,83,1.7329,63.7144,124.2312,71.4101,37.2516,0,1.0,448.04,Healthy,Normal,0,1.8613833333333334,1.8750285077832816,0.6926000000000001,64.32876666666667
2026-01-11 06:00:00,PUMP-010,South,Day,83,1.7714,64.8159,121.1369,68.4124,37.2444,0,1.0,437.84,Healthy,Normal,0,1.8535000000000001,1.8674661844328,0.6926000000000001,64.58881666666666
2026-01-11 12:00:00,PUMP-010,South,Day,83,2.0621,67.5826,116.2906,73.1081,37.8892,0,1.0,468.51,Healthy,Normal,0,1.8547166666666666,1.8688067971301903,0.6926000000000001,64.75711666666668
2026-01-11 18:00:00,PUMP-010,South,Day,83,1.9737,68.5491,119.0626,74.0296,32.8809,0,1.0,412.01,Healthy,Normal,0,1.9255333333333333,1.934396689754543,0.5085,65.0211
2026-01-12 00:00:00,PUMP-010,South,Day,83,2.0053,67.4025,117.3356,71.984,36.7127,0,1.0,445.61,Healthy,Normal,0,1.8861833333333333,1.8907096308881843,0.32919999999999994,65.74738333333333
2026-01-12 06:00:00,PUMP-010,South,Day,83,1.7392,63.3715,121.4482,70.8373,35.884,1,1.0,365.9,Healthy,Normal,0,1.880766666666667,1.885673761108568,0.32919999999999994,65.90599999999999
2026-01-12 12:00:00,PUMP-010,South,Night,83,1.8085,66.44,118.131,70.7422,34.137,2,1.0,344.5,Warning,Normal,0,1.8933666666666669,1.8974686224897985,0.32289999999999996,66.36026666666667
2026-01-12 18:00:00,PUMP-010,South,Night,83,1.899,62.1724,120.0484,71.0608,36.2718,0,1.0,373.03,Healthy,Normal,0,1.9146333333333334,1.91792709628564,0.32289999999999996,65.91968333333334
2026-01-13 00:00:00,PUMP-010,South,Night,83,2.0927,64.6135,114.1262,67.7074,34.4641,0,1.0,437.2,Healthy,Normal,0,1.9197333333333333,1.9234432215863992,0.3534999999999997,65.42483333333332
2026-01-13 06:00:00,PUMP-010,South,Day,83,2.0283,65.6979,125.4244,66.2239,33.7572,1,1.0,363.52,Healthy,Normal,0,1.9288333333333334,1.9328869668624358,0.3534999999999997,64.94963333333334
2026-01-13 12:00:00,PUMP-010,South,Day,83,1.7898,63.6222,126.4703,76.274,36.6775,0,1.0,420.81,Healthy,Normal,0,1.8929166666666666,1.897299313498005,0.3534999999999997,64.31958333333334
2026-01-13 18:00:00,PUMP-010,South,Day,83,2.0515,63.8323,120.8626,71.5072,38.0752,0,1.0,363.71,Healthy,Normal,0,1.9449666666666665,1.9486022221069133,0.3028999999999997,64.39638333333333
2026-01-14 00:00:00,PUMP-010,South,Day,83,1.6587,64.652,123.6804,70.4262,38.9842,0,1.0,320.37,Healthy,Normal,0,1.92,1.9262622337919968,0.4339999999999997,64.09838333333333
2026-01-14 06:00:00,PUMP-010,South,Night,83,1.9562,64.4915,123.6212,71.5836,36.0698,0,1.0,307.73,Healthy,Normal,0,1.9295333333333333,1.935778680531429,0.4339999999999997,64.4849
2026-01-14 12:00:00,PUMP-010,South,Day,83,1.9092,68.8589,117.0245,73.1517,34.6123,0,1.0,322.53,Healthy,Normal,0,1.8989500000000001,1.9039032691639912,0.3927999999999998,65.19246666666666
2026-01-14 18:00:00,PUMP-010,South,Night,83,1.654,64.8703,122.5487,69.5714,37.1956,1,1.0,347.64,Healthy,Normal,0,1.8365666666666665,1.8425888065436629,0.39749999999999996,65.05453333333334
2026-01-15 00:00:00,PUMP-010,South,Night,83,1.8031,64.1004,123.8808,71.0396,35.3516,1,1.0,326.87,Healthy,Normal,0,1.8387833333333334,1.844748701494777,0.39749999999999996,65.13423333333334
2026-01-15 06:00:00,PUMP-010,South,Night,83,2.0222,68.0925,123.7402,72.4171,35.0688,0,1.0,296.29,Healthy,Normal,0,1.8339,1.8393489436935742,0.3682000000000003,65.84426666666667
2026-01-15 12:00:00,PUMP-010,South,Night,83,1.5613,64.1599,125.1609,63.9019,36.6888,1,1.0,322.32,Healthy,Normal,0,1.8176666666666665,1.8250844373160746,0.4609000000000003,65.76225
2026-01-15 18:00:00,PUMP-010,South,Day,83,1.6778,64.7983,119.7394,68.3033,35.6206,0,1.0,261.02,Healthy,Normal,0,1.7712666666666668,1.7782900785117521,0.4609000000000003,65.81338333333333
2026-01-16 00:00:00,PUMP-010,South,Night,83,1.9236,64.7545,120.0751,66.0799,33.8001,0,1.0,295.59,Healthy,Normal,0,1.7736666666666665,1.7808745950609024,0.4609000000000003,65.12931666666667
2026-01-16 06:00:00,PUMP-010,South,Day,83,1.45,64.6965,117.2768,69.3922,37.5061,0,1.0,295.14,Healthy,Normal,0,1.7396666666666667,1.750993524640606,0.5722000000000003,65.10034999999999
2026-01-16 12:00:00,PUMP-010,South,Night,83,1.9441,64.4247,122.7697,68.0966,36.5887,0,1.0,320.81,Healthy,Normal,0,1.7631666666666665,1.7759610140240505,0.5722000000000003,65.1544
2026-01-16 18:00:00,PUMP-010,South,Day,83,1.7505,66.6653,125.1905,71.0981,35.5755,0,1.0,302.95,Healthy,Normal,0,1.7178833333333332,1.7271934146663095,0.4941,64.91653333333333
2026-01-17 00:00:00,PUMP-010,South,Night,83,1.2865,65.6666,119.24,70.9148,33.2403,0,1.0,264.71,Healthy,Normal,0,1.6720833333333334,1.6890138695897872,0.6576,65.16765
2026-01-17 06:00:00,PUMP-010,South,Night,83,1.9353,64.7902,122.0795,71.3689,37.3339,0,1.0,289.54,Healthy,Normal,0,1.7149999999999999,1.7343096782293523,0.6576,65.16629999999999
2026-01-17 12:00:00,PUMP-010,South,Day,83,1.8863,63.8466,121.5566,69.1125,35.8553,0,1.0,308.45,Healthy,Normal,0,1.7087833333333335,1.7274678525711171,0.6576,65.01498333333333
2026-01-17 18:00:00,PUMP-010,South,Night,83,2.0352,62.567,123.5257,72.4913,36.8343,0,1.0,280.64,Healthy,Normal,0,1.8063166666666666,1.8232027739667358,0.7487000000000001,64.66006666666667
2026-01-18 00:00:00,PUMP-010,South,Night,83,1.9062,65.9653,121.5491,67.5099,36.5918,1,1.0,249.34,Healthy,Normal,0,1.8,1.8165206559060467,0.7487000000000001,64.91683333333334
2026-01-18 06:00:00,PUMP-010,South,Day,83,1.6592,67.9915,119.5551,72.5506,37.7267,0,1.0,206.14,Healthy,Normal,0,1.7847833333333334,1.8021828500460213,0.7487000000000001,65.13786666666665
2026-01-18 12:00:00,PUMP-010,South,Day,83,1.6137,65.0114,126.2756,72.123,34.5187,0,1.0,235.12,Healthy,Normal,0,1.8393166666666667,1.8455407333172935,0.4215000000000002,65.02866666666667
2026-01-18 18:00:00,PUMP-010,South,Night,83,2.286,66.2135,121.9751,72.739,35.4887,0,1.0,274.03,Healthy,Normal,0,1.8977666666666666,1.9112183505118752,0.6723000000000001,65.26588333333332
2026-01-19 00:00:00,PUMP-010,South,Night,83,2.0505,68.6192,119.4137,67.9534,36.7944,0,1.0,234.45,Healthy,Normal,0,1.9251333333333331,1.9391989781006658,0.6723000000000001,66.06131666666667
2026-01-19 06:00:00,PUMP-010,South,Day,83,1.6737,62.1471,117.5137,70.0229,33.3912,0,1.0,255.41,Healthy,Normal,0,1.8648833333333332,1.8806997239502818,0.6723000000000001,65.99133333333334
2026-01-19 12:00:00,PUMP-010,South,Day,83,2.1614,63.7801,123.1219,67.7911,35.567,1,1.0,222.86,Healthy,Normal,0,1.9074166666666665,1.9261464218312514,0.6723000000000001,65.62713333333333
2026-01-19 18:00:00,PUMP-010,South,Night,83,2.0679,59.919,120.6035,69.8945,35.0745,0,1.0,181.15,Healthy,Normal,0,1.9755333333333331,1.9909589816635265,0.6723000000000001,64.28171666666667
2026-01-20 00:00:00,PUMP-010,South,Day,83,2.1485,63.123,126.8367,70.3446,35.2948,0,1.0,204.8,Healthy,Normal,0,2.0646666666666667,2.0734645146067328,0.6123000000000001,63.96698333333333
2026-01-20 06:00:00,PUMP-010,South,Day,83,1.606,65.2638,119.4232,67.2054,34.8558,0,1.0,208.08,Healthy,Normal,0,1.9513333333333334,1.964220394965901,0.5553999999999999,63.808699999999995
2026-01-20 12:00:00,PUMP-010,South,Day,83,1.7934,69.2387,114.24,71.0795,36.009,0,1.0,174.8,Healthy,Normal,0,1.9084833333333335,1.921835228368967,0.5553999999999999,63.91195
2026-01-20 18:00:00,PUMP-010,South,Day,83,1.8027,64.3455,124.4069,65.6786,37.0876,1,1.0,191.58,Healthy,Normal,0,1.9299833333333334,1.9411834650542437,0.5553999999999999,64.27835
2026-01-21 00:00:00,PUMP-010,South,Day,83,2.0051,71.5052,126.5891,68.6998,36.8817,0,1.0,202.2,Healthy,Normal,0,1.9039333333333335,1.9130227181087003,0.5424999999999998,65.56586666666666
2026-01-21 06:00:00,PUMP-010,South,Day,83,1.7602,67.1387,116.3951,68.3419,36.8017,0,1.0,140.01,Healthy,Normal,1,1.85265,1.8610046189267415,0.5424999999999998,66.76915
2026-01-21 12:00:00,PUMP-010,South,Night,83,2.285,63.0245,114.8926,69.8645,34.4118,0,1.0,169.77,Healthy,Normal,0,1.8754,1.8879089799740523,0.679,66.75273333333332
2026-01-21 18:00:00,PUMP-010,South,Day,83,1.62,66.4637,121.0552,72.5384,35.7475,0,1.0,202.51,Healthy,Normal,0,1.8777333333333335,1.8899014921418524,0.665,66.95271666666666
2026-01-22 00:00:00,PUMP-010,South,Day,83,1.5432,63.2549,124.0965,65.9114,37.9771,0,1.0,157.05,Healthy,Normal,1,1.8360333333333332,1.8527254059897815,0.7418000000000002,65.95541666666666
2026-01-22 06:00:00,PUMP-010,South,Day,83,1.9092,65.6796,119.7277,70.4596,33.6441,0,1.0,176.88,Healthy,Normal,0,1.8537833333333333,1.870421785320092,0.7418000000000002,66.17776666666667
2026-01-22 12:00:00,PUMP-010,South,Day,83,1.771,67.573,118.8856,71.3217,35.8406,0,1.0,134.75,Healthy,Normal,1,1.8147666666666666,1.8306137823145547,0.7418000000000002,65.52239999999999
2026-01-22 18:00:00,PUMP-010,South,Day,83,1.7751,66.5521,121.0646,70.0215,35.7349,0,1.0,136.21,Healthy,Normal,1,1.8172499999999998,1.8330101331780282,0.7418000000000002,65.42463333333333
2026-01-23 00:00:00,PUMP-010,South,Day,83,1.8213,66.8349,123.5068,71.1769,35.8814,0,1.0,116.74,Healthy,Normal,1,1.7399666666666667,1.7442985973355212,0.3660000000000001,66.05969999999999
2026-01-23 06:00:00,PUMP-010,South,Day,83,2.2652,64.6866,115.1021,69.9422,39.9757,1,1.0,117.44,Healthy,Normal,1,1.8475000000000001,1.8602059303564573,0.7220000000000002,65.76351666666666
2026-01-23 12:00:00,PUMP-010,South,Night,83,2.3565,67.9709,116.5909,71.856,36.5904,1,1.0,118.2,Healthy,Normal,1,1.9830500000000002,1.9972407061577064,0.5855000000000001,66.54951666666666
2026-01-23 18:00:00,PUMP-010,South,Day,83,2.2812,70.1915,114.842,72.2527,37.2652,1,1.0,117.71,Healthy,Normal,1,2.0450500000000003,2.061255743068611,0.5855000000000001,67.30149999999999
2026-01-24 00:00:00,PUMP-010,South,Day,83,2.4729,69.9342,115.997,75.9066,38.4563,0,1.0,104.5,Healthy,Normal,1,2.1620333333333335,2.1783573643152923,0.6978000000000002,67.69503333333334
2026-01-24 06:00:00,PUMP-010,South,Day,83,2.5097,70.6504,113.0425,73.5159,37.4796,0,1.0,115.65,Healthy,Normal,1,2.284466666666667,2.2956138946550513,0.6884000000000001,68.37808333333334
2026-01-24 12:00:00,PUMP-010,South,Day,83,2.5857,68.2946,111.1045,74.7464,40.371,2,1.0,100.55,Warning,Normal,1,2.4118666666666666,2.414807436077116,0.3205,68.62136666666667
2026-01-24 18:00:00,PUMP-010,South,Night,83,2.9442,74.4973,117.6279,71.8183,38.5686,1,1.0,118.75,Healthy,Warning,1,2.5250333333333335,2.533934763695914,0.6629999999999998,70.25648333333334
2026-01-25 00:00:00,PUMP-010,South,Night,83,3.0775,73.9052,118.7616,75.4029,39.4945,0,1.0,74.75,Warning,Warning,1,2.6452,2.6596637105719463,0.7963,71.24553333333334
2026-01-25 06:00:00,PUMP-010,South,Day,83,3.5371,71.6229,118.3149,72.1409,39.6212,0,1.0,101.1,Warning,Warning,1,2.8545166666666666,2.8795274291105475,1.0642,71.4841
2026-01-25 12:00:00,PUMP-010,South,Day,83,3.4638,73.6599,117.3802,73.2706,40.6656,4,1.0,108.72,Critical,Seal Leak,1,3.019666666666667,3.0450162922388446,1.0274,72.10504999999999
2026-01-25 18:00:00,PUMP-010,South,Night,83,3.2728,73.3514,120.8748,72.5712,39.7877,0,1.0,48.95,Warning,Warning,1,3.14685,3.1634730668997326,0.9514,72.55521666666667
2026-01-26 00:00:00,PUMP-010,South,Night,83,3.4363,76.4677,115.5605,72.5629,43.2004,1,1.0,87.84,Warning,Warning,1,3.2886166666666665,3.295645719986702,0.5929000000000002,73.9174
2026-01-26 06:00:00,PUMP-010,South,Night,83,3.4369,76.9222,108.6733,77.2248,39.5913,2,1.0,48.84,Warning,Warning,1,3.3707333333333334,3.3742073696400663,0.4596,74.32155
2026-01-26 12:00:00,PUMP-010,South,Night,83,3.5226,76.1584,116.2356,77.2203,39.7937,3,1.0,54.9,Warning,Warning,1,3.4449166666666673,3.445996632567517,0.2643,74.69708333333332
2026-01-26 18:00:00,PUMP-010,South,Night,83,4.0807,80.4596,109.3427,77.7499,40.8241,2,1.0,38.95,Warning,Bearing Wear,1,3.5355166666666666,3.5447236100529285,0.8079000000000001,76.16986666666666
2026-01-27 00:00:00,PUMP-010,South,Night,83,4.2925,79.7078,105.1355,75.0199,39.3139,0,1.0,60.92,Critical,Bearing Wear,1,3.6736333333333335,3.6927414983089912,1.0197000000000003,77.17784999999999
2026-01-27 06:00:00,PUMP-010,South,Day,83,3.8673,80.244,104.8388,76.2318,45.5411,2,1.0,31.02,Warning,Seal Leak,1,3.772716666666667,3.7873215709346186,0.8562000000000003,78.32661666666667
2026-01-27 12:00:00,PUMP-010,South,Night,83,4.2904,79.91,105.4141,78.3514,40.6139,1,1.0,67.87,Critical,Bearing Wear,1,3.9150666666666667,3.9298473795640803,0.8556000000000004,78.90033333333334
2026-01-27 18:00:00,PUMP-010,South,Day,83,4.3464,81.8622,114.8615,80.339,41.0775,3,1.0,18.25,Critical,Seal Leak,1,4.06665,4.077194989818368,0.8237999999999999,79.72366666666666
2026-01-28 00:00:00,PUMP-010,South,Night,83,4.396,83.1508,111.5145,78.9667,41.3947,1,1.0,22.93,Critical,Seal Leak,1,4.2122166666666665,4.216183486480002,0.5286999999999997,80.88906666666666
2026-01-28 06:00:00,PUMP-010,South,Night,83,4.5631,84.1811,105.4141,77.302,42.6701,4,1.0,18.1,Critical,Misalignment,1,4.2926166666666665,4.297809292147183,0.6958000000000002,81.50931666666666
2026-01-01 00:00:00,PUMP-011,East,Night,41,1.9086,57.1662,116.6006,69.7307,36.901,1,1.0,678.37,Healthy,Normal,0,1.9086,1.9086,0.0,57.1662
2026-01-01 06:00:00,PUMP-011,East,Day,41,1.8583,56.2342,108.7968,72.2661,37.4366,0,1.0,673.64,Healthy,Normal,0,1.88345,1.8836179084410936,0.05030000000000001,56.7002
2026-01-01 12:00:00,PUMP-011,East,Day,41,1.966,59.431,120.533,68.929,35.418,0,1.0,664.37,Healthy,Normal,0,1.9109666666666667,1.9114731535301945,0.1076999999999999,57.61046666666667
2026-01-01 18:00:00,PUMP-011,East,Day,41,1.7835,52.6545,111.2496,69.5806,37.7797,0,1.0,672.11,Healthy,Normal,0,1.8791,1.8802965922960133,0.18249999999999988,56.371475000000004
2026-01-02 00:00:00,PUMP-011,East,Night,41,1.5718,55.3018,113.0937,69.4311,37.2915,0,1.0,641.82,Healthy,Normal,0,1.8176400000000001,1.8227789959290184,0.3941999999999999,56.15754
2026-01-02 06:00:00,PUMP-011,East,Day,41,2.0302,58.5844,113.118,73.5452,35.4847,0,1.0,655.06,Healthy,Normal,0,1.8530666666666669,1.8589570723033566,0.4583999999999997,56.562016666666665
2026-01-02 12:00:00,PUMP-011,East,Night,41,2.0837,54.7729,112.8679,70.233,37.5006,0,1.0,622.65,Healthy,Normal,0,1.88225,1.8900343960714932,0.5118999999999998,56.16313333333333
2026-01-02 18:00:00,PUMP-011,East,Day,41,1.7389,56.1023,112.5139,69.9326,35.4298,1,1.0,628.63,Healthy,Normal,0,1.8623500000000002,1.871001266256475,0.5118999999999998,56.14115
2026-01-03 00:00:00,PUMP-011,East,Day,41,1.5508,57.2972,113.1707,71.9233,36.1515,0,1.0,594.45,Healthy,Normal,0,1.7931499999999998,1.8047944975351995,0.5328999999999999,55.78551666666666
2026-01-03 06:00:00,PUMP-011,East,Night,41,2.1254,60.3074,110.195,66.9478,36.9292,2,1.0,559.31,Warning,Normal,0,1.8501333333333332,1.8654825997580358,0.5746,57.061
2026-01-03 12:00:00,PUMP-011,East,Day,41,1.8994,54.8805,111.9151,68.7292,36.2961,0,1.0,588.68,Healthy,Normal,0,1.9047333333333334,1.9156076973117433,0.5746,56.99078333333333
2026-01-03 18:00:00,PUMP-011,East,Day,41,2.0265,52.4718,111.4899,72.7657,38.6181,0,1.0,553.56,Healthy,Normal,0,1.9041166666666662,1.914954625659139,0.5746,55.97201666666667
2026-01-04 00:00:00,PUMP-011,East,Day,41,1.8587,58.3264,110.7944,68.2006,35.2787,0,1.0,575.32,Healthy,Normal,0,1.8666166666666666,1.8759560811312541,0.5746,56.56426666666667
2026-01-04 06:00:00,PUMP-011,East,Day,41,1.7933,56.3534,112.6241,71.795,34.4173,0,1.0,559.09,Healthy,Normal,0,1.8756833333333331,1.884472472161197,0.5746,56.60611666666667
2026-01-04 12:00:00,PUMP-011,East,Night,41,2.0467,60.3919,116.6352,71.6971,36.9923,1,1.0,587.14,Healthy,Normal,0,1.9583333333333333,1.9617772231661101,0.33210000000000006,57.121900000000004
2026-01-04 18:00:00,PUMP-011,East,Day,41,1.7975,59.6051,110.6642,70.303,35.6155,0,1.0,583.13,Healthy,Normal,0,1.9036833333333332,1.9063534269209719,0.25340000000000007,57.00485
2026-01-05 00:00:00,PUMP-011,East,Night,41,1.8088,59.1972,113.1575,72.5287,34.4195,1,1.0,494.43,Healthy,Normal,0,1.888583333333333,1.8916103109079663,0.25340000000000007,57.7243
2026-01-05 06:00:00,PUMP-011,East,Night,41,1.8484,58.2456,113.4252,66.8527,37.9175,0,1.0,560.18,Healthy,Normal,0,1.8589000000000002,1.8609593278736642,0.25340000000000007,58.6866
2026-01-05 12:00:00,PUMP-011,East,Day,41,2.0642,56.0141,104.6608,70.7428,33.1389,1,1.0,538.1,Healthy,Normal,0,1.89315,1.8967153041508364,0.27090000000000014,58.30121666666667
2026-01-05 18:00:00,PUMP-011,East,Night,41,2.0598,61.8201,108.6882,70.9157,35.3866,1,1.0,504.75,Healthy,Normal,0,1.9375666666666664,1.941306468163472,0.26669999999999994,59.21233333333333
2026-01-06 00:00:00,PUMP-011,East,Night,41,2.2015,58.5491,110.6891,71.2476,36.3658,0,1.0,544.96,Healthy,Normal,0,1.9633666666666667,1.9693334820017998,0.4039999999999997,58.90520000000001
2026-01-06 06:00:00,PUMP-011,East,Night,41,1.8879,54.4518,113.8369,67.1591,35.6953,0,1.0,513.85,Healthy,Normal,0,1.9784333333333335,1.9833812181894501,0.3926999999999998,58.04631666666666
2026-01-06 12:00:00,PUMP-011,East,Day,41,1.8416,58.201,110.9932,73.0914,34.8495,0,1.0,508.55,Healthy,Normal,0,1.9839000000000002,1.9884055362693664,0.3598999999999999,57.88028333333333
2026-01-06 18:00:00,PUMP-011,East,Day,41,1.5416,57.0881,115.2359,67.0945,39.2704,0,1.0,519.91,Healthy,Normal,0,1.9327666666666665,1.9443288242132981,0.6598999999999997,57.68736666666666
2026-01-07 00:00:00,PUMP-011,East,Night,41,1.9557,57.2407,105.4437,76.4994,35.3065,0,1.0,492.74,Healthy,Normal,0,1.9146833333333333,1.9255444385939264,0.6598999999999997,57.891799999999996
2026-01-07 06:00:00,PUMP-011,East,Day,41,2.0609,55.2113,111.576,65.6728,37.2624,1,1.0,510.08,Healthy,Normal,0,1.9148666666666667,1.9257405969306112,0.6598999999999997,56.79033333333333
2026-01-07 12:00:00,PUMP-011,East,Day,41,1.8112,60.1078,113.4096,71.4829,34.2788,0,1.0,523.27,Healthy,Normal,0,1.8498166666666667,1.8567311899320986,0.5193000000000001,57.05011666666666
2026-01-07 18:00:00,PUMP-011,East,Day,41,2.2222,58.2962,114.5212,62.9093,35.727,0,1.0,475.81,Healthy,Normal,0,1.9055333333333333,1.9174075683936718,0.6805999999999999,57.69084999999999
2026-01-08 00:00:00,PUMP-011,East,Day,41,1.8053,52.808,112.2927,65.6683,37.5827,0,1.0,503.38,Healthy,Normal,0,1.8994833333333332,1.9116453746271387,0.6805999999999999,56.792016666666676
2026-01-08 06:00:00,PUMP-011,East,Day,41,1.8191,57.8089,106.6758,71.4317,33.7023,0,1.0,488.93,Healthy,Normal,0,1.9457333333333333,1.9518761265339903,0.41690000000000005,56.912150000000004
2026-01-08 12:00:00,PUMP-011,East,Day,41,1.9072,56.2043,117.5944,70.3694,36.326,0,1.0,455.93,Healthy,Normal,0,1.9376499999999999,1.9438609273813803,0.41690000000000005,56.73941666666667
2026-01-08 18:00:00,PUMP-011,East,Day,41,1.9377,58.6982,104.2373,65.8903,35.8935,1,1.0,473.52,Healthy,Normal,0,1.9171166666666668,1.9226259954378369,0.41690000000000005,57.32056666666667
2026-01-09 00:00:00,PUMP-011,East,Night,41,1.724,57.4621,105.9781,70.8898,33.3704,1,1.0,477.2,Healthy,Normal,0,1.9025833333333335,1.9092177660846688,0.4982,56.87961666666667
2026-01-09 06:00:00,PUMP-011,East,Day,41,1.8991,54.4113,108.3853,66.5468,33.6273,0,1.0,448.55,Healthy,Normal,0,1.8487333333333333,1.850183902571129,0.2137,56.23213333333334
2026-01-09 12:00:00,PUMP-011,East,Night,41,2.0567,57.46,109.8217,67.5319,35.3839,1,1.0,453.87,Healthy,Normal,0,1.890633333333333,1.893409166908551,0.3327000000000002,57.00746666666666
2026-01-09 18:00:00,PUMP-011,East,Day,41,2.4098,54.951,110.3556,66.7254,35.4571,0,1.0,429.72,Healthy,Normal,0,1.9890833333333333,2.000333341804144,0.6858000000000002,56.53115
2026-01-10 00:00:00,PUMP-011,East,Night,41,1.9137,56.7069,105.7621,68.5002,35.4653,1,1.0,449.63,Healthy,Normal,0,1.9901666666666669,2.001367728996015,0.6858000000000002,56.614916666666666
2026-01-10 06:00:00,PUMP-011,East,Day,41,1.5484,58.345,108.3007,71.7184,37.843,0,1.0,462.56,Healthy,Normal,0,1.9252833333333335,1.9440378078456533,0.8614000000000002,56.55605
2026-01-10 12:00:00,PUMP-011,East,Day,41,1.9209,56.8055,108.7754,71.2961,36.6966,0,1.0,471.7,Healthy,Normal,0,1.9581,1.974562348133547,0.8614000000000002,56.446616666666664
2026-01-10 18:00:00,PUMP-011,East,Night,41,1.8101,57.8673,111.3501,65.6554,36.1135,0,1.0,410.71,Healthy,Normal,0,1.943266666666667,1.96058069629043,0.8614000000000002,57.022616666666664
2026-01-11 00:00:00,PUMP-011,East,Day,41,1.5023,59.6722,112.2856,67.2324,34.8971,0,1.0,403.69,Healthy,Normal,0,1.8508666666666669,1.8748400109520458,0.9075000000000002,57.391316666666675
2026-01-11 06:00:00,PUMP-011,East,Day,41,2.0068,54.1465,107.0531,65.252,34.7436,0,1.0,364.61,Healthy,Normal,0,1.7837000000000003,1.793983491191228,0.5045000000000002,57.25723333333334
2026-01-11 12:00:00,PUMP-011,East,Day,41,1.7433,56.9745,112.5099,66.4051,35.1985,0,1.0,433.1,Healthy,Normal,0,1.7553,1.7647996959050811,0.5045000000000002,57.30183333333333
2026-01-11 18:00:00,PUMP-011,East,Day,41,1.8606,57.8831,108.5559,70.177,36.8511,0,1.0,405.03,Healthy,Normal,0,1.8073333333333332,1.814359280848201,0.5045000000000002,57.22485
2026-01-12 00:00:00,PUMP-011,East,Night,41,2.2231,56.493,106.0382,70.5756,37.5066,1,1.0,329.58,Healthy,Normal,0,1.8577000000000001,1.8709941385976245,0.7208000000000001,57.17276666666667
2026-01-12 06:00:00,PUMP-011,East,Day,41,7.021259999999999,59.5931,106.3631,69.4371,35.4575,1,1.0,379.36,Healthy,Normal,0,2.726226666666667,3.3422882475334164,5.518959999999999,57.4604
2026-01-12 12:00:00,PUMP-011,East,Day,41,1.6824,54.4107,111.7505,68.8364,38.5736,0,1.0,336.22,Healthy,Normal,0,2.7562433333333334,3.356558476763563,5.338859999999999,56.583483333333334
2026-01-12 18:00:00,PUMP-011,East,Day,41,1.9607,58.9412,113.536,69.1849,37.7908,0,1.0,374.93,Healthy,Normal,0,2.74856,3.3520144962295926,5.338859999999999,57.3826
2026-01-13 00:00:00,PUMP-011,East,Day,41,1.9742,56.9047,112.4791,70.5408,36.2533,0,1.0,353.12,Healthy,Normal,0,2.787043333333333,3.373286672460554,5.338859999999999,57.37096666666667
2026-01-13 06:00:00,PUMP-011,East,Night,41,1.6862,58.5056,107.8935,66.9542,34.5689,0,1.0,368.32,Healthy,Normal,0,2.7579766666666665,3.3579710125709337,5.338859999999999,57.474716666666666
2026-01-13 12:00:00,PUMP-011,East,Night,41,1.8791,59.5861,109.1812,69.6194,37.4602,0,1.0,335.48,Healthy,Normal,0,2.7006433333333333,3.322766395831441,5.338859999999999,57.99023333333333
2026-01-13 18:00:00,PUMP-011,East,Day,41,2.1702,58.519,119.6672,68.2007,33.5312,0,1.0,360.61,Healthy,Normal,0,1.8921333333333334,1.8998392554810175,0.4878,57.81121666666667
2026-01-14 00:00:00,PUMP-011,East,Day,41,2.0517,57.2163,109.9394,71.2023,35.6411,0,1.0,323.11,Healthy,Normal,0,1.9536833333333334,1.9593935418048787,0.484,58.278816666666664
2026-01-14 06:00:00,PUMP-011,East,Night,41,2.1433,57.1786,103.1027,69.6591,34.9388,0,1.0,358.11,Healthy,Normal,0,1.9841166666666663,1.991010158604588,0.484,57.98505
2026-01-14 12:00:00,PUMP-011,East,Day,41,1.6711,55.0682,115.2076,67.7698,36.0005,0,1.0,314.06,Healthy,Normal,0,1.9336,1.9442152778606248,0.4990999999999999,57.67896666666667
2026-01-14 18:00:00,PUMP-011,East,Night,41,2.0027,58.7847,115.749,70.9776,33.4279,1,1.0,345.05,Healthy,Normal,0,1.9863499999999998,1.9936304877450755,0.4990999999999999,57.72548333333333
2026-01-15 00:00:00,PUMP-011,East,Day,41,1.8468,57.5269,114.855,69.5794,36.2468,0,1.0,348.37,Healthy,Normal,0,1.9809666666666665,1.9885936638740456,0.4990999999999999,57.38228333333333
2026-01-15 06:00:00,PUMP-011,East,Day,41,1.5932,56.8599,113.7909,70.1509,38.0543,0,1.0,358.56,Healthy,Normal,0,1.8848,1.8954131809889543,0.5501,57.10576666666666
2026-01-15 12:00:00,PUMP-011,East,Night,41,2.104,57.1336,112.2473,71.714,34.8606,2,1.0,339.98,Warning,Normal,0,1.8935166666666667,1.9049448754054101,0.5501,57.09198333333333
2026-01-15 18:00:00,PUMP-011,East,Day,41,1.8142,58.1258,110.7746,68.7445,37.748,1,1.0,344.2,Healthy,Normal,0,1.8386666666666667,1.8470912547390108,0.5108000000000001,57.24985
2026-01-16 00:00:00,PUMP-011,East,Day,41,1.9511,57.9505,,71.2673,38.9228,0,1.0,338.87,Healthy,Normal,0,1.8853333333333333,1.8922954587836789,0.5108000000000001,57.73023333333333
2026-01-16 06:00:00,PUMP-011,East,Night,41,1.8215,55.7277,111.1431,72.8811,38.1555,0,1.0,242.61,Healthy,Normal,0,1.8551333333333335,1.8615292808154627,0.5108000000000001,57.220733333333335
2026-01-16 12:00:00,PUMP-011,East,Night,41,1.6543,59.3772,104.187,68.2635,36.7282,2,1.0,288.26,Warning,Normal,0,1.82305,1.8311101291293215,0.5108000000000001,57.529116666666674
2026-01-16 18:00:00,PUMP-011,East,Day,41,1.8618,55.879,106.3148,68.1379,36.5493,0,1.0,269.7,Healthy,Normal,0,1.8678166666666665,1.872867624348644,0.4497,57.365633333333335
2026-01-17 00:00:00,PUMP-011,East,Night,41,1.5502,58.2375,107.5742,71.5848,34.9414,0,1.0,272.32,Healthy,Normal,0,1.7755166666666666,1.7805478028779045,0.40090000000000003,57.54961666666667
2026-01-17 06:00:00,PUMP-011,East,Day,41,1.993,57.6186,112.0978,65.9724,34.4287,1,1.0,233.34,Healthy,Normal,0,1.8053166666666665,1.8121272136175577,0.4428000000000001,57.46508333333333
2026-01-17 12:00:00,PUMP-011,East,Day,41,1.8825,54.5806,110.0164,74.1225,36.184,0,1.0,306.19,Healthy,Normal,0,1.7938833333333335,1.79999283655982,0.4428000000000001,56.90343333333334
2026-01-17 18:00:00,PUMP-011,East,Day,41,1.8456,54.2113,107.4786,67.0617,35.8156,0,1.0,270.08,Healthy,Normal,0,1.7979,1.8040797460201141,0.4428000000000001,56.6507
2026-01-18 00:00:00,PUMP-011,East,Day,41,1.8724,59.2856,109.52,77.0042,35.2097,0,1.0,276.63,Healthy,Normal,0,1.83425,1.8392659609202797,0.4428000000000001,56.63543333333334
2026-01-18 06:00:00,PUMP-011,East,Night,41,1.6387,58.0117,103.9468,70.3718,34.1082,0,1.0,231.49,Healthy,Normal,0,1.7970666666666668,1.8035351442837666,0.4428000000000001,56.99088333333333
2026-01-18 12:00:00,PUMP-011,East,Day,41,1.6641,57.1029,108.2004,67.9993,34.999,0,1.0,251.71,Healthy,Normal,0,1.81605,1.8203728038509035,0.35430000000000006,56.80178333333333
2026-01-18 18:00:00,PUMP-011,East,Day,41,1.9331,55.5554,109.4858,68.1558,37.1201,0,1.0,266.18,Healthy,Normal,0,1.8060666666666665,1.8095749721965102,0.2944,56.457916666666655
2026-01-19 00:00:00,PUMP-011,East,Night,41,2.1429,60.1881,115.3656,71.4493,36.0763,0,1.0,255.47,Healthy,Normal,0,1.8494666666666666,1.857219410839764,0.5042,57.39249999999999
2026-01-19 06:00:00,PUMP-011,East,Night,41,2.1704,56.6456,109.7503,70.7367,36.732,1,1.0,217.32,Healthy,Normal,0,1.9036000000000002,1.9148533642727494,0.5316999999999998,57.79821666666666
2026-01-19 12:00:00,PUMP-011,East,Night,41,2.183,57.8698,108.868,76.7141,36.832,0,1.0,232.93,Healthy,Normal,0,1.9553666666666665,1.9689078055273859,0.5442999999999998,57.56225
2026-01-19 18:00:00,PUMP-011,East,Night,41,2.3722,60.8114,109.9385,73.3017,38.5496,0,1.0,212.75,Healthy,Normal,0,2.0776166666666667,2.089720189802134,0.7081,58.028866666666666
2026-01-20 00:00:00,PUMP-011,East,Night,41,2.1444,58.625,108.5627,67.1487,38.1202,0,1.0,215.91,Healthy,Normal,0,2.1576666666666666,2.1614349161301774,0.4390999999999998,58.28254999999999
2026-01-20 06:00:00,PUMP-011,East,Night,41,2.2941,60.0206,108.4858,70.5942,37.0595,0,1.0,208.73,Healthy,Normal,0,2.2178333333333335,2.2194903536622994,0.22929999999999984,59.02675
2026-01-20 12:00:00,PUMP-011,East,Night,41,2.6454,57.1038,107.1935,70.5369,37.9325,0,1.0,203.99,Healthy,Normal,0,2.3015833333333333,2.308063594227854,0.5009999999999999,58.5127
2026-01-20 18:00:00,PUMP-011,East,Day,41,2.6252,61.8688,103.2633,70.725,38.7789,1,1.0,186.22,Healthy,Normal,0,2.377383333333333,2.3855112732913253,0.5009999999999999,59.38323333333333
2026-01-21 00:00:00,PUMP-011,East,Day,41,2.9896,61.0152,108.7328,70.3144,38.4696,0,1.0,194.11,Healthy,Normal,0,2.5118166666666664,2.527060326743309,0.8451999999999997,59.907466666666664
2026-01-21 06:00:00,PUMP-011,East,Day,41,2.415,60.1853,110.4358,71.0335,34.544,0,1.0,193.25,Healthy,Normal,0,2.51895,2.533807922541354,0.8451999999999997,59.803116666666675
2026-01-21 12:00:00,PUMP-011,East,Day,41,2.9433,62.4773,105.7051,69.7137,35.8266,1,1.0,160.67,Healthy,Normal,1,2.6521,2.6641339762356795,0.6955,60.445166666666665
2026-01-21 18:00:00,PUMP-011,East,Day,41,2.7234,59.9126,107.5394,73.1405,41.0708,0,1.0,184.62,Healthy,Normal,0,2.7236499999999997,2.730679763050463,0.5745999999999998,60.427166666666665
2026-01-22 00:00:00,PUMP-011,East,Day,41,2.7325,64.4893,105.5694,70.1021,36.21,2,1.0,136.48,Warning,Normal,1,2.7381666666666664,2.744937367227165,0.5745999999999998,61.65808333333333
2026-01-22 06:00:00,PUMP-011,East,Day,41,2.9113,62.7279,105.7654,76.007,39.4342,2,1.0,152.85,Warning,Warning,1,2.78585,2.7926116674181536,0.5745999999999998,61.80126666666666
2026-01-22 12:00:00,PUMP-011,East,Day,41,2.5126,64.7361,104.3659,70.3071,39.8251,1,1.0,99.63,Healthy,Warning,1,2.70635,2.713163287566747,0.5282999999999998,62.421416666666666
2026-01-22 18:00:00,PUMP-011,East,Night,41,3.1654,64.9799,111.4396,75.5373,38.0276,3,1.0,127.71,Warning,Warning,1,2.8314166666666662,2.838868974022342,0.6528,63.22051666666666
2026-01-23 00:00:00,PUMP-011,East,Night,41,3.2482,64.6686,106.1098,72.7779,38.6632,0,1.0,104.86,Warning,Warning,1,2.8822333333333336,2.893753348738163,0.7356000000000003,63.58573333333334
2026-01-23 06:00:00,PUMP-011,East,Night,41,3.5615,64.921,92.9057,76.5562,38.9828,2,1.0,94.87,Critical,Warning,1,3.0219166666666673,3.041661425109639,1.0489000000000002,64.42046666666667
2026-01-23 12:00:00,PUMP-011,East,Night,41,3.4012,66.1812,101.6058,75.6763,40.8024,2,1.0,105.98,Warning,Seal Leak,1,3.133366666666667,3.152031898633007,1.0489000000000002,64.70245
2026-01-23 18:00:00,PUMP-011,East,Day,41,3.1489,66.6832,104.9847,77.511,37.9477,1,1.0,94.93,Warning,Seal Leak,1,3.172966666666667,3.1898728830472227,1.0489000000000002,65.36166666666666
2026-01-24 00:00:00,PUMP-011,East,Day,41,3.1117,68.4744,101.6095,73.3419,39.6751,0,1.0,132.12,Warning,Bearing Wear,1,3.272816666666667,3.276717162801819,0.4498000000000002,65.98471666666667
2026-01-24 06:00:00,PUMP-011,East,Day,41,3.4513,69.297,103.2266,74.9957,39.7432,0,1.0,74.1,Warning,Warning,1,3.3204666666666665,3.3244790749830266,0.4498000000000002,66.70423333333333
2026-01-24 12:00:00,PUMP-011,East,Night,41,3.8343,68.0423,98.6519,74.9182,41.5867,2,1.0,92.64,Warning,Warning,1,3.4181499999999994,3.426952484107904,0.7225999999999999,67.26651666666667
2026-01-24 18:00:00,PUMP-011,East,Night,41,3.7451,69.0252,96.0079,77.4869,39.943,2,1.0,106.8,Critical,Warning,1,3.44875,3.459419790706721,0.7225999999999999,67.95055
2026-01-25 00:00:00,PUMP-011,East,Night,41,4.0618,69.919,97.6994,71.5634,38.3978,1,1.0,89.38,Critical,Warning,1,3.5588499999999996,3.5762077104571723,0.9501,68.57351666666666
2026-01-25 06:00:00,PUMP-011,East,Night,41,3.9998,73.0692,93.3192,74.1568,39.8041,1,1.0,37.63,Critical,Bearing Wear,1,3.7006666666666663,3.71524782394571,0.9501,69.63785
2026-01-25 12:00:00,PUMP-011,East,Day,41,4.0833,70.4984,101.1701,74.5039,39.2736,2,1.0,65.41,Warning,Warning,1,3.8626,3.868872797943435,0.6320000000000006,69.97518333333333
2026-01-25 18:00:00,PUMP-011,East,Day,41,3.6241,68.1938,97.3067,80.9569,44.0417,0,1.0,82.18,Critical,Seal Leak,1,3.8913999999999995,3.895118515098952,0.4592000000000005,69.79131666666666
2026-01-26 00:00:00,PUMP-011,East,Night,41,4.0594,73.0309,102.187,76.2382,42.3554,2,1.0,48.97,Warning,Misalignment,1,3.9289166666666673,3.9329497274098655,0.4592000000000005,70.62275000000001
2026-01-26 06:00:00,PUMP-011,East,Night,41,4.245,69.2701,94.6645,76.3019,39.7487,3,1.0,29.29,Critical,Bearing Wear,1,4.0122333333333335,4.016690435752632,0.6209000000000002,70.66356666666667
2026-01-26 12:00:00,PUMP-011,East,Night,41,4.1979,73.897,102.3842,76.8495,39.655,3,1.0,33.67,Critical,Bearing Wear,1,4.034916666666667,4.0399454928253675,0.6209000000000002,71.32656666666666
2026-01-26 18:00:00,PUMP-011,East,Day,41,4.3407,70.9587,94.0121,75.6229,42.3136,4,1.0,58.1,Critical,Bearing Wear,1,4.091733333333334,4.0981750808540784,0.7166000000000001,70.97481666666667
2026-01-27 00:00:00,PUMP-011,East,Night,41,4.1723,72.4208,93.8137,76.5548,43.2142,5,1.0,17.62,Critical,Seal Leak,1,4.106566666666667,4.113088506220113,0.7166000000000001,71.29521666666666
2026-01-27 06:00:00,PUMP-011,East,Day,41,4.4282,75.6591,96.7897,75.9688,42.9169,1,1.0,42.3,Critical,Bearing Wear,1,4.240583333333333,4.242244625784798,0.36880000000000024,72.53943333333333
2026-01-27 12:00:00,PUMP-011,East,Night,41,4.6474,76.9381,98.0993,76.912,44.1872,2,1.0,7.26,Critical,Bearing Wear,1,4.338583333333333,4.341647828302061,0.4751000000000003,73.19063333333334
2026-01-27 18:00:00,PUMP-011,East,Day,41,4.3962,75.4416,97.9129,80.9628,43.3555,0,1.0,25.84,Critical,Misalignment,1,4.363783333333333,4.366653650680347,0.4751000000000003,74.21921666666667
2026-01-28 00:00:00,PUMP-011,East,Night,41,4.5072,77.2485,96.622,79.237,42.951,0,1.0,35.24,Critical,Misalignment,1,4.415333333333334,4.417738336524697,0.4751000000000003,74.7778
2026-01-28 06:00:00,PUMP-011,East,Day,41,4.7889,78.3791,93.7371,79.7433,43.3707,2,1.0,17.98,Critical,Seal Leak,1,4.490033333333333,4.494262245352401,0.6166,76.01453333333333
2026-01-01 00:00:00,PUMP-012,West,Day,94,2.2126,55.9977,123.9141,71.6664,36.2604,0,1.0,629.55,Healthy,Normal,0,2.2126,2.2126,0.0,55.9977
2026-01-01 06:00:00,PUMP-012,West,Day,94,2.2296,57.3878,123.3086,68.124,33.8028,0,1.0,652.32,Healthy,Normal,0,2.2211,2.2211162644040043,0.016999999999999904,56.692750000000004
2026-01-01 12:00:00,PUMP-012,West,Day,94,2.1152,58.3807,122.0595,73.1037,36.5188,0,1.0,637.0,Healthy,Normal,0,2.1858,2.186381025042677,0.11439999999999984,57.2554
2026-01-01 18:00:00,PUMP-012,West,Night,94,2.3193,54.0101,121.8726,67.6981,37.5692,0,1.0,600.61,Healthy,Normal,0,2.219175,2.220356866024018,0.20409999999999995,56.444075
2026-01-02 00:00:00,PUMP-012,West,Night,94,2.4421,59.1788,118.3064,69.6338,35.4357,0,1.0,630.13,Healthy,Normal,0,2.26376,2.266441742467695,0.32689999999999975,56.991020000000006
2026-01-02 06:00:00,PUMP-012,West,Night,94,2.3979,57.5346,120.7372,67.6995,37.4423,0,1.0,654.99,Healthy,Normal,0,2.2861166666666666,2.288875825596487,0.32689999999999975,57.08161666666666
2026-01-02 12:00:00,PUMP-012,West,Night,94,2.2465,57.5873,122.5036,71.8172,35.5434,0,1.0,601.95,Healthy,Normal,0,2.2917666666666667,2.2943727813936428,0.32689999999999975,57.34655
2026-01-02 18:00:00,PUMP-012,West,Night,94,2.4515,53.816,119.4602,72.3216,34.9972,0,1.0,673.94,Healthy,Normal,0,2.32875,2.3317952615241904,0.3362999999999996,56.751250000000006
2026-01-03 00:00:00,PUMP-012,West,Night,94,2.387,59.7424,117.3029,71.5433,37.4797,0,1.0,620.96,Healthy,Normal,0,2.37405,2.37512500758732,0.20499999999999963,56.978199999999994
2026-01-03 06:00:00,PUMP-012,West,Night,94,2.1512,55.7867,126.1055,71.2021,35.7805,0,1.0,592.06,Healthy,Normal,0,2.346033333333333,2.348610289795506,0.3003,57.274300000000004
2026-01-03 12:00:00,PUMP-012,West,Night,94,2.3177,59.3684,126.2504,71.5577,34.8199,1,1.0,598.54,Healthy,Normal,0,2.3253,2.3275059126312296,0.3003,57.3059
2026-01-03 18:00:00,PUMP-012,West,Day,94,2.4169,58.8153,123.5868,68.4451,34.8878,0,1.0,597.68,Healthy,Normal,0,2.3284666666666665,2.3307789770804095,0.3003,57.519349999999996
2026-01-04 00:00:00,PUMP-012,West,Day,94,2.4362,58.4633,117.4359,70.5097,35.4911,0,1.0,567.25,Healthy,Normal,0,2.3600833333333333,2.3623255501729643,0.3003,57.66535
2026-01-04 06:00:00,PUMP-012,West,Night,94,2.6696,57.3719,121.1154,69.4184,33.5713,0,1.0,589.73,Healthy,Normal,0,2.3964333333333334,2.4014025047875664,0.5184000000000002,58.258
2026-01-04 12:00:00,PUMP-012,West,Day,94,2.4501,54.2563,118.1875,73.5581,36.4066,0,1.0,579.03,Healthy,Normal,0,2.4069499999999997,2.411971011088925,0.5184000000000002,57.34365
2026-01-04 18:00:00,PUMP-012,West,Night,94,2.5861,53.9669,127.3949,72.2221,35.7865,0,1.0,544.7,Healthy,Normal,0,2.479433333333333,2.482132037852405,0.3519000000000001,57.04035
2026-01-05 00:00:00,PUMP-012,West,Night,94,2.1555,56.1881,132.7657,70.038,34.9612,0,1.0,521.47,Healthy,Normal,0,2.4524,2.4576521207580755,0.5141,56.5103
2026-01-05 06:00:00,PUMP-012,West,Night,94,2.6712,57.0526,126.026,68.0489,36.2276,0,1.0,524.82,Healthy,Normal,0,2.4947833333333334,2.501140656780422,0.5156999999999998,56.21651666666667
2026-01-05 12:00:00,PUMP-012,West,Day,94,2.2153,56.6132,115.4764,64.6618,37.1639,0,1.0,558.27,Healthy,Normal,0,2.4579666666666666,2.4666681698193615,0.5156999999999998,55.908166666666666
2026-01-05 18:00:00,PUMP-012,West,Night,94,2.6693,57.5679,128.4526,71.1562,36.4231,2,1.0,604.69,Warning,Normal,0,2.4579166666666663,2.466614058785849,0.5156999999999998,55.94083333333333
2026-01-06 00:00:00,PUMP-012,West,Night,94,2.422,55.1843,119.8852,74.2306,37.5456,0,1.0,551.27,Healthy,Normal,0,2.4532333333333334,2.4619844123524963,0.5156999999999998,56.09550000000001
2026-01-06 06:00:00,PUMP-012,West,Day,94,2.4548,56.0483,114.4322,70.2318,36.6146,0,1.0,535.76,Healthy,Normal,0,2.43135,2.439478540931784,0.5156999999999998,56.4424
2026-01-06 12:00:00,PUMP-012,West,Day,94,2.6854,56.5097,124.1019,68.7591,36.9659,0,1.0,539.09,Healthy,Normal,0,2.5196666666666667,2.5255866057875216,0.47009999999999996,56.496
2026-01-06 18:00:00,PUMP-012,West,Night,94,2.309,58.8567,119.3071,71.652,38.1242,0,1.0,498.15,Healthy,Normal,0,2.4593000000000003,2.4653497987101143,0.47009999999999996,56.796683333333334
2026-01-07 00:00:00,PUMP-012,West,Day,94,2.3488,57.8484,128.1353,68.5343,34.6571,0,1.0,492.13,Healthy,Normal,0,2.48155,2.485860184121384,0.37639999999999985,57.00255000000001
2026-01-07 06:00:00,PUMP-012,West,Day,94,2.2312,52.653,119.0824,71.2601,35.9066,0,1.0,522.56,Healthy,Normal,0,2.408533333333333,2.4128163378094074,0.45420000000000016,56.1834
2026-01-07 12:00:00,PUMP-012,West,Night,94,2.4797,57.6615,122.0841,71.206,36.642,0,1.0,495.05,Healthy,Normal,0,2.4181500000000002,2.422564900059439,0.45420000000000016,56.59626666666666
2026-01-07 18:00:00,PUMP-012,West,Day,94,2.5358,57.2468,118.0366,68.134,35.3908,0,1.0,500.93,Healthy,Normal,0,2.43165,2.4364305438489318,0.45420000000000016,56.79601666666667
2026-01-08 00:00:00,PUMP-012,West,Night,94,2.2145,52.8285,110.2814,69.6969,39.2483,1,1.0,488.4,Healthy,Normal,0,2.3531666666666666,2.3561904231194895,0.3212999999999999,56.18248333333333
2026-01-08 06:00:00,PUMP-012,West,Night,94,2.1817,54.4504,120.6997,69.5803,36.3538,1,1.0,485.13,Healthy,Normal,0,2.33195,2.3358843346792666,0.35409999999999986,55.448100000000004
2026-01-08 12:00:00,PUMP-012,West,Night,94,2.1759,53.9077,123.8488,69.2228,33.3804,1,1.0,440.15,Healthy,Normal,0,2.3031333333333333,2.307806069264342,0.3599000000000001,54.79131666666666
2026-01-08 18:00:00,PUMP-012,West,Night,94,2.5406,58.566,118.0738,70.1749,36.7749,0,1.0,465.33,Healthy,Normal,0,2.3547,2.3605157642628303,0.3647,55.77681666666667
2026-01-09 00:00:00,PUMP-012,West,Day,94,2.4276,55.6228,122.7695,72.116,36.9363,0,1.0,452.59,Healthy,Normal,0,2.346016666666667,2.3514725071041482,0.3647,55.43703333333334
2026-01-09 06:00:00,PUMP-012,West,Day,94,2.5971,56.4366,122.1017,72.1438,35.3135,1,1.0,466.94,Healthy,Normal,0,2.3562333333333334,2.362596893251153,0.42120000000000024,55.302
2026-01-09 12:00:00,PUMP-012,West,Day,94,2.418,59.0739,115.6444,72.3513,32.4481,0,1.0,411.83,Healthy,Normal,0,2.39015,2.395617464941624,0.42120000000000024,56.34289999999999
2026-01-09 18:00:00,PUMP-012,West,Night,94,2.4341,57.979,115.3322,70.1658,36.0899,0,1.0,479.66,Healthy,Normal,0,2.4322166666666667,2.435806716127807,0.42120000000000024,56.931000000000004
2026-01-10 00:00:00,PUMP-012,West,Day,94,2.1608,54.6359,125.5702,70.0613,35.2222,0,1.0,457.52,Healthy,Normal,0,2.4297,2.4335653535502186,0.43630000000000013,57.05236666666667
2026-01-10 06:00:00,PUMP-012,West,Night,94,2.1903,56.1401,120.2184,68.2571,36.2171,0,1.0,451.36,Healthy,Normal,0,2.3713166666666665,2.3761385940919637,0.43630000000000013,56.64804999999999
2026-01-10 12:00:00,PUMP-012,West,Day,94,2.7164,60.3146,117.7168,67.8968,34.5168,0,1.0,441.56,Healthy,Normal,0,2.41945,2.4276804742387332,0.5556000000000001,57.43001666666667
2026-01-10 18:00:00,PUMP-012,West,Day,94,2.6873,56.479,124.054,71.197,35.1765,0,1.0,446.39,Healthy,Normal,0,2.4344833333333336,2.4439874450714076,0.5556000000000001,57.437083333333334
2026-01-11 00:00:00,PUMP-012,West,Night,94,2.3121,55.7455,117.5929,67.8742,35.4025,0,1.0,425.6,Healthy,Normal,0,2.4168333333333334,2.4268474131404854,0.5556000000000001,56.88235
2026-01-11 06:00:00,PUMP-012,West,Day,94,2.4459,57.9199,123.0342,68.3724,35.358,0,1.0,378.34,Healthy,Normal,0,2.4188,2.428823933511855,0.5556000000000001,56.8725
2026-01-11 12:00:00,PUMP-012,West,Day,94,2.1983,54.4664,116.1762,70.7061,36.2841,0,1.0,383.01,Healthy,Normal,0,2.42505,2.434426025781026,0.5261,56.844249999999995
2026-01-11 18:00:00,PUMP-012,West,Day,94,2.3146,56.0289,116.8307,71.6021,36.1659,0,1.0,396.13,Healthy,Normal,0,2.4457666666666666,2.4535192248414655,0.5181,56.825716666666665
2026-01-12 00:00:00,PUMP-012,West,Day,94,2.3912,56.8672,122.012,68.4285,37.6651,0,1.0,422.65,Healthy,Normal,0,2.3915666666666664,2.3964399985534097,0.4889999999999999,56.251149999999996
2026-01-12 06:00:00,PUMP-012,West,Day,94,1.8099,57.7014,114.7789,68.7926,34.1618,0,1.0,369.87,Healthy,Normal,0,2.2453333333333334,2.2550574538135386,0.6359999999999999,56.45488333333333
2026-01-12 12:00:00,PUMP-012,West,Night,94,2.3532,55.6818,127.2033,70.9931,34.3519,0,1.0,346.65,Healthy,Normal,0,2.2521833333333334,2.262132052953585,0.6359999999999999,56.444266666666664
2026-01-12 18:00:00,PUMP-012,West,Day,94,2.1626,56.0171,120.6651,68.7626,33.6057,0,1.0,344.66,Healthy,Normal,0,2.204966666666667,2.213513816687546,0.5812999999999999,56.12713333333334
2026-01-13 00:00:00,PUMP-012,West,Night,94,2.3993,56.8588,129.4968,70.0204,37.5315,0,1.0,378.23,Healthy,Normal,0,2.238466666666667,2.248035368197455,0.5894000000000001,56.525866666666666
2026-01-13 06:00:00,PUMP-012,West,Night,94,2.2785,56.2392,124.7085,68.1592,36.0001,2,1.0,364.25,Warning,Normal,0,2.23245,2.2418804305760824,0.5894000000000001,56.560916666666664
2026-01-13 12:00:00,PUMP-012,West,Night,94,2.0564,55.9334,122.8492,74.0143,36.795,1,1.0,363.04,Healthy,Normal,0,2.17665,2.1858297703618184,0.5894000000000001,56.40528333333333
2026-01-13 18:00:00,PUMP-012,West,Day,94,2.1681,58.2353,124.1514,70.6319,35.5398,0,1.0,311.39,Healthy,Normal,0,2.2363500000000003,2.239495118324664,0.3429000000000002,56.49426666666667
2026-01-14 00:00:00,PUMP-012,West,Day,94,2.3892,55.7547,121.6478,70.3788,36.5598,0,1.0,366.78,Healthy,Normal,0,2.24235,2.2458389935612035,0.3429000000000002,56.50641666666667
2026-01-14 06:00:00,PUMP-012,West,Night,94,2.4331,53.4609,120.3463,68.8289,36.6884,0,1.0,388.67,Healthy,Normal,0,2.2874333333333334,2.291502184157807,0.37670000000000003,56.08038333333334
2026-01-14 12:00:00,PUMP-012,West,Day,94,2.2859,57.1239,116.4181,72.2928,36.0581,0,1.0,382.5,Healthy,Normal,0,2.2685333333333335,2.272098585009022,0.37670000000000003,56.124566666666674
2026-01-14 18:00:00,PUMP-012,West,Day,94,2.4801,56.0726,125.7386,,35.1025,0,1.0,328.91,Healthy,Normal,0,2.3021333333333334,2.307015591624816,0.4237000000000002,56.0968
2026-01-15 00:00:00,PUMP-012,West,Day,94,2.3457,56.6226,112.043,69.5733,34.0905,0,1.0,285.93,Healthy,Normal,0,2.35035,2.35256785839077,0.3120000000000003,56.21166666666667
2026-01-15 06:00:00,PUMP-012,West,Day,94,2.285,109.6834,119.1442,74.4681,35.0309,1,1.0,281.99,Healthy,Normal,0,2.3698333333333332,2.370935840549044,0.19510000000000005,64.78635000000001
2026-01-15 12:00:00,PUMP-012,West,Night,94,2.6048,58.7686,121.7021,65.2245,36.039,1,1.0,312.32,Healthy,Normal,0,2.4057666666666666,2.408482473813473,0.31979999999999986,65.28866666666667
2026-01-15 18:00:00,PUMP-012,West,Night,94,2.2443,54.8027,128.1288,74.311,35.9963,0,1.0,329.54,Healthy,Normal,0,2.3743,2.3777311959092433,0.36050000000000004,65.5123
2026-01-16 00:00:00,PUMP-012,West,Night,94,2.7346,53.8532,123.1815,71.2398,36.7386,0,1.0,251.14,Healthy,Normal,0,2.4490833333333333,2.4554134814731308,0.49029999999999996,64.96718333333332
2026-01-16 06:00:00,PUMP-012,West,Day,94,2.4491,56.6495,119.2359,70.6229,36.9401,0,1.0,315.15,Healthy,Normal,0,2.4439166666666665,2.4502219964049514,0.49029999999999996,65.06333333333333
2026-01-16 12:00:00,PUMP-012,West,Night,94,2.3358,55.0895,122.6402,70.9617,37.3713,0,1.0,301.86,Healthy,Normal,0,2.442266666666667,2.448645208409472,0.49029999999999996,64.80781666666667
2026-01-16 18:00:00,PUMP-012,West,Day,94,2.2983,56.5521,120.8811,72.606,37.6405,0,1.0,281.36,Healthy,Normal,0,2.4444833333333333,2.4507188751466376,0.49029999999999996,55.9526
2026-01-17 00:00:00,PUMP-012,West,Day,94,2.6744,58.0392,119.8675,73.2748,35.2501,0,1.0,240.52,Healthy,Normal,0,2.4560833333333334,2.4631812204951546,0.49029999999999996,55.83103333333333
2026-01-17 06:00:00,PUMP-012,West,Day,94,2.4326,57.9058,130.9252,68.2927,38.0056,1,1.0,272.88,Healthy,Normal,0,2.4874666666666667,2.4927973115892645,0.43630000000000013,56.34821666666667
2026-01-17 12:00:00,PUMP-012,West,Day,94,2.1373,57.0598,124.9596,70.5479,35.2414,0,1.0,264.11,Healthy,Normal,0,2.387916666666667,2.3935414748164834,0.5370999999999997,56.882650000000005
2026-01-17 18:00:00,PUMP-012,West,Day,94,2.5277,56.9873,116.4618,68.7067,36.2324,0,1.0,226.85,Healthy,Normal,0,2.4010166666666666,2.40712211399145,0.5370999999999997,56.938950000000006
2026-01-18 00:00:00,PUMP-012,West,Day,94,2.3514,57.8718,116.2754,70.9887,34.4946,0,1.0,179.28,Healthy,Normal,0,2.4036166666666667,2.409652172340785,0.5370999999999997,57.40266666666667
2026-01-18 06:00:00,PUMP-012,West,Day,94,2.1724,57.2319,119.65,67.7903,38.9444,0,1.0,237.71,Healthy,Normal,0,2.382633333333333,2.3901074041417747,0.5370999999999997,57.515966666666664
2026-01-18 12:00:00,PUMP-012,West,Day,94,2.2719,59.2743,122.6152,62.9095,39.3893,0,1.0,231.76,Healthy,Normal,0,2.31555,2.3196549553040566,0.39039999999999964,57.72181666666666
2026-01-18 18:00:00,PUMP-012,West,Night,94,2.5017,57.9503,119.9861,67.1715,36.3923,1,1.0,251.47,Healthy,Normal,0,2.3270666666666666,2.331871737467565,0.39039999999999964,57.72923333333333
2026-01-19 00:00:00,PUMP-012,West,Night,94,2.3356,55.8668,120.1682,69.8505,33.7969,0,1.0,222.47,Healthy,Normal,0,2.3601166666666664,2.36335675364512,0.3552999999999997,57.53039999999999
2026-01-19 06:00:00,PUMP-012,West,Night,94,2.6263,59.9168,126.9564,72.1037,35.7918,0,1.0,221.57,Healthy,Normal,0,2.37655,2.381208211181878,0.45389999999999997,58.01865
2026-01-19 12:00:00,PUMP-012,West,Night,94,2.5658,57.7274,121.0753,71.8098,37.7652,0,1.0,216.77,Healthy,Normal,0,2.4122833333333333,2.4178214350250653,0.45389999999999997,57.99458333333333
2026-01-19 18:00:00,PUMP-012,West,Night,94,2.2635,55.3797,122.437,71.1955,34.0197,0,1.0,204.16,Healthy,Normal,0,2.4274666666666667,2.4317097359676794,0.3628,57.68588333333333
2026-01-20 00:00:00,PUMP-012,West,Day,94,2.406,55.9445,118.9072,70.1224,36.5492,0,1.0,209.82,Healthy,Normal,0,2.4498166666666665,2.4531129825183347,0.3628,57.13091666666667
2026-01-20 06:00:00,PUMP-012,West,Day,94,2.1907,53.5139,115.9798,69.0385,34.1542,0,1.0,158.04,Healthy,Normal,1,2.3979833333333334,2.403027376387266,0.4356,56.39151666666666
2026-01-20 12:00:00,PUMP-012,West,Night,94,2.4519,61.0198,122.4959,69.427,36.0076,0,1.0,151.3,Healthy,Normal,1,2.4173666666666667,2.4222589209248464,0.4356,57.250350000000005
2026-01-20 18:00:00,PUMP-012,West,Day,94,2.3612,55.1675,120.913,67.3124,35.8052,0,1.0,160.22,Healthy,Normal,1,2.3731833333333334,2.376336235678781,0.37509999999999977,56.4588
2026-01-21 00:00:00,PUMP-012,West,Day,94,2.6539,55.3378,120.5304,68.0509,36.0859,1,1.0,183.08,Healthy,Normal,0,2.387866666666667,2.3924080964584618,0.46320000000000006,56.06053333333333
2026-01-21 06:00:00,PUMP-012,West,Day,94,2.5025,60.8983,114.0545,70.5299,35.0222,1,1.0,181.38,Healthy,Normal,0,2.4277,2.4317611245076414,0.46320000000000006,56.9803
2026-01-21 12:00:00,PUMP-012,West,Night,94,2.74,60.073,122.0413,67.9522,36.0886,2,1.0,173.18,Warning,Normal,0,2.4833666666666665,2.489964424109978,0.5493000000000001,57.66838333333333
2026-01-21 18:00:00,PUMP-012,West,Day,94,2.6799,60.5464,117.5328,71.0061,37.2322,1,1.0,180.53,Healthy,Normal,0,2.5649,2.5684701841108972,0.3788,58.840466666666664
2026-01-22 00:00:00,PUMP-012,West,Night,94,2.4672,59.5495,113.9728,74.6766,36.9736,1,1.0,170.29,Healthy,Normal,0,2.56745,2.570910887539019,0.3788,58.595416666666665
2026-01-22 06:00:00,PUMP-012,West,Day,94,3.0242,60.3442,116.0875,69.8585,36.2029,1,1.0,184.28,Warning,Normal,0,2.6779500000000005,2.684151540369259,0.5569999999999999,59.458200000000005
2026-01-22 12:00:00,PUMP-012,West,Day,94,3.229,63.4341,118.2275,73.9198,41.1045,2,1.0,101.86,Warning,Normal,1,2.7738,2.787211053484588,0.7618,60.80758333333333
2026-01-22 18:00:00,PUMP-012,West,Day,94,3.0099,60.9463,115.4967,75.5431,36.4705,0,1.0,85.98,Warning,Normal,1,2.858366666666667,2.8696185722147813,0.7618,60.815583333333336
2026-01-23 00:00:00,PUMP-012,West,Day,94,3.343,62.462,117.855,69.5173,37.3227,0,1.0,186.5,Warning,Normal,0,2.9588666666666668,2.9742313712957844,0.8757999999999999,61.213750000000005
2026-01-23 06:00:00,PUMP-012,West,Day,94,3.2805,62.8621,113.7094,70.9822,36.1764,1,1.0,159.01,Warning,Warning,1,3.0589666666666666,3.0728957499401113,0.8757999999999999,61.599700000000006
2026-01-23 12:00:00,PUMP-012,West,Night,94,3.6156,63.2609,107.4437,75.1158,37.2283,0,1.0,139.4,Warning,Seal Leak,1,3.250366666666667,3.2568291650008296,0.6057000000000001,62.218266666666665
2026-01-23 18:00:00,PUMP-012,West,Day,94,3.6115,66.5925,115.913,74.7293,36.6882,0,1.0,119.4,Warning,Bearing Wear,1,3.34825,3.3550649241110073,0.6057000000000001,63.25965
2026-01-24 00:00:00,PUMP-012,West,Day,94,3.6483,65.5406,118.4064,73.7833,40.568,1,1.0,162.8,Warning,Warning,1,3.4181333333333335,3.4259406435799984,0.6383999999999999,63.610733333333336
2026-01-24 06:00:00,PUMP-012,West,Day,94,3.8067,67.3243,111.3154,73.0675,39.4669,1,1.0,82.95,Warning,Warning,1,3.550933333333333,3.5556031518342053,0.5262000000000002,64.67373333333333
2026-01-24 12:00:00,PUMP-012,West,Day,94,3.7243,65.582,112.8046,72.3853,39.6186,0,1.0,71.4,Warning,Warning,1,3.614483333333333,3.6182095970705364,0.5262000000000002,65.19373333333333
2026-01-24 18:00:00,PUMP-012,West,Day,94,3.5619,70.2845,107.1233,72.153,39.2218,1,1.0,95.85,Warning,Warning,1,3.661383333333333,3.6622874338769935,0.24480000000000013,66.43079999999999
2026-01-25 00:00:00,PUMP-012,West,Day,94,4.1439,68.8748,117.1682,76.0945,36.6192,1,1.0,92.87,Critical,Warning,1,3.7494333333333336,3.7544071733541813,0.5820000000000003,67.36645
2026-01-25 06:00:00,PUMP-012,West,Day,94,4.1954,68.8342,113.6188,73.9973,40.7923,1,1.0,138.67,Critical,Seal Leak,1,3.84675,3.854259294382428,0.6335000000000002,67.74006666666666
2026-01-25 12:00:00,PUMP-012,West,Night,94,4.6272,65.4554,106.8528,76.2259,43.2499,3,1.0,70.03,Critical,Warning,1,4.0099,4.025600890964395,1.0653000000000001,67.72586666666666
2026-01-25 18:00:00,PUMP-012,West,Night,94,3.9954,70.8745,110.9864,75.5061,38.6998,0,1.0,37.23,Warning,Warning,1,4.04135,4.055963335427643,1.0653000000000001,68.31756666666666
2026-01-26 00:00:00,PUMP-012,West,Day,94,4.1211,69.688,105.4202,76.5025,41.7462,2,1.0,47.11,Critical,Warning,1,4.107483333333334,4.119427269860055,1.0653000000000001,69.00189999999999
2026-01-26 06:00:00,PUMP-012,West,Day,94,4.7069,68.6043,113.7646,73.8897,42.3712,2,1.0,101.29,Critical,Bearing Wear,1,4.2983166666666675,4.306697539685523,0.7115,68.72186666666666
2026-01-26 12:00:00,PUMP-012,West,Night,94,4.3451,71.1743,104.0751,76.2802,40.076,6,1.0,56.64,Critical,Seal Leak,1,4.33185,4.33962073976517,0.7115,69.10511666666666
2026-01-26 18:00:00,PUMP-012,West,Night,94,4.7886,70.2051,114.2973,75.1206,42.6139,2,1.0,64.62,Critical,Bearing Wear,1,4.430716666666666,4.4407799200515825,0.7931999999999997,69.3336
2026-01-27 00:00:00,PUMP-012,West,Night,94,4.8844,71.3768,108.9298,74.1756,41.2848,1,1.0,33.76,Critical,Seal Leak,1,4.473583333333334,4.4864525947567975,0.8890000000000002,70.3205
2026-01-27 06:00:00,PUMP-012,West,Night,94,4.6262,73.056,104.2292,80.1167,42.2033,2,1.0,69.79,Critical,Bearing Wear,1,4.578716666666667,4.586357425197765,0.7633000000000001,70.68408333333333
2026-01-27 12:00:00,PUMP-012,West,Night,94,4.8936,70.276,108.7185,76.6228,41.3666,3,1.0,21.12,Critical,Seal Leak,1,4.707466666666666,4.711190619861042,0.5484999999999998,70.78208333333333
2026-01-27 18:00:00,PUMP-012,West,Night,94,4.8111,76.6314,102.0876,78.7921,43.5011,5,1.0,27.89,Critical,Bearing Wear,1,4.724833333333334,4.728700983356846,0.5484999999999998,72.11993333333334
2026-01-28 00:00:00,PUMP-012,West,Day,94,5.183,75.26,106.0222,80.2662,44.1571,2,1.0,0.0,Critical,Bearing Wear,1,4.864483333333333,4.867361929731546,0.5568,72.80088333333333
2026-01-28 06:00:00,PUMP-012,West,Night,94,5.2602,73.7237,98.8135,77.4188,46.1819,0,1.0,25.06,Critical,Seal Leak,1,4.943083333333333,4.947832640156697,0.6340000000000003,73.38731666666666
2026-01-01 00:00:00,PUMP-013,North,Night,29,1.6638,58.0278,132.0637,70.0386,33.8313,0,1.0,686.78,Healthy,Normal,0,1.6638,1.6638,0.0,58.0278
2026-01-01 06:00:00,PUMP-013,North,Night,29,1.461,58.2512,124.5856,68.9358,38.3701,0,1.0,658.02,Healthy,Normal,0,1.5624,1.5656869802102846,0.20279999999999987,58.1395
2026-01-01 12:00:00,PUMP-013,North,Night,29,1.7866,60.9506,128.9045,70.282,39.8731,0,1.0,673.96,Healthy,Normal,0,1.6371333333333336,1.642629091832156,0.3255999999999999,59.07653333333334
2026-01-01 18:00:00,PUMP-013,North,Night,29,1.6868,61.0335,122.9436,67.4521,36.4815,0,1.0,629.94,Healthy,Normal,0,1.64955,1.6537824252301148,0.3255999999999999,59.565775
2026-01-02 00:00:00,PUMP-013,North,Day,29,1.8066,60.4328,126.081,71.8699,37.4348,0,1.0,638.81,Healthy,Normal,0,1.68096,1.685454763557895,0.3455999999999999,59.73918
2026-01-02 06:00:00,PUMP-013,North,Day,29,1.7356,60.2585,129.6375,69.775,34.8515,0,1.0,630.93,Healthy,Normal,0,1.6900666666666666,1.6939153934007447,0.3455999999999999,59.825733333333325
2026-01-02 12:00:00,PUMP-013,North,Day,29,1.8812,59.0504,130.5189,70.7081,37.8332,0,1.0,619.47,Healthy,Normal,0,1.7263,1.7314146027646489,0.4201999999999999,59.99616666666666
2026-01-02 18:00:00,PUMP-013,North,Day,29,1.7498,58.5289,129.9676,70.9613,37.7993,0,1.0,627.88,Healthy,Normal,0,1.7744333333333333,1.7754838870948204,0.1943999999999999,60.04245
2026-01-03 00:00:00,PUMP-013,North,Day,29,1.5963,62.0753,131.7925,72.8917,36.5273,0,1.0,609.38,Healthy,Normal,0,1.7427166666666665,1.7450067970259218,0.28489999999999993,60.229899999999994
2026-01-03 06:00:00,PUMP-013,North,Day,29,1.6384,62.5219,129.9826,67.9479,38.636,0,1.0,632.26,Healthy,Normal,0,1.73465,1.7373040728861102,0.28489999999999993,60.47796666666667
2026-01-03 12:00:00,PUMP-013,North,Night,29,2.0971,63.5153,131.5285,73.0344,37.7033,1,1.0,587.04,Healthy,Normal,0,1.7830666666666666,1.7908739719291622,0.5008000000000001,60.99171666666667
2026-01-03 18:00:00,PUMP-013,North,Day,29,1.6058,61.4398,133.1453,69.5253,35.5615,0,1.0,609.59,Healthy,Normal,0,1.7614333333333334,1.7705772966276658,0.5008000000000001,61.18860000000001
2026-01-04 00:00:00,PUMP-013,North,Day,29,1.9459,59.3106,127.9607,68.5967,37.7875,0,1.0,593.78,Healthy,Normal,0,1.7722166666666668,1.7821932718797178,0.5008000000000001,61.231966666666665
2026-01-04 06:00:00,PUMP-013,North,Night,29,1.7668,61.2566,128.5734,70.2509,36.2964,1,1.0,571.2,Healthy,Normal,0,1.77505,1.7849864308541208,0.5008000000000001,61.68658333333334
2026-01-04 12:00:00,PUMP-013,North,Day,29,2.199,59.6113,128.6273,71.3029,35.4249,0,1.0,576.1,Healthy,Normal,0,1.8754999999999997,1.888760027990145,0.5932,61.27591666666667
2026-01-04 18:00:00,PUMP-013,North,Day,29,1.8182,57.1537,134.2041,71.8238,36.8948,0,1.0,589.02,Healthy,Normal,0,1.9054666666666666,1.9159846615600378,0.5932,60.38121666666667
2026-01-05 00:00:00,PUMP-013,North,Night,29,2.5765,62.3807,131.6273,71.2074,34.8135,0,1.0,590.43,Healthy,Normal,0,1.9853666666666665,2.011073808524524,0.9706999999999999,60.192116666666664
2026-01-05 06:00:00,PUMP-013,North,Day,29,1.51,61.8786,127.6876,70.232,35.9784,0,1.0,574.1,Healthy,Normal,0,1.9694,1.9986667864687533,1.0664999999999998,60.26525
2026-01-05 12:00:00,PUMP-013,North,Day,29,1.4863,59.2147,124.0016,71.3287,36.9254,0,1.0,559.12,Healthy,Normal,0,1.8928,1.9317770066271451,1.0901999999999998,60.24926666666667
2026-01-05 18:00:00,PUMP-013,North,Night,29,1.6527,60.9982,128.2742,72.5136,36.4137,0,1.0,536.21,Healthy,Normal,0,1.8737833333333331,1.9148720353242057,1.0901999999999998,60.2062
2026-01-06 00:00:00,PUMP-013,North,Day,29,1.7513,60.2687,127.5642,66.966,37.7403,0,1.0,565.06,Healthy,Normal,0,1.7991666666666666,1.8362942828787912,1.0901999999999998,60.31576666666666
2026-01-06 06:00:00,PUMP-013,North,Day,29,1.6988,58.0405,121.1739,68.4576,35.501,0,1.0,529.75,Healthy,Normal,0,1.7792666666666666,1.8171374172949424,1.0901999999999998,60.46356666666666
2026-01-06 12:00:00,PUMP-013,North,Night,29,1.9809,60.0022,121.2688,71.6461,36.2049,0,1.0,481.53,Healthy,Normal,0,1.68,1.6880730098744743,0.49460000000000015,60.06715
2026-01-06 18:00:00,PUMP-013,North,Day,29,1.2218,58.2261,129.6441,70.0619,34.2981,0,1.0,530.51,Healthy,Normal,0,1.6319666666666668,1.648748927722674,0.7591000000000001,59.458400000000005
2026-01-07 00:00:00,PUMP-013,North,Night,29,1.923,59.4897,125.6367,68.256,36.3684,0,1.0,511.15,Healthy,Normal,0,1.70475,1.7223568866527055,0.7591000000000001,59.50423333333333
2026-01-07 06:00:00,PUMP-013,North,Night,29,1.8163,58.3706,125.2649,69.0922,38.8913,0,1.0,520.06,Healthy,Normal,0,1.7320166666666668,1.7496003291228162,0.7591000000000001,59.066300000000005
2026-01-07 12:00:00,PUMP-013,North,Night,29,1.7747,62.1634,126.7837,69.4606,37.1405,0,1.0,470.22,Healthy,Normal,0,1.735916666666667,1.7535257944115528,0.7591000000000001,59.38208333333333
2026-01-07 18:00:00,PUMP-013,North,Night,29,1.7834,59.9843,127.7161,70.1075,36.2058,0,1.0,475.52,Healthy,Normal,0,1.7500166666666666,1.767470433038886,0.7591000000000001,59.706050000000005
2026-01-08 00:00:00,PUMP-013,North,Day,29,1.7312,57.8342,128.1185,65.6456,35.1857,0,1.0,485.11,Healthy,Normal,0,1.7084000000000001,1.7232140039279316,0.7012,59.34471666666667
2026-01-08 06:00:00,PUMP-013,North,Day,29,1.8422,62.7294,130.2171,72.5876,38.6,0,1.0,505.13,Healthy,Normal,0,1.8118,1.8128111052543046,0.19179999999999997,60.09526666666667
2026-01-08 12:00:00,PUMP-013,North,Day,29,1.7386,60.5189,126.9991,68.6286,38.2691,0,1.0,463.53,Healthy,Normal,0,1.7810666666666668,1.7815024361476468,0.11099999999999999,60.266799999999996
2026-01-08 18:00:00,PUMP-013,North,Day,29,1.455,58.6269,125.5086,71.2985,35.4862,0,1.0,508.98,Healthy,Normal,0,1.7208500000000002,1.7253301563275745,0.3872,60.30951666666667
2026-01-09 00:00:00,PUMP-013,North,Day,29,1.7521,61.0205,125.9481,68.499,38.6778,0,1.0,461.31,Healthy,Normal,0,1.717083333333333,1.7214760725416236,0.3872,60.119033333333334
2026-01-09 06:00:00,PUMP-013,North,Day,29,1.6664,58.9737,124.3448,70.0815,32.4048,1,1.0,494.62,Healthy,Normal,0,1.6975833333333334,1.7018251285996846,0.3872,59.9506
2026-01-09 12:00:00,PUMP-013,North,Night,29,1.7223,59.8028,125.7623,69.8124,37.8314,2,1.0,414.81,Warning,Normal,0,1.6961000000000002,1.7003194043081042,0.3872,60.27869999999999
2026-01-09 18:00:00,PUMP-013,North,Day,29,2.0219,61.5486,128.4127,70.8058,33.45,1,1.0,489.01,Healthy,Normal,0,1.7260499999999999,1.7340172639471232,0.5669,60.0819
2026-01-10 00:00:00,PUMP-013,North,Day,29,1.5387,60.1095,128.3927,70.421,34.7342,1,1.0,433.41,Healthy,Normal,0,1.6927333333333332,1.702241804209966,0.5669,60.013666666666666
2026-01-10 06:00:00,PUMP-013,North,Night,29,1.7972,62.2054,131.387,68.1662,35.2362,0,1.0,453.75,Healthy,Normal,0,1.7497666666666667,1.755878972670573,0.4832000000000001,60.61008333333333
2026-01-10 12:00:00,PUMP-013,North,Night,29,1.8044,61.3699,125.0681,69.7916,35.6913,0,1.0,446.68,Healthy,Normal,0,1.7584833333333334,1.7646846153538789,0.4832000000000001,60.66831666666667
2026-01-10 18:00:00,PUMP-013,North,Night,29,1.677,58.1828,129.7994,69.6892,36.0767,0,1.0,394.03,Healthy,Normal,0,1.7602499999999999,1.7663574001316946,0.4832000000000001,60.5365
2026-01-11 00:00:00,PUMP-013,North,Night,29,1.9459,60.6364,126.2326,70.7537,33.5831,0,1.0,407.64,Healthy,Normal,0,1.7975166666666667,1.8046384822635992,0.4832000000000001,60.67543333333333
2026-01-11 06:00:00,PUMP-013,North,Night,29,1.7239,57.1646,126.7641,68.8897,34.1448,0,1.0,383.36,Healthy,Normal,0,1.74785,1.7523351995741758,0.4072,59.94476666666666
2026-01-11 12:00:00,PUMP-013,North,Day,29,1.6843,60.9053,127.8236,67.511,35.0863,1,1.0,407.78,Healthy,Normal,0,1.7721166666666666,1.7745112336452913,0.2688999999999999,60.077400000000004
2026-01-11 18:00:00,PUMP-013,North,Day,29,1.4648,61.3197,127.9066,75.8712,35.4573,0,1.0,334.1,Healthy,Normal,0,1.7167166666666667,1.7228393187797095,0.48109999999999986,59.92978333333334
2026-01-12 00:00:00,PUMP-013,North,Day,29,1.7271,58.3458,133.3961,67.3341,36.598,0,1.0,400.54,Healthy,Normal,0,1.7038333333333335,1.709584109269464,0.48109999999999986,59.42576666666667
2026-01-12 06:00:00,PUMP-013,North,Night,29,2.071,59.7302,123.52,72.8812,35.2942,0,1.0,369.81,Healthy,Normal,0,1.7694999999999999,1.7801113710477032,0.6062000000000001,59.68366666666666
2026-01-12 12:00:00,PUMP-013,North,Day,29,1.3439,61.3739,127.5321,69.2432,35.8473,0,1.0,379.39,Healthy,Normal,0,1.6691666666666665,1.684850110049358,0.7271000000000001,59.80658333333334
2026-01-12 18:00:00,PUMP-013,North,Day,29,1.6878,60.4036,131.7609,68.1149,38.0322,0,1.0,388.31,Healthy,Normal,0,1.6631500000000001,1.678747399600865,0.7271000000000001,60.34641666666667
2026-01-13 00:00:00,PUMP-013,North,Day,29,1.4794,60.6114,125.2401,72.7585,35.0487,1,1.0,388.47,Healthy,Normal,0,1.6290000000000002,1.6462540741533997,0.7271000000000001,60.29743333333334
2026-01-13 06:00:00,PUMP-013,North,Night,29,2.0067,60.4413,128.3298,70.4718,33.6297,0,1.0,362.16,Healthy,Normal,0,1.7193166666666666,1.7388751493422407,0.7271000000000001,60.15103333333334
2026-01-13 12:00:00,PUMP-013,North,Day,29,1.8483,59.7588,131.6109,69.3269,36.346,1,1.0,369.04,Healthy,Normal,0,1.7395166666666668,1.7595197824974858,0.7271000000000001,60.38653333333334
2026-01-13 18:00:00,PUMP-013,North,Night,29,2.1924,61.8034,133.443,66.4598,34.0101,0,1.0,353.01,Healthy,Normal,0,1.7597500000000001,1.7838645291426514,0.8485,60.73206666666667
2026-01-14 00:00:00,PUMP-013,North,Day,29,1.4437,62.1951,135.6494,72.9463,37.5197,0,1.0,368.23,Healthy,Normal,0,1.7763833333333334,1.7968137739713965,0.7487000000000001,60.86893333333333
2026-01-14 06:00:00,PUMP-013,North,Day,29,2.1183,59.4887,126.2565,72.5468,37.6432,0,1.0,348.28,Healthy,Normal,0,1.8481333333333332,1.8712635873476866,0.7487000000000001,60.71645
2026-01-14 12:00:00,PUMP-013,North,Day,29,1.7518,62.1089,124.9998,72.5062,36.1423,0,1.0,328.35,Healthy,Normal,0,1.8935333333333333,1.9100586099209977,0.7487000000000001,60.966033333333336
2026-01-14 18:00:00,PUMP-013,North,Day,29,1.8427,59.5154,121.4313,69.4468,35.6412,0,1.0,331.75,Healthy,Normal,0,1.8662000000000003,1.8823142564407254,0.7487000000000001,60.81171666666666
2026-01-15 00:00:00,PUMP-013,North,Day,29,1.6767,60.5608,128.2435,69.0545,35.8803,1,1.0,322.61,Healthy,Normal,0,1.8376,1.8553414672237563,0.7487000000000001,60.945383333333325
2026-01-15 06:00:00,PUMP-013,North,Night,29,1.8775,60.7009,127.296,75.5684,35.803,1,1.0,341.3,Healthy,Normal,0,1.785116666666667,1.7968555984459817,0.6746000000000001,60.76163333333333
2026-01-15 12:00:00,PUMP-013,North,Night,29,1.7057,59.208,125.9566,67.7346,33.5485,0,1.0,291.04,Healthy,Normal,0,1.8287833333333332,1.834724459330792,0.4416,60.26378333333333
2026-01-15 18:00:00,PUMP-013,North,Day,29,2.0202,61.474,129.7806,74.3301,35.864,0,1.0,306.28,Healthy,Normal,0,1.8124333333333331,1.8161908948859606,0.3434999999999999,60.59466666666666
2026-01-16 00:00:00,PUMP-013,North,Night,29,1.8297,59.0634,130.01,68.1226,36.7469,1,1.0,286.42,Healthy,Normal,0,1.8254166666666667,1.8289475593903723,0.3434999999999999,60.08708333333333
2026-01-16 06:00:00,PUMP-013,North,Night,29,1.8586,59.3973,138.1985,70.3584,35.1651,1,1.0,302.4,Healthy,Normal,0,1.8280666666666665,1.8316270417309306,0.3434999999999999,60.0674
2026-01-16 12:00:00,PUMP-013,North,Night,29,1.8898,61.3998,130.1765,70.0454,36.2229,0,1.0,279.93,Healthy,Normal,0,1.8635833333333334,1.8658852621923638,0.3145,60.207233333333335
2026-01-16 18:00:00,PUMP-013,North,Night,29,2.0263,60.3318,124.9538,69.6681,37.0553,0,1.0,324.74,Healthy,Normal,0,1.8883833333333333,1.8916506156440904,0.3206,60.145716666666665
2026-01-17 00:00:00,PUMP-013,North,Day,29,2.0129,57.8449,128.256,69.081,35.6348,0,1.0,307.03,Healthy,Normal,0,1.9395833333333334,1.941322840659602,0.19659999999999989,59.918533333333336
2026-01-17 06:00:00,PUMP-013,North,Day,29,1.685,59.8606,123.8409,71.8162,35.4154,0,1.0,263.22,Healthy,Normal,0,1.8837166666666667,1.8872565269017705,0.34129999999999994,59.649633333333334
2026-01-17 12:00:00,PUMP-013,North,Night,29,1.98,58.5501,122.8637,69.2875,36.0843,0,1.0,297.31,Healthy,Normal,0,1.9087666666666667,1.912372919525199,0.34129999999999994,59.564083333333336
2026-01-17 18:00:00,PUMP-013,North,Night,29,1.6929,57.6158,131.3695,68.5469,37.6097,0,1.0,250.93,Healthy,Normal,0,1.88115,1.8865549532591588,0.34129999999999994,59.26716666666666
2026-01-18 00:00:00,PUMP-013,North,Night,29,1.3513,58.1841,127.4418,70.8389,33.4945,1,1.0,246.37,Healthy,Normal,0,1.7914,1.8078166020552713,0.675,58.73121666666666
2026-01-18 06:00:00,PUMP-013,North,Day,29,1.8731,62.0426,129.5467,71.9789,35.5095,0,1.0,233.05,Healthy,Normal,0,1.7658666666666667,1.7800663433329296,0.6616000000000002,59.01635000000001
2026-01-18 12:00:00,PUMP-013,North,Day,29,1.6443,61.7447,130.6041,71.121,36.9454,1,1.0,244.89,Healthy,Normal,0,1.7044333333333332,1.7157978319137719,0.6287,59.66631666666666
2026-01-18 18:00:00,PUMP-013,North,Day,29,1.3732,60.5841,125.8657,71.3159,36.4439,0,1.0,259.41,Healthy,Normal,0,1.6524666666666665,1.6688432340995962,0.6287,59.7869
2026-01-19 00:00:00,PUMP-013,North,Day,29,1.7786,61.501,131.0455,70.5769,34.4057,0,1.0,165.33,Healthy,Normal,1,1.6189,1.6306054294852164,0.5218,60.27871666666667
2026-01-19 06:00:00,PUMP-013,North,Night,29,1.4375,61.3187,130.4294,70.0422,35.7405,0,1.0,208.75,Healthy,Normal,0,1.5763333333333334,1.589220995750224,0.5218,60.89586666666667
2026-01-19 12:00:00,PUMP-013,North,Day,29,2.1686,61.483,123.2975,73.2783,34.4137,0,1.0,229.72,Healthy,Normal,0,1.71255,1.7335202388011897,0.7954000000000001,61.445683333333335
2026-01-19 18:00:00,PUMP-013,North,Day,29,1.9031,58.1921,124.1588,71.9708,37.8669,0,1.0,176.23,Healthy,Normal,0,1.7175500000000001,1.738957566570655,0.7954000000000001,60.80393333333333
2026-01-20 00:00:00,PUMP-013,North,Night,29,2.0278,65.5894,124.5162,69.6401,36.3776,0,1.0,215.16,Healthy,Normal,0,1.7814666666666668,1.8051819326594203,0.7954000000000001,61.44471666666667
2026-01-20 06:00:00,PUMP-013,North,Day,29,2.3016,62.3468,120.8699,67.6959,37.4472,0,1.0,211.3,Healthy,Normal,0,1.9361999999999997,1.9563475824437062,0.8641000000000001,61.738499999999995
2026-01-20 12:00:00,PUMP-013,North,Day,29,2.3118,66.0355,122.214,71.8199,38.6877,0,1.0,192.38,Healthy,Normal,0,2.0250666666666666,2.0471433942610537,0.8742999999999999,62.49425
2026-01-20 18:00:00,PUMP-013,North,Night,29,2.1676,64.431,124.7258,73.1228,35.8768,0,1.0,152.84,Healthy,Normal,1,2.14675,2.151621867723664,0.40869999999999984,63.01296666666667
2026-01-21 00:00:00,PUMP-013,North,Day,29,2.4512,66.8111,119.9646,73.1143,37.0544,0,1.0,198.53,Healthy,Normal,0,2.19385,2.201606059599825,0.5481,63.900983333333336
2026-01-21 06:00:00,PUMP-013,North,Night,29,2.4852,66.4028,124.8286,73.2345,38.226,3,1.0,132.16,Warning,Normal,1,2.2908666666666666,2.296259453981627,0.4573999999999998,65.26943333333332
2026-01-21 12:00:00,PUMP-013,North,Night,29,2.6267,65.7744,122.597,71.5371,38.4075,1,1.0,186.97,Healthy,Normal,0,2.3906833333333335,2.3952879064947497,0.45909999999999984,65.30026666666667
2026-01-21 18:00:00,PUMP-013,North,Day,29,2.706,65.587,115.7411,74.1271,38.4759,1,1.0,195.56,Healthy,Normal,0,2.458083333333333,2.464734548587332,0.5383999999999998,65.8403
2026-01-22 00:00:00,PUMP-013,North,Night,29,2.7523,62.4797,123.203,72.0658,37.7204,2,1.0,200.56,Warning,Normal,0,2.5315,2.539036379547695,0.5846999999999998,65.24766666666666
2026-01-22 06:00:00,PUMP-013,North,Day,29,2.7004,65.6253,118.0884,75.0035,36.8745,0,1.0,164.01,Healthy,Warning,1,2.6203,2.622781755439569,0.3010999999999999,65.44671666666666
2026-01-22 12:00:00,PUMP-013,North,Night,29,2.7945,67.5538,122.5876,71.6547,38.7573,1,1.0,144.15,Healthy,Warning,1,2.677516666666667,2.679389035769162,0.30930000000000035,65.5705
2026-01-22 18:00:00,PUMP-013,North,Night,29,3.025,67.0437,116.9497,76.7382,40.365,1,1.0,123.76,Warning,Warning,1,2.7674833333333333,2.7703537556901767,0.3982999999999999,65.67731666666667
2026-01-23 00:00:00,PUMP-013,North,Night,29,3.1607,69.0514,117.2413,75.0534,37.4832,2,1.0,112.69,Warning,Warning,1,2.8564833333333333,2.8618068648437247,0.4602999999999997,66.22348333333333
2026-01-23 06:00:00,PUMP-013,North,Night,29,3.2207,68.2222,120.817,70.6872,39.4608,0,1.0,82.82,Warning,Bearing Wear,1,2.942266666666667,2.9492966302719252,0.5202999999999998,66.66268333333333
2026-01-23 12:00:00,PUMP-013,North,Night,29,3.4252,69.0515,119.4826,72.4681,38.3482,1,1.0,143.74,Warning,Bearing Wear,1,3.0544166666666666,3.0644995086201816,0.7247999999999997,67.75798333333333
2026-01-23 18:00:00,PUMP-013,North,Night,29,3.1788,69.1599,119.5158,73.3998,38.3597,0,1.0,88.38,Warning,Warning,1,3.13415,3.1400518230861523,0.6306999999999996,68.34708333333333
2026-01-24 00:00:00,PUMP-013,North,Night,29,3.3148,66.7699,118.7771,73.9253,38.7316,0,1.0,117.85,Warning,Warning,1,3.220866666666667,3.223306312365198,0.4001999999999999,68.21643333333333
2026-01-24 06:00:00,PUMP-013,North,Night,29,3.2417,70.0157,117.0954,76.9389,40.4345,1,1.0,116.31,Warning,Warning,1,3.256983333333333,3.258225882030485,0.26449999999999996,68.71176666666668
2026-01-24 12:00:00,PUMP-013,North,Day,29,3.2365,70.9141,122.8934,74.3299,41.7525,2,1.0,116.98,Warning,Warning,1,3.2696166666666664,3.2706045096179595,0.24639999999999995,69.02221666666667
2026-01-24 18:00:00,PUMP-013,North,Day,29,3.3051,71.686,116.0726,76.3411,43.2583,1,1.0,89.41,Warning,Warning,1,3.283683333333333,3.284608060586021,0.24639999999999995,69.59951666666667
2026-01-25 00:00:00,PUMP-013,North,Day,29,3.3798,72.905,116.5984,73.6882,42.2275,0,1.0,89.47,Warning,Warning,1,3.2761166666666663,3.2767604344840344,0.20100000000000007,70.24176666666666
2026-01-25 06:00:00,PUMP-013,North,Night,29,3.925,71.3126,117.9892,74.6475,39.7078,4,1.0,36.47,Critical,Warning,1,3.4004833333333333,3.4089052306666825,0.6884999999999999,70.60055000000001
2026-01-25 12:00:00,PUMP-013,North,Day,29,3.5468,69.0354,115.5195,80.4813,40.2738,0,1.0,43.23,Warning,Bearing Wear,1,3.4391499999999997,3.447600625314171,0.6884999999999999,70.97813333333333
2026-01-25 18:00:00,PUMP-013,North,Night,29,3.5306,72.5822,119.6724,76.6011,41.8989,3,1.0,62.8,Warning,Bearing Wear,1,3.4873,3.494572408273531,0.6884999999999999,71.40588333333334
2026-01-26 00:00:00,PUMP-013,North,Night,29,3.9446,73.6499,116.499,79.5038,42.1073,1,1.0,79.75,Warning,Seal Leak,1,3.605316666666667,3.6137965910751904,0.6395,71.86185
2026-01-26 06:00:00,PUMP-013,North,Night,29,3.9497,73.1201,119.9018,76.0886,43.7657,0,1.0,38.44,Warning,Bearing Wear,1,3.71275,3.720071659032032,0.5699000000000001,72.10086666666666
2026-01-26 12:00:00,PUMP-013,North,Night,29,4.121,78.8038,116.0822,79.2268,42.9321,5,1.0,52.42,Critical,Bearing Wear,1,3.8362833333333337,3.84259443280188,0.5904000000000003,73.084
2026-01-26 18:00:00,PUMP-013,North,Night,29,3.9947,73.3094,117.6307,74.1177,39.4547,1,1.0,30.65,Warning,Bearing Wear,1,3.8479000000000005,3.8545469889469506,0.5904000000000003,73.4168
2026-01-27 00:00:00,PUMP-013,North,Day,29,3.8951,75.7093,109.7752,78.3216,41.6987,1,1.0,26.72,Warning,Bearing Wear,1,3.9059500000000003,3.910183472038109,0.5904000000000003,74.52911666666667
2026-01-27 06:00:00,PUMP-013,North,Day,29,4.2134,77.1112,105.2016,79.3332,42.7484,1,1.0,37.58,Critical,Misalignment,1,4.019749999999999,4.0212935711037066,0.31830000000000025,75.28394999999999
2026-01-27 12:00:00,PUMP-013,North,Day,29,3.9992,75.502,115.4589,76.6294,41.431,1,1.0,6.67,Warning,Bearing Wear,1,4.028849999999999,4.030271773094216,0.31830000000000025,75.59263333333332
2026-01-27 18:00:00,PUMP-013,North,Night,29,4.3771,76.6022,113.7289,77.0935,42.3168,1,1.0,8.44,Critical,Bearing Wear,1,4.100083333333333,4.103198299497601,0.48200000000000065,76.17298333333333
2026-01-28 00:00:00,PUMP-013,North,Night,29,4.1548,79.5423,109.9362,77.909,40.6377,2,1.0,21.47,Critical,Seal Leak,1,4.105716666666667,4.1088753479510665,0.48200000000000065,76.29606666666666
2026-01-28 06:00:00,PUMP-013,North,Day,29,4.5893,75.7152,114.4934,79.0263,43.1707,4,1.0,22.89,Critical,Seal Leak,1,4.204816666666667,4.211119925269286,0.6941999999999999,76.69703333333332
2026-01-01 00:00:00,PUMP-014,South,Day,44,1.5104,57.1531,107.9202,71.0077,36.1307,0,1.0,655.68,Healthy,Normal,0,1.5104,1.5104,0.0,57.1531
2026-01-01 06:00:00,PUMP-014,South,Day,44,1.3267,57.429,119.8984,69.4757,34.7854,0,1.0,633.49,Healthy,Normal,0,1.41855,1.4215204975658986,0.18369999999999997,57.29105
2026-01-01 12:00:00,PUMP-014,South,Day,44,1.6215,55.6112,116.4602,68.702,35.2062,0,1.0,681.82,Healthy,Normal,0,1.4862,1.491163226030828,0.29479999999999995,56.7311
2026-01-01 18:00:00,PUMP-014,South,Night,44,1.919,58.1736,110.7968,67.0524,34.9477,1,1.0,672.52,Healthy,Normal,0,1.5944,1.6088244388372523,0.5923,57.091725
2026-01-02 00:00:00,PUMP-014,South,Night,44,1.4613,56.6143,122.7336,67.8537,34.6323,0,1.0,620.75,Healthy,Normal,0,1.56778,1.580421588690815,0.5923,56.99624
2026-01-02 06:00:00,PUMP-014,South,Day,44,1.356,56.1786,112.7393,70.6805,39.7581,0,1.0,632.23,Healthy,Normal,0,1.5324833333333334,1.545283037181215,0.5923,56.85996666666667
2026-01-02 12:00:00,PUMP-014,South,Day,44,1.2755,58.1523,118.0344,68.928,37.6987,0,1.0,605.41,Healthy,Normal,0,1.4933333333333334,1.5095799680705888,0.6435,57.0265
2026-01-02 18:00:00,PUMP-014,South,Day,44,1.4855,55.1129,115.0648,71.9367,35.2886,0,1.0,643.99,Healthy,Normal,0,1.5198,1.5340343020936658,0.6435,56.64048333333333
2026-01-03 00:00:00,PUMP-014,South,Day,44,1.5737,54.6679,114.7823,72.1423,34.2374,0,1.0,613.67,Healthy,Normal,0,1.5118333333333336,1.5257149624574922,0.6435,56.48326666666666
2026-01-03 06:00:00,PUMP-014,South,Night,44,1.4863,57.8311,116.5252,68.6441,36.2256,0,1.0,614.59,Healthy,Normal,0,1.4397166666666668,1.4429924676403085,0.2982,56.426183333333334
2026-01-03 12:00:00,PUMP-014,South,Day,44,1.513,58.45,115.7955,72.5082,36.8125,0,1.0,615.07,Healthy,Normal,0,1.4483333333333335,1.451845657545365,0.2982,56.73213333333334
2026-01-03 18:00:00,PUMP-014,South,Night,44,1.3427,56.4589,116.1143,73.9455,36.7396,2,1.0,574.52,Warning,Normal,0,1.4461166666666667,1.4497840166728284,0.2982,56.77885
2026-01-04 00:00:00,PUMP-014,South,Night,44,1.7049,56.6136,118.1699,66.3263,38.2459,1,1.0,594.53,Healthy,Normal,0,1.5176833333333333,1.5215685946855415,0.3622000000000001,56.522400000000005
2026-01-04 06:00:00,PUMP-014,South,Day,44,1.4215,56.3977,116.5089,71.0523,37.4817,1,1.0,540.87,Healthy,Normal,0,1.5070166666666667,1.5113447615727305,0.3622000000000001,56.736533333333334
2026-01-04 12:00:00,PUMP-014,South,Day,44,1.7113,57.6033,113.6116,70.4168,36.7044,0,1.0,566.09,Healthy,Normal,0,1.5299500000000001,1.5360660755102085,0.36860000000000004,57.225766666666665
2026-01-04 18:00:00,PUMP-014,South,Day,44,1.5132,51.5327,121.6305,69.3155,34.8474,0,1.0,578.07,Healthy,Normal,0,1.5344333333333333,1.540437193353454,0.36860000000000004,56.17603333333334
2026-01-05 00:00:00,PUMP-014,South,Day,44,1.3847,55.6038,117.4958,74.6698,37.1488,1,1.0,561.49,Healthy,Normal,0,1.51305,1.5201921791887587,0.36860000000000004,55.70166666666666
2026-01-05 06:00:00,PUMP-014,South,Day,44,1.3986,56.0653,118.6651,72.5077,36.0944,0,1.0,565.09,Healthy,Normal,0,1.5223666666666666,1.528569278770184,0.3266,55.636066666666665
2026-01-05 12:00:00,PUMP-014,South,Night,44,1.6209,57.3994,114.6142,70.5559,36.5837,1,1.0,558.08,Healthy,Normal,0,1.5083666666666666,1.5132623169827497,0.3266,55.76703333333333
2026-01-05 18:00:00,PUMP-014,South,Night,44,1.8915,56.4502,117.5718,72.0197,35.7247,0,1.0,517.15,Healthy,Normal,0,1.5867000000000002,1.596709483072401,0.5067999999999999,55.77578333333333
2026-01-06 00:00:00,PUMP-014,South,Night,44,1.6899,61.1879,113.3737,74.8854,37.0756,0,1.0,547.68,Healthy,Normal,0,1.5831333333333335,1.592906220298818,0.5067999999999999,56.37321666666667
2026-01-06 06:00:00,PUMP-014,South,Day,44,1.7742,54.8744,115.0008,65.0751,35.7503,0,1.0,539.23,Healthy,Normal,0,1.6266333333333334,1.6371780986400555,0.5067999999999999,56.93016666666666
2026-01-06 12:00:00,PUMP-014,South,Day,44,1.8266,54.2406,117.5894,71.8375,35.5269,1,1.0,560.32,Healthy,Normal,0,1.7002833333333331,1.7078830087762649,0.4928999999999999,56.70296666666667
2026-01-06 18:00:00,PUMP-014,South,Day,44,1.5484,57.0106,113.0379,68.1729,35.8743,1,1.0,483.05,Healthy,Normal,0,1.72525,1.7292892003170937,0.34309999999999996,56.860516666666676
2026-01-07 00:00:00,PUMP-014,South,Day,44,1.5521,56.1939,117.7054,68.2023,38.6984,1,1.0,513.84,Healthy,Normal,0,1.713783333333333,1.7187371541338134,0.34309999999999996,56.659600000000005
2026-01-07 06:00:00,PUMP-014,South,Day,44,1.7576,58.3754,112.9606,71.3802,38.6145,0,1.0,459.16,Healthy,Normal,0,1.6914666666666667,1.6948810154894847,0.2782,56.98046666666667
2026-01-07 12:00:00,PUMP-014,South,Day,44,1.4394,55.2237,114.7849,65.5029,35.4187,0,1.0,529.79,Healthy,Normal,0,1.6497166666666667,1.6558905101686725,0.3872,55.98643333333333
2026-01-07 18:00:00,PUMP-014,South,Night,44,1.568,55.7952,114.4175,70.8167,36.1025,1,1.0,499.22,Healthy,Normal,0,1.61535,1.6208371628061018,0.3872,56.139900000000004
2026-01-08 00:00:00,PUMP-014,South,Day,44,1.4654,57.8745,117.6484,69.4711,36.9475,1,1.0,498.03,Healthy,Normal,0,1.55515,1.5585039968936023,0.31820000000000004,56.74555
2026-01-08 06:00:00,PUMP-014,South,Night,44,1.6367,56.444,121.1476,69.34,39.1286,0,1.0,510.28,Healthy,Normal,0,1.5698666666666667,1.5734702931206974,0.31820000000000004,56.65111666666667
2026-01-08 12:00:00,PUMP-014,South,Day,44,1.4725,55.3778,124.9558,70.7328,36.6499,0,1.0,493.86,Healthy,Normal,0,1.5566000000000002,1.5606672942473463,0.31820000000000004,56.5151
2026-01-08 18:00:00,PUMP-014,South,Day,44,1.2157,54.7745,114.6984,73.1074,35.4757,0,1.0,473.33,Healthy,Normal,0,1.4662833333333332,1.4721222294134864,0.42100000000000004,55.91495
2026-01-09 00:00:00,PUMP-014,South,Day,44,1.2321,58.1564,114.8727,72.1272,34.853,0,1.0,470.46,Healthy,Normal,0,1.431733333333333,1.4404317176920722,0.42100000000000004,56.40373333333333
2026-01-09 06:00:00,PUMP-014,South,Day,44,1.2869,55.7869,116.0565,68.2591,35.5379,0,1.0,470.9,Healthy,Normal,0,1.3848833333333335,1.3932305869213943,0.42100000000000004,56.402350000000006
2026-01-09 12:00:00,PUMP-014,South,Night,44,1.7343,56.7832,116.4659,68.095,38.2742,1,1.0,393.82,Healthy,Normal,0,1.4296999999999997,1.4437767682944156,0.5186,56.220466666666674
2026-01-09 18:00:00,PUMP-014,South,Day,44,1.2922,110.5543,114.7986,75.3178,35.6064,0,1.0,471.56,Healthy,Normal,0,1.3722833333333335,1.3843134333187215,0.5186,65.23885
2026-01-10 00:00:00,PUMP-014,South,Day,44,1.6969,55.9578,108.8359,67.4042,38.4097,0,1.0,442.43,Healthy,Normal,0,1.4096833333333334,1.426484925145256,0.5186,65.33551666666666
2026-01-10 06:00:00,PUMP-014,South,Day,44,1.8699,56.767,115.5255,68.6613,35.6016,0,1.0,473.77,Healthy,Normal,0,1.5187166666666665,1.5399001574777502,0.6377999999999999,65.66760000000001
2026-01-10 12:00:00,PUMP-014,South,Night,44,1.8025,54.1291,122.6086,68.3201,38.4323,1,1.0,401.19,Healthy,Normal,0,1.6137833333333333,1.6308837486671657,0.583,64.99638333333333
2026-01-10 18:00:00,PUMP-014,South,Night,44,1.4443,56.3427,112.3279,69.7228,36.151,0,1.0,469.65,Healthy,Normal,0,1.6400166666666667,1.652703930432389,0.5776999999999999,65.08901666666667
2026-01-11 00:00:00,PUMP-014,South,Day,44,1.644,56.4556,114.4099,67.8592,35.1459,0,1.0,447.35,Healthy,Normal,0,1.6249666666666664,1.6372497874993501,0.5776999999999999,65.03441666666667
2026-01-11 06:00:00,PUMP-014,South,Day,44,1.5258,57.2723,112.9522,69.1909,35.992,0,1.0,406.05,Healthy,Normal,0,1.6639,1.6704194084121506,0.4256,56.15408333333334
2026-01-11 12:00:00,PUMP-014,South,Day,44,1.9084,57.3324,108.7047,72.6749,35.7146,0,1.0,372.7,Healthy,Normal,0,1.6991500000000002,1.7080362481516602,0.4641000000000002,56.383183333333335
2026-01-11 18:00:00,PUMP-014,South,Day,44,1.6473,55.7625,115.5984,71.5548,37.5582,0,1.0,400.2,Healthy,Normal,0,1.6620499999999998,1.6694010018566539,0.4641000000000002,56.21576666666667
2026-01-12 00:00:00,PUMP-014,South,Night,44,1.5417,54.0467,110.4958,73.3902,35.8927,0,1.0,409.02,Healthy,Normal,0,1.6185833333333333,1.6252810459527711,0.4641000000000002,56.20203333333333
2026-01-12 06:00:00,PUMP-014,South,Day,44,1.3757,57.6797,115.2382,71.0005,36.4752,0,1.0,425.01,Healthy,Normal,0,1.6071499999999999,1.615331692976193,0.5327000000000002,56.424866666666674
2026-01-12 12:00:00,PUMP-014,South,Day,44,2.0622,59.4924,120.4134,68.4484,36.0133,0,1.0,415.49,Healthy,Normal,0,1.67685,1.6934044461773843,0.6864999999999999,56.931000000000004
2026-01-12 18:00:00,PUMP-014,South,Day,44,1.7561,58.345,112.0966,69.2759,37.0488,0,1.0,376.09,Healthy,Normal,0,1.7152333333333332,1.7301990868105324,0.6864999999999999,57.10978333333333
2026-01-13 00:00:00,PUMP-014,South,Day,44,1.5877,57.2891,113.2354,68.7328,34.4129,0,1.0,374.75,Healthy,Normal,0,1.6617833333333332,1.6753275306637803,0.6864999999999999,57.10256666666666
2026-01-13 06:00:00,PUMP-014,South,Night,44,1.3589,57.431,118.4134,65.7755,35.6212,0,1.0,352.75,Healthy,Normal,0,1.6137166666666667,1.6316324100932373,0.7032999999999998,57.38065
2026-01-13 12:00:00,PUMP-014,South,Day,44,1.6359,55.4857,118.0774,68.4128,35.9258,0,1.0,359.92,Healthy,Normal,0,1.6294166666666665,1.646849307516224,0.7032999999999998,57.62048333333333
2026-01-13 18:00:00,PUMP-014,South,Day,44,1.4771,54.7156,117.3551,70.4032,33.7369,0,1.0,358.23,Healthy,Normal,0,1.6463166666666667,1.6614225716736446,0.7032999999999998,57.126466666666666
2026-01-14 00:00:00,PUMP-014,South,Day,44,1.655,57.4225,119.7835,69.3254,37.4482,1,1.0,338.31,Healthy,Normal,0,1.5784500000000001,1.5836827296947245,0.3972,56.781483333333334
2026-01-14 06:00:00,PUMP-014,South,Day,44,1.6472,56.0343,113.2802,69.8856,34.9359,0,1.0,393.07,Healthy,Normal,0,1.5603,1.5640591719411812,0.29610000000000003,56.396366666666665
2026-01-14 12:00:00,PUMP-014,South,Day,44,1.8747,55.65,122.4412,70.9273,35.9303,0,1.0,335.89,Healthy,Normal,0,1.6081333333333332,1.6161371311453328,0.5158,56.12318333333334
2026-01-14 18:00:00,PUMP-014,South,Day,44,1.7977,57.3253,111.4535,67.7985,34.8064,0,1.0,290.84,Healthy,Normal,0,1.6812666666666667,1.6860462350323218,0.39759999999999995,56.10556666666667
2026-01-15 00:00:00,PUMP-014,South,Day,44,1.4628,59.6193,112.0659,70.1192,36.6482,1,1.0,341.13,Healthy,Normal,0,1.6524166666666666,1.6593234801167212,0.41189999999999993,56.7945
2026-01-15 06:00:00,PUMP-014,South,Day,44,1.5177,59.3818,122.4805,70.264,35.6245,0,1.0,317.96,Healthy,Normal,0,1.6591833333333332,1.6654186335573409,0.41189999999999993,57.5722
2026-01-15 12:00:00,PUMP-014,South,Day,44,1.4999,57.5755,114.1296,69.5639,35.7404,0,1.0,322.59,Healthy,Normal,0,1.6333333333333335,1.6407513705616703,0.41189999999999993,57.5977
2026-01-15 18:00:00,PUMP-014,South,Night,44,1.2886,59.7734,116.0766,71.403,37.0151,1,1.0,330.77,Healthy,Normal,0,1.5735666666666666,1.5863801814193217,0.5861000000000001,58.220883333333326
2026-01-16 00:00:00,PUMP-014,South,Day,44,1.6432,55.7809,117.7773,64.5538,35.4602,0,1.0,304.1,Healthy,Normal,0,1.5349833333333336,1.5430067309207263,0.5091000000000001,58.242700000000006
2026-01-16 06:00:00,PUMP-014,South,Day,44,1.3991,51.3812,111.9462,72.4317,35.1844,0,1.0,349.96,Healthy,Normal,0,1.4685499999999998,1.4725813022263547,0.3546,57.25201666666666
2026-01-16 12:00:00,PUMP-014,South,Day,44,1.7316,57.9428,110.9179,68.5497,35.9592,0,1.0,336.1,Healthy,Normal,0,1.51335,1.5203962679731449,0.44300000000000006,56.9726
2026-01-16 18:00:00,PUMP-014,South,Day,44,1.6204,57.897,118.7396,66.4268,36.0811,0,1.0,284.09,Healthy,Normal,0,1.5304666666666666,1.5379592398153252,0.44300000000000006,56.72513333333333
2026-01-17 00:00:00,PUMP-014,South,Day,44,1.3985,51.3996,119.7713,70.759,33.922,0,1.0,286.74,Healthy,Normal,0,1.5135666666666667,1.5219512683832335,0.44300000000000006,55.695816666666666
2026-01-17 06:00:00,PUMP-014,South,Night,44,1.469,57.9061,112.7094,67.4773,37.5844,0,1.0,273.54,Healthy,Normal,0,1.5436333333333334,1.5489504521879753,0.33309999999999995,55.384600000000006
2026-01-17 12:00:00,PUMP-014,South,Day,44,1.3972,55.989,116.6893,66.4548,36.3095,0,1.0,243.47,Healthy,Normal,0,1.5026333333333335,1.50817475888351,0.33440000000000003,55.41928333333333
2026-01-17 18:00:00,PUMP-014,South,Night,44,1.682,54.0471,115.2165,67.2923,35.9484,1,1.0,229.46,Healthy,Normal,0,1.5497833333333333,1.5555915171835226,0.33440000000000003,55.8636
2026-01-18 00:00:00,PUMP-014,South,Night,44,1.5437,55.3039,111.6854,70.4604,35.5189,0,1.0,256.43,Healthy,Normal,0,1.5184666666666666,1.5222659064696944,0.28479999999999994,55.423783333333326
2026-01-18 06:00:00,PUMP-014,South,Day,44,1.2674,56.1824,116.2259,69.1426,35.3201,2,1.0,218.54,Warning,Normal,0,1.4596333333333333,1.4653991231060568,0.41459999999999986,55.138016666666665
2026-01-18 12:00:00,PUMP-014,South,Day,44,1.7125,55.7342,114.8438,69.5336,36.7648,0,1.0,237.0,Healthy,Normal,0,1.5119666666666667,1.5199353900741965,0.44509999999999983,55.86045000000001
2026-01-18 18:00:00,PUMP-014,South,Night,44,1.506,58.5333,119.2456,71.5582,36.1878,0,1.0,255.46,Healthy,Normal,0,1.5181333333333333,1.5259585260855988,0.44509999999999983,55.96498333333333
2026-01-19 00:00:00,PUMP-014,South,Day,44,1.5715,54.4385,117.2972,67.1277,35.4009,0,1.0,245.54,Healthy,Normal,0,1.5471833333333336,1.5539595098757668,0.44509999999999983,55.70656666666667
2026-01-19 06:00:00,PUMP-014,South,Day,44,1.5293,55.3553,117.6334,68.2424,39.2032,0,1.0,250.11,Healthy,Normal,0,1.5217333333333334,1.5274366020667873,0.44509999999999983,55.9246
2026-01-19 12:00:00,PUMP-014,South,Day,44,1.7996,56.6087,110.2467,72.2068,35.6209,1,1.0,209.41,Healthy,Normal,0,1.5643833333333335,1.5734212145300868,0.5322,56.142066666666665
2026-01-19 18:00:00,PUMP-014,South,Night,44,1.4483,56.4944,113.8024,75.6872,38.9226,1,1.0,226.26,Healthy,Normal,0,1.5945333333333334,1.5992287745451972,0.35130000000000017,56.194066666666664
2026-01-20 00:00:00,PUMP-014,South,Day,44,1.6034,61.0591,113.4139,70.4733,37.6922,1,1.0,230.32,Healthy,Normal,0,1.57635,1.5802653442802994,0.35130000000000017,57.08154999999999
2026-01-20 06:00:00,PUMP-014,South,Day,44,1.7145,57.7373,114.6711,71.4818,36.5031,0,1.0,218.85,Healthy,Normal,0,1.6110999999999998,1.6152866412291453,0.35130000000000017,56.94888333333333
2026-01-20 12:00:00,PUMP-014,South,Night,44,1.9486,58.6366,110.5654,70.661,39.6324,0,1.0,219.47,Healthy,Normal,0,1.6739499999999998,1.6823760632906466,0.5003000000000002,57.648566666666675
2026-01-20 18:00:00,PUMP-014,South,Day,44,1.8865,60.4235,110.8138,74.4052,36.3892,0,1.0,211.18,Healthy,Normal,0,1.7334833333333333,1.7417643865728032,0.5003000000000002,58.49326666666667
2026-01-21 00:00:00,PUMP-014,South,Night,44,2.3891,60.837,120.739,71.0837,37.7788,1,1.0,219.31,Healthy,Normal,0,1.8317333333333334,1.8561473414934853,0.9408000000000001,59.19798333333333
2026-01-21 06:00:00,PUMP-014,South,Night,44,2.3592,58.15,114.2786,73.1574,40.4418,0,1.0,165.26,Healthy,Normal,1,1.9835500000000001,2.005822751807015,0.7857000000000001,59.47391666666666
2026-01-21 12:00:00,PUMP-014,South,Day,44,2.2954,60.6251,107.5763,70.8796,37.7682,0,1.0,219.24,Healthy,Normal,0,2.098883333333333,2.114943619027861,0.6746000000000001,59.40158333333334
2026-01-21 18:00:00,PUMP-014,South,Day,44,2.2793,62.9524,117.1209,72.8594,36.7536,0,1.0,145.51,Healthy,Normal,1,2.193016666666667,2.2020300221235254,0.5025999999999999,60.270766666666674
2026-01-22 00:00:00,PUMP-014,South,Day,44,2.5058,64.9957,105.2733,73.9496,40.0394,2,1.0,186.72,Warning,Normal,0,2.285883333333333,2.294036071715816,0.6192999999999997,61.330616666666664
2026-01-22 06:00:00,PUMP-014,South,Day,44,2.4999,58.1376,109.3165,74.7606,38.6396,1,1.0,158.76,Healthy,Normal,1,2.3881166666666664,2.3897777703516003,0.2264999999999997,60.94963333333333
2026-01-22 12:00:00,PUMP-014,South,Night,44,2.5881,63.7091,112.182,74.7641,38.7553,0,1.0,153.0,Healthy,Warning,1,2.4212833333333332,2.4240699092641695,0.30879999999999974,61.42831666666666
2026-01-22 18:00:00,PUMP-014,South,Night,44,2.6896,65.0233,104.9827,77.5242,39.8325,1,1.0,144.91,Healthy,Warning,1,2.4763499999999996,2.480753013031863,0.4102999999999999,62.573866666666675
2026-01-23 00:00:00,PUMP-014,South,Day,44,2.4542,68.6048,106.8947,77.6058,38.7823,1,1.0,131.55,Healthy,Warning,1,2.5028166666666665,2.505961211125716,0.4102999999999999,63.903816666666664
2026-01-23 06:00:00,PUMP-014,South,Night,44,3.0163,64.2784,108.9751,76.7632,38.2559,0,1.0,131.26,Warning,Warning,1,2.62565,2.632549675061549,0.5621,64.12481666666666
2026-01-23 12:00:00,PUMP-014,South,Day,44,2.662,65.0921,108.7591,73.8989,41.6478,0,1.0,113.04,Healthy,Bearing Wear,1,2.651683333333333,2.6579790916534063,0.5621,64.14088333333332
2026-01-23 18:00:00,PUMP-014,South,Day,44,3.2348,64.2571,108.2148,75.2086,39.2128,2,1.0,131.03,Warning,Warning,1,2.7741666666666664,2.7869800902290875,0.7805999999999997,65.16080000000001
2026-01-24 00:00:00,PUMP-014,South,Day,44,2.8609,66.7809,109.7772,73.829,41.1141,1,1.0,108.21,Healthy,Warning,1,2.8196333333333334,2.831078573618189,0.7805999999999997,65.67276666666667
2026-01-24 06:00:00,PUMP-014,South,Day,44,2.8099,64.1019,104.1941,76.2165,38.7083,2,1.0,110.29,Warning,Warning,1,2.8396833333333333,2.8504860752159447,0.7805999999999997,65.5192
2026-01-24 12:00:00,PUMP-014,South,Day,44,3.3314,71.2253,100.658,73.1396,41.2346,0,1.0,75.34,Warning,Bearing Wear,1,2.9858833333333337,2.9951837314261707,0.6694,65.95595
2026-01-24 18:00:00,PUMP-014,South,Night,44,3.4599,70.1468,104.5925,75.1272,40.0321,0,1.0,54.68,Warning,Warning,1,3.0598166666666664,3.074074273392452,0.7979000000000003,66.93401666666666
2026-01-25 00:00:00,PUMP-014,South,Day,44,3.4927,67.5078,99.0255,77.9115,38.8722,1,1.0,74.75,Warning,Warning,1,3.1982666666666666,3.2096808024059547,0.6828000000000003,67.33663333333334
2026-01-25 06:00:00,PUMP-014,South,Night,44,3.5226,67.8406,106.2696,72.3751,43.0519,1,1.0,109.65,Warning,Bearing Wear,1,3.246233333333333,3.2597823250436013,0.7127000000000003,67.93388333333333
2026-01-25 12:00:00,PUMP-014,South,Day,44,3.3141,71.7291,105.5948,75.0164,40.8806,2,1.0,88.34,Warning,Warning,1,3.3217666666666665,3.3305553801130525,0.7127000000000003,68.75858333333333
2026-01-25 18:00:00,PUMP-014,South,Day,44,3.2959,71.5314,101.1383,79.3231,42.0115,1,1.0,79.12,Warning,Warning,1,3.402766666666667,3.403993087537047,0.22670000000000012,69.99683333333333
2026-01-26 00:00:00,PUMP-014,South,Day,44,3.3544,68.1868,105.8895,77.2259,41.6207,0,1.0,74.85,Warning,Seal Leak,1,3.4065999999999996,3.407755542875692,0.22670000000000012,69.49041666666666
2026-01-26 06:00:00,PUMP-014,South,Day,44,3.5891,75.7793,107.7091,76.1475,40.943,2,1.0,67.05,Warning,Bearing Wear,1,3.4281333333333337,3.4299542718040232,0.2932000000000001,70.42916666666667
2026-01-26 12:00:00,PUMP-014,South,Day,44,3.7919,71.5627,105.5379,77.2529,43.2318,3,1.0,56.74,Warning,Bearing Wear,1,3.478,3.4825055673561627,0.496,71.10498333333334
2026-01-26 18:00:00,PUMP-014,South,Night,44,3.8481,71.2442,95.5779,79.2835,41.3108,1,1.0,0.0,Critical,Seal Leak,1,3.53225,3.539449886870369,0.5522,71.67225
2026-01-27 00:00:00,PUMP-014,South,Day,44,3.9051,74.1391,101.3724,79.4679,43.4261,0,1.0,36.4,Warning,Bearing Wear,1,3.6307500000000004,3.638515727830054,0.6092,72.07391666666668
2026-01-27 06:00:00,PUMP-014,South,Day,44,3.9707,69.8872,102.3601,77.5611,40.6712,1,1.0,0.0,Warning,Seal Leak,1,3.7432166666666666,3.7491394988272533,0.6162999999999998,71.79988333333334
2026-01-27 12:00:00,PUMP-014,South,Night,44,4.0834,70.5125,103.7389,76.5132,42.2193,1,1.0,0.0,Warning,Bearing Wear,1,3.8647166666666664,3.8677822691649366,0.49429999999999996,72.18750000000001
2026-01-27 18:00:00,PUMP-014,South,Night,44,4.4914,70.7165,96.589,74.1114,43.7766,3,1.0,53.65,Critical,Misalignment,1,4.0150999999999994,4.021804595783672,0.6994999999999996,71.3437
2026-01-28 00:00:00,PUMP-014,South,Night,44,4.4718,74.8669,97.6036,73.5726,44.4283,3,1.0,35.07,Critical,Bearing Wear,1,4.128416666666666,4.136583994674833,0.6432999999999995,71.8944
2026-01-28 06:00:00,PUMP-014,South,Day,44,4.2751,74.8745,108.0203,74.8365,43.5234,2,1.0,0.0,Critical,Bearing Wear,1,4.199583333333334,4.205880194640198,0.5862999999999996,72.49945000000001
2026-01-01 00:00:00,PUMP-015,East,Day,58,1.3529,61.6931,121.4258,71.8299,37.4901,0,1.0,596.9,Healthy,Normal,0,1.3529,1.3529,0.0,61.6931
2026-01-01 06:00:00,PUMP-015,East,Day,58,0.8609,60.1596,125.7339,72.6795,36.7671,0,1.0,617.94,Healthy,Normal,0,1.1069,1.1339063497485142,0.492,60.92635
2026-01-01 12:00:00,PUMP-015,East,Night,58,1.1966,59.3076,130.1863,69.1622,35.5318,0,1.0,673.58,Healthy,Normal,0,1.1368,1.155182349241885,0.492,60.38676666666667
2026-01-01 18:00:00,PUMP-015,East,Day,58,1.2986,55.8933,124.7505,65.9254,33.6922,0,1.0,647.34,Healthy,Normal,0,1.17725,1.1926546796956778,0.492,59.263400000000004
2026-01-02 00:00:00,PUMP-015,East,Night,58,1.1087,58.4008,129.6806,69.8802,37.1517,1,1.0,680.45,Healthy,Normal,0,1.16354,1.1763431837690905,0.492,59.090880000000006
2026-01-02 06:00:00,PUMP-015,East,Night,58,1.328,58.1836,124.5287,70.1604,39.4024,0,1.0,630.07,Healthy,Normal,0,1.19095,1.20294779811927,0.492,58.93966666666666
2026-01-02 12:00:00,PUMP-015,East,Night,58,1.5694,61.1558,131.226,73.1275,35.4017,1,1.0,608.81,Healthy,Normal,0,1.2270333333333332,1.2460055096186373,0.7084999999999999,58.85011666666666
2026-01-02 18:00:00,PUMP-015,East,Night,58,1.4274,58.5342,131.5588,70.9388,33.5632,0,1.0,612.94,Healthy,Normal,0,1.32145,1.3298809677310723,0.4606999999999999,58.57921666666667
2026-01-03 00:00:00,PUMP-015,East,Day,58,1.3592,62.166,129.8154,70.0527,37.6072,0,1.0,590.04,Healthy,Normal,0,1.3485500000000001,1.3556716299802594,0.4606999999999999,59.05561666666666
2026-01-03 06:00:00,PUMP-015,East,Day,58,1.3334,59.9342,128.3921,74.9799,34.9513,1,1.0,641.53,Healthy,Normal,0,1.35435,1.3612902586639388,0.4606999999999999,59.729099999999995
2026-01-03 12:00:00,PUMP-015,East,Day,58,1.1572,60.5129,128.6541,67.6493,38.0594,0,1.0,561.93,Healthy,Normal,0,1.3624333333333334,1.3680011671534982,0.4121999999999999,60.08111666666667
2026-01-03 18:00:00,PUMP-015,East,Day,58,1.2491,60.7397,126.2465,70.2991,35.7541,0,1.0,590.94,Healthy,Normal,0,1.3492833333333334,1.3555583087176049,0.4121999999999999,60.507133333333336
2026-01-04 00:00:00,PUMP-015,East,Day,58,1.2119,60.1281,132.9065,68.0478,35.5288,0,1.0,607.92,Healthy,Normal,0,1.2897,1.2929884776490985,0.2702,60.33585
2026-01-04 06:00:00,PUMP-015,East,Night,58,1.3102,60.6359,129.479,67.5692,37.8118,0,1.0,603.63,Healthy,Normal,0,1.2701666666666667,1.2721417963419015,0.20199999999999996,60.68613333333334
2026-01-04 12:00:00,PUMP-015,East,Night,58,1.4044,59.2997,129.6145,69.9407,36.7631,0,1.0,584.1,Healthy,Normal,0,1.2777,1.2802983519477014,0.2472000000000001,60.20841666666667
2026-01-04 18:00:00,PUMP-015,East,Night,58,1.4405,58.9087,131.126,71.1079,35.5133,0,1.0,565.08,Healthy,Normal,0,1.2955500000000002,1.2994914332153176,0.2832999999999999,60.0375
2026-01-05 00:00:00,PUMP-015,East,Day,58,1.2307,62.5037,125.7576,69.2578,34.2677,0,1.0,577.97,Healthy,Normal,0,1.3078,1.3106981956194186,0.22859999999999991,60.3693
2026-01-05 06:00:00,PUMP-015,East,Night,58,1.2525,59.6942,123.8227,64.8405,36.6408,0,1.0,537.5,Healthy,Normal,0,1.3083666666666665,1.311238854417201,0.22859999999999991,60.19505
2026-01-05 12:00:00,PUMP-015,East,Day,58,1.226,61.8124,128.2381,73.6783,35.3613,0,1.0,553.92,Healthy,Normal,0,1.3107166666666665,1.3134216376827865,0.2144999999999999,60.475766666666665
2026-01-05 18:00:00,PUMP-015,East,Day,58,1.3519,58.5457,129.5094,72.2336,35.8801,1,1.0,521.94,Healthy,Normal,0,1.3176666666666668,1.3204461342036384,0.2144999999999999,60.1274
2026-01-06 00:00:00,PUMP-015,East,Day,58,1.1296,58.7093,131.9905,70.333,36.4733,0,1.0,524.26,Healthy,Normal,0,1.2718666666666667,1.275743231741142,0.31089999999999995,60.028999999999996
2026-01-06 06:00:00,PUMP-015,East,Night,58,1.3341,60.2309,126.8522,68.6386,35.6614,1,1.0,512.12,Healthy,Normal,0,1.254133333333333,1.2563112220571249,0.22230000000000016,60.249366666666674
2026-01-06 12:00:00,PUMP-015,East,Day,58,1.6221,58.6942,128.4314,72.0641,33.242,1,1.0,523.08,Healthy,Normal,0,1.3193666666666666,1.328313042923241,0.49250000000000016,59.61445
2026-01-06 18:00:00,PUMP-015,East,Night,58,1.3317,59.3587,132.1599,70.6934,36.058,0,1.0,477.94,Healthy,Normal,0,1.3325666666666667,1.3410917120018302,0.49250000000000016,59.55853333333332
2026-01-07 00:00:00,PUMP-015,East,Day,58,1.163,56.0371,123.1632,68.9258,35.8483,0,1.0,507.57,Healthy,Normal,0,1.3220666666666667,1.3317066043239405,0.49250000000000016,58.59598333333333
2026-01-07 06:00:00,PUMP-015,East,Day,58,1.091,60.5761,133.2552,67.4535,36.3412,1,1.0,524.13,Healthy,Normal,0,1.2785833333333334,1.2912075917527748,0.5311000000000001,58.93438333333333
2026-01-07 12:00:00,PUMP-015,East,Night,58,1.2054,58.1123,128.4553,70.0853,34.9008,1,1.0,501.27,Healthy,Normal,0,1.2912166666666667,1.3025804690434037,0.5311000000000001,58.83488333333333
2026-01-07 18:00:00,PUMP-015,East,Day,58,1.3348,61.6962,134.3146,68.2468,37.5411,0,1.0,474.61,Healthy,Normal,0,1.2913333333333332,1.3026999846472709,0.5311000000000001,59.07909999999999
2026-01-08 00:00:00,PUMP-015,East,Night,58,1.3119,61.2656,131.7623,73.6012,36.278,1,1.0,530.67,Healthy,Normal,0,1.2396333333333334,1.2431168287815912,0.24380000000000002,59.507666666666665
2026-01-08 06:00:00,PUMP-015,East,Day,58,1.0574,60.9387,123.6093,68.847,35.3532,0,1.0,500.6,Healthy,Normal,0,1.1939166666666665,1.1983813089608277,0.2774000000000001,59.770999999999994
2026-01-08 12:00:00,PUMP-015,East,Night,58,1.3808,61.2072,131.3862,69.9231,33.6252,0,1.0,480.48,Healthy,Normal,0,1.2302166666666667,1.2363080933435107,0.32340000000000013,60.63268333333334
2026-01-08 18:00:00,PUMP-015,East,Day,58,4.26664,61.5269,128.3744,67.8829,35.3585,1,1.0,448.84,Healthy,Normal,0,1.7594900000000002,2.0890461180325017,3.20924,60.791149999999995
2026-01-09 00:00:00,PUMP-015,East,Day,58,1.1316,58.2467,128.9892,69.5998,35.3147,0,1.0,487.06,Healthy,Normal,0,1.7471899999999998,2.082154793301081,3.20924,60.81355
2026-01-09 06:00:00,PUMP-015,East,Day,58,1.456,56.7496,129.5727,73.1742,35.7435,0,1.0,439.82,Healthy,Normal,0,1.7673899999999998,2.0956485256995423,3.20924,59.98911666666667
2026-01-09 12:00:00,PUMP-015,East,Night,58,1.3415,57.7096,121.593,69.6504,34.2312,0,1.0,429.24,Healthy,Normal,0,1.7723233333333333,2.0987693655886375,3.20924,59.396449999999994
2026-01-09 18:00:00,PUMP-015,East,Day,58,4.83512,61.3079,129.7617,69.1188,33.3053,0,1.0,475.18,Healthy,Normal,0,2.4019433333333335,2.848663071044614,3.70352,59.457983333333324
2026-01-10 00:00:00,PUMP-015,East,Night,58,1.4422,57.8245,129.4486,74.9057,38.1499,2,1.0,447.97,Warning,Normal,0,2.412176666666667,2.8537291378708898,3.70352,58.894200000000005
2026-01-10 06:00:00,PUMP-015,East,Day,58,1.3887,56.4273,129.9766,69.5881,36.052,0,1.0,409.23,Healthy,Normal,0,1.9325200000000002,2.330482451997154,3.70352,58.044266666666665
2026-01-10 12:00:00,PUMP-015,East,Night,58,1.2106,59.4758,126.7107,66.1318,35.8469,1,1.0,432.58,Healthy,Normal,0,1.9456866666666668,2.337089520265181,3.62452,58.24911666666666
2026-01-10 18:00:00,PUMP-015,East,Day,58,1.3074,57.7404,123.195,66.8292,37.8633,1,1.0,375.49,Healthy,Normal,0,1.92092,2.322401175306856,3.62452,58.41425
2026-01-11 00:00:00,PUMP-015,East,Day,58,1.3172,61.3882,131.982,66.9374,35.0013,0,1.0,373.7,Healthy,Normal,0,1.91687,2.320081783917685,3.62452,59.02734999999999
2026-01-11 06:00:00,PUMP-015,East,Night,58,1.2567,60.3365,130.5562,71.5646,34.8151,1,1.0,383.7,Healthy,Normal,0,1.3204666666666667,1.3227236030252125,0.23160000000000003,58.86545
2026-01-11 12:00:00,PUMP-015,East,Day,58,1.2516,57.6266,135.033,70.3548,37.5089,0,1.0,405.95,Healthy,Normal,0,1.2887,1.2899708071632214,0.17810000000000015,58.83246666666667
2026-01-11 18:00:00,PUMP-015,East,Day,58,0.8684,61.7267,128.6064,70.4748,34.2513,0,1.0,376.5,Healthy,Normal,0,1.2019833333333334,1.2117328480321063,0.4488,59.7157
2026-01-12 00:00:00,PUMP-015,East,Day,58,1.1437,60.682,129.0095,69.7228,38.5927,0,1.0,366.22,Healthy,Normal,0,1.1908333333333332,1.2008522182183783,0.4488,59.91673333333333
2026-01-12 06:00:00,PUMP-015,East,Day,58,1.0899,60.1599,128.2646,73.1556,36.4062,0,1.0,356.89,Healthy,Normal,0,1.1545833333333333,1.1641064921217474,0.4488,60.31998333333333
2026-01-12 12:00:00,PUMP-015,East,Day,58,1.4719,52.4753,129.91,70.4879,35.9512,0,1.0,377.75,Healthy,Normal,0,1.1803666666666668,1.194594583948881,0.6035,58.8345
2026-01-12 18:00:00,PUMP-015,East,Night,58,1.2973,62.278,131.1296,71.2478,36.6912,1,1.0,380.71,Healthy,Normal,0,1.1871333333333334,1.201806260038059,0.6035,59.15808333333334
2026-01-13 00:00:00,PUMP-015,East,Day,58,1.2869,62.9238,132.2772,68.5611,39.263,0,1.0,356.7,Healthy,Normal,0,1.1930166666666666,1.2080037782777557,0.6035,60.04095
2026-01-13 06:00:00,PUMP-015,East,Day,58,1.5944,59.9284,125.4677,69.3871,35.0005,0,1.0,373.89,Healthy,Normal,0,1.3140166666666666,1.325621336707181,0.5045,59.741233333333334
2026-01-13 12:00:00,PUMP-015,East,Day,58,1.3042,60.1775,124.7387,66.186,36.4353,0,1.0,342.47,Healthy,Normal,0,1.3407666666666664,1.3500937942725808,0.5045,59.65715
2026-01-13 18:00:00,PUMP-015,East,Night,58,1.6287,61.376,137.9728,77.1315,33.5387,1,1.0,341.9,Healthy,Normal,0,1.4305666666666665,1.4376660020092753,0.3418000000000001,59.859833333333334
2026-01-14 00:00:00,PUMP-015,East,Day,58,1.3822,58.9869,125.8272,68.7514,35.7198,0,1.0,359.68,Healthy,Normal,0,1.4156166666666667,1.4227490074968716,0.3418000000000001,60.945100000000004
2026-01-14 06:00:00,PUMP-015,East,Night,58,1.4482,59.2235,132.3456,67.8851,34.4091,0,1.0,332.3,Healthy,Normal,0,1.4407666666666668,1.4468116889676186,0.3418000000000001,60.43601666666666
2026-01-14 12:00:00,PUMP-015,East,Night,58,1.5874,63.0462,126.0651,73.4208,32.665,1,1.0,312.57,Healthy,Normal,0,1.49085,1.4957334616613127,0.3245,60.45641666666668
2026-01-14 18:00:00,PUMP-015,East,Day,58,1.2433,58.0151,127.5554,74.2088,35.8489,0,1.0,339.26,Healthy,Normal,0,1.4323333333333332,1.43915455852849,0.38539999999999996,60.13753333333333
2026-01-15 00:00:00,PUMP-015,East,Day,58,0.963,58.9576,126.3954,73.5367,36.2593,0,1.0,355.44,Healthy,Normal,0,1.3754666666666668,1.3936418968539468,0.6657000000000001,59.934216666666664
2026-01-15 06:00:00,PUMP-015,East,Night,58,1.5137,61.0303,127.244,68.7384,37.0029,1,1.0,345.11,Healthy,Normal,0,1.3563,1.3718631139196555,0.6244,59.8766
2026-01-15 12:00:00,PUMP-015,East,Night,58,1.4126,59.087,129.757,70.2348,36.6964,0,1.0,297.25,Healthy,Normal,0,1.3613666666666668,1.3770144237927695,0.6244,59.89328333333333
2026-01-15 18:00:00,PUMP-015,East,Night,58,1.4033,60.6635,127.9297,72.0501,36.0913,1,1.0,345.22,Healthy,Normal,0,1.3538833333333333,1.3692443165240211,0.6244,60.13328333333334
2026-01-16 00:00:00,PUMP-015,East,Night,58,1.2764,58.7747,128.9446,68.3686,36.7171,1,1.0,267.88,Healthy,Normal,0,1.3020500000000002,1.313921496259702,0.5507000000000001,59.42136666666667
2026-01-16 06:00:00,PUMP-015,East,Day,58,1.3691,62.0232,133.366,71.3335,35.5763,1,1.0,267.73,Healthy,Normal,0,1.3230166666666667,1.3346021947881448,0.5507000000000001,60.08938333333333
2026-01-16 12:00:00,PUMP-015,East,Night,58,0.7256,61.1474,131.6788,69.3072,37.3837,0,1.0,304.45,Healthy,Normal,0,1.28345,1.3093321751946676,0.7881,60.45435
2026-01-16 18:00:00,PUMP-015,East,Night,58,1.1174,59.4783,127.7602,68.1015,36.4253,1,1.0,264.63,Healthy,Normal,0,1.2173999999999998,1.241195629222082,0.687,60.19568333333333
2026-01-17 00:00:00,PUMP-015,East,Night,58,1.1051,59.8804,128.2021,68.8544,38.6675,0,1.0,262.98,Healthy,Normal,0,1.16615,1.1880801593326942,0.6777,60.32791666666666
2026-01-17 06:00:00,PUMP-015,East,Night,58,1.3555,64.2452,124.9401,68.606,34.68,0,1.0,250.75,Healthy,Normal,0,1.1581833333333333,1.1787943098776819,0.6435,60.92486666666667
2026-01-17 12:00:00,PUMP-015,East,Day,58,1.1001,61.9661,129.6275,73.244,35.9158,0,1.0,256.79,Healthy,Normal,0,1.1288,1.148793512052246,0.6435,61.45676666666666
2026-01-17 18:00:00,PUMP-015,East,Night,58,1.3196,57.4496,130.1042,,37.3862,0,1.0,261.08,Healthy,Normal,0,1.12055,1.139098221547788,0.6298999999999999,60.694500000000005
2026-01-18 00:00:00,PUMP-015,East,Day,58,1.4162,61.9727,133.55,69.7111,36.543,0,1.0,279.58,Healthy,Normal,0,1.23565,1.2426044979531232,0.3160999999999998,60.83205
2026-01-18 06:00:00,PUMP-015,East,Day,58,1.0217,59.2787,127.1255,66.698,36.2091,0,1.0,217.63,Healthy,Normal,0,1.2197,1.2287991265187868,0.39449999999999985,60.79878333333334
2026-01-18 12:00:00,PUMP-015,East,Day,58,1.3377,58.2194,130.6536,70.0214,35.6638,1,1.0,244.27,Healthy,Normal,0,1.2584666666666666,1.2667464255590646,0.39449999999999985,60.521950000000004
2026-01-18 18:00:00,PUMP-015,East,Night,58,1.4376,62.8673,130.753,70.9759,35.5713,0,1.0,247.68,Healthy,Normal,0,1.27215,1.2817431197396771,0.41589999999999994,60.292300000000004
2026-01-19 00:00:00,PUMP-015,East,Day,58,0.7946,57.6578,134.0933,70.8478,35.4729,0,1.0,274.88,Healthy,Normal,0,1.2212333333333334,1.2435407579434887,0.643,59.574250000000006
2026-01-19 06:00:00,PUMP-015,East,Day,58,1.4855,59.2553,121.9462,69.0479,37.791,0,1.0,256.04,Healthy,Normal,0,1.2488833333333333,1.274344785239327,0.6909000000000001,59.8752
2026-01-19 12:00:00,PUMP-015,East,Night,58,1.1199,59.144,124.5908,67.6172,35.367,1,1.0,225.27,Healthy,Normal,0,1.1995,1.2242195718089137,0.6909000000000001,59.40375
2026-01-19 18:00:00,PUMP-015,East,Night,58,1.4317,60.4956,129.1907,70.6342,35.8424,0,1.0,214.36,Healthy,Normal,0,1.2678333333333334,1.2908766633571156,0.6909000000000001,59.60656666666667
2026-01-20 00:00:00,PUMP-015,East,Night,58,1.7467,59.9047,128.3017,70.5885,35.0789,2,1.0,182.35,Warning,Normal,0,1.336,1.3698962831786452,0.9521,59.88745
2026-01-20 06:00:00,PUMP-015,East,Day,58,1.081,60.1062,129.1786,72.209,37.1642,0,1.0,209.33,Healthy,Normal,0,1.2765666666666666,1.3141259579406128,0.9521,59.42726666666667
2026-01-20 12:00:00,PUMP-015,East,Night,58,1.411,60.4521,129.4105,69.7912,37.3955,1,1.0,173.69,Healthy,Normal,0,1.3793,1.3976822504894784,0.6657,59.892983333333326
2026-01-20 18:00:00,PUMP-015,East,Day,58,1.2889,60.8641,127.0677,66.5612,34.5453,0,1.0,228.11,Healthy,Normal,0,1.3465333333333334,1.3647739129003504,0.6657,60.161116666666665
2026-01-21 00:00:00,PUMP-015,East,Day,58,1.3522,59.0727,125.8206,68.8621,33.9409,0,1.0,199.36,Healthy,Normal,0,1.38525,1.3993996230526862,0.6657,60.149233333333335
2026-01-21 06:00:00,PUMP-015,East,Day,58,1.318,59.0114,125.7886,65.4243,36.5144,0,1.0,186.42,Healthy,Normal,0,1.3662999999999998,1.3806565430982465,0.6657,59.90186666666667
2026-01-21 12:00:00,PUMP-015,East,Night,58,1.3479,60.4461,128.6773,73.7676,36.9867,1,1.0,166.83,Healthy,Normal,1,1.2998333333333334,1.3040416953967895,0.33000000000000007,59.99209999999999
2026-01-21 18:00:00,PUMP-015,East,Day,58,1.5889,58.5354,127.8379,73.0578,36.7004,0,1.0,202.95,Healthy,Normal,0,1.384483333333333,1.3879955973753424,0.30000000000000004,59.7303
2026-01-22 00:00:00,PUMP-015,East,Night,58,1.9193,61.4938,125.0799,71.4466,35.209,0,1.0,178.58,Healthy,Normal,0,1.4692,1.4861573582004475,0.6304000000000001,59.90391666666667
2026-01-22 06:00:00,PUMP-015,East,Day,58,1.1767,58.6332,130.2877,68.6945,37.5524,2,1.0,146.81,Warning,Normal,1,1.4505,1.470563488372173,0.7425999999999999,59.53210000000001
2026-01-22 12:00:00,PUMP-015,East,Day,58,1.8723,65.5653,131.259,66.3371,36.4596,0,1.0,132.89,Healthy,Normal,1,1.5371833333333333,1.5627115478125406,0.7425999999999999,60.614200000000004
2026-01-22 18:00:00,PUMP-015,East,Night,58,1.5318,65.3264,123.4554,68.1861,35.7942,2,1.0,161.49,Warning,Normal,1,1.5728166666666665,1.5948715481191582,0.7425999999999999,61.66670000000001
2026-01-23 00:00:00,PUMP-015,East,Night,58,2.202,64.3695,123.6953,70.7294,39.658,1,1.0,146.01,Healthy,Normal,1,1.7151666666666667,1.746122424115789,1.0252999999999999,62.320600000000006
2026-01-23 06:00:00,PUMP-015,East,Day,58,2.028,63.2332,123.9815,70.9077,38.4337,1,1.0,118.54,Healthy,Normal,1,1.78835,1.8203407149029363,1.0252999999999999,63.103566666666666
2026-01-23 12:00:00,PUMP-015,East,Day,58,2.1365,64.245,121.3415,73.822,38.9647,0,1.0,134.23,Healthy,Normal,1,1.8245500000000001,1.8602312432419075,1.0252999999999999,63.56210000000001
2026-01-23 18:00:00,PUMP-015,East,Night,58,2.1462,68.4337,124.3218,72.9264,37.1049,0,1.0,128.68,Healthy,Normal,1,1.9861333333333333,1.9993462773283337,0.6701999999999999,65.19551666666666
2026-01-24 00:00:00,PUMP-015,East,Day,58,2.3946,66.9562,113.5987,72.8514,38.8543,0,1.0,104.15,Healthy,Seal Leak,1,2.073183333333333,2.090172045949009,0.8628,65.42733333333334
2026-01-24 06:00:00,PUMP-015,East,Day,58,2.18,67.4456,110.4298,71.5956,36.2546,2,1.0,104.58,Warning,Warning,1,2.181216666666667,2.183991141999741,0.36660000000000004,65.78053333333334
2026-01-24 12:00:00,PUMP-015,East,Night,58,2.5069,69.3921,123.167,74.521,39.02,2,1.0,106.81,Warning,Warning,1,2.2320333333333333,2.2381036414786513,0.4788999999999999,66.61763333333333
2026-01-24 18:00:00,PUMP-015,East,Night,58,2.9037,69.2524,,75.3492,38.5717,3,1.0,77.56,Warning,Warning,1,2.3779833333333333,2.3935098756846607,0.7672000000000003,67.62083333333334
2026-01-25 00:00:00,PUMP-015,East,Day,58,2.7043,69.591,117.8974,78.16,40.8889,5,1.0,83.16,Critical,Warning,1,2.4726166666666667,2.487366190370851,0.7575000000000003,68.51183333333333
2026-01-25 06:00:00,PUMP-015,East,Day,58,2.7661,70.3766,121.893,75.9429,38.9275,0,1.0,84.93,Healthy,Bearing Wear,1,2.5759333333333334,2.587375702650596,0.7237,68.83565
2026-01-25 12:00:00,PUMP-015,East,Night,58,3.0672,71.062,114.3608,74.5887,40.0277,5,1.0,79.83,Critical,Warning,1,2.6880333333333333,2.7031057705289054,0.8872,69.51995
2026-01-25 18:00:00,PUMP-015,East,Day,58,3.2433,68.1299,121.7668,69.6863,42.5048,1,1.0,75.35,Warning,Warning,1,2.8652499999999996,2.87539213934378,0.7364000000000002,69.634
2026-01-26 00:00:00,PUMP-015,East,Day,58,2.977,71.04,115.0259,77.5967,40.2286,1,1.0,81.53,Healthy,Warning,1,2.9436,2.9491597989936054,0.5390000000000001,69.90865000000001
2026-01-26 06:00:00,PUMP-015,East,Night,58,3.1299,71.5894,122.9942,75.6374,40.5858,0,1.0,43.09,Warning,Warning,1,2.9812999999999996,2.9874755630799728,0.5390000000000001,70.29815
2026-01-26 12:00:00,PUMP-015,East,Day,58,3.3016,69.8251,123.3561,,40.2364,3,1.0,59.24,Warning,Warning,1,3.08085,3.0859192447308144,0.5355000000000003,70.33716666666668
2026-01-26 18:00:00,PUMP-015,East,Night,58,3.4254,76.1123,115.1617,77.3758,43.1547,0,1.0,72.28,Warning,Seal Leak,1,3.1907333333333336,3.194251124024743,0.4483999999999999,71.29311666666668
2026-01-27 00:00:00,PUMP-015,East,Day,58,3.5256,76.3129,114.7674,73.7807,38.599,1,1.0,32.72,Warning,Bearing Wear,1,3.2671333333333337,3.2721445816670958,0.5486,72.16826666666667
2026-01-27 06:00:00,PUMP-015,East,Night,58,3.5025,78.3264,117.5526,75.6366,40.4432,1,1.0,0.0,Warning,Bearing Wear,1,3.310333333333333,3.3163758416882327,0.5486,73.86768333333333
2026-01-27 12:00:00,PUMP-015,East,Day,58,3.645,76.2348,110.0011,78.6393,44.1211,0,1.0,43.13,Warning,Bearing Wear,1,3.421666666666667,3.425725916746211,0.5150999999999999,74.73348333333334
2026-01-27 18:00:00,PUMP-015,East,Night,58,3.8215,77.105,110.8118,82.497,43.8056,1,1.0,41.62,Warning,Misalignment,1,3.5369333333333333,3.5407432501288953,0.5198999999999998,75.65275000000001
2026-01-28 00:00:00,PUMP-015,East,Day,58,4.1478,77.1345,112.7141,75.4879,43.4538,1,1.0,0.0,Critical,Bearing Wear,1,3.6779666666666664,3.6861194333155654,0.7224000000000004,76.87098333333334
2026-01-28 06:00:00,PUMP-015,East,Night,58,3.7597,82.7413,111.553,80.3051,44.4449,2,1.0,23.12,Warning,Seal Leak,1,3.7336833333333335,3.740027579889396,0.6453000000000002,77.97581666666667
2026-01-01 00:00:00,PUMP-016,West,Day,94,1.8802,62.4954,120.7036,70.662,37.5615,1,1.0,639.17,Healthy,Normal,0,1.8802,1.8802,0.0,62.4954
2026-01-01 06:00:00,PUMP-016,West,Day,94,1.7459,66.9145,121.3036,73.522,34.4478,0,1.0,636.35,Healthy,Normal,0,1.81305,1.8142930923640757,0.13430000000000009,64.70495
2026-01-01 12:00:00,PUMP-016,West,Night,94,1.7641,66.1504,125.8419,68.8503,34.5035,0,1.0,638.42,Healthy,Normal,0,1.7967333333333333,1.797717780965633,0.13430000000000009,65.18676666666666
2026-01-01 18:00:00,PUMP-016,West,Night,94,1.9978,70.2112,126.9326,68.3346,36.6584,0,1.0,652.9,Healthy,Normal,0,1.847,1.8497683976649617,0.2519,66.442875
2026-01-02 00:00:00,PUMP-016,West,Night,94,1.8096,67.2685,122.681,67.4715,33.8678,0,1.0,628.2,Healthy,Normal,0,1.8395199999999998,1.8418048029039342,0.2519,66.608
2026-01-02 06:00:00,PUMP-016,West,Night,94,1.9442,70.2279,125.1523,63.5897,39.7132,0,1.0,634.94,Healthy,Normal,0,1.8569666666666667,1.8592623223561902,0.2519,67.21131666666666
2026-01-02 12:00:00,PUMP-016,West,Night,94,1.7279,66.7993,115.463,69.7924,37.6063,1,1.0,627.34,Healthy,Normal,0,1.8315833333333333,1.8344674372507497,0.26990000000000003,67.92863333333334
2026-01-02 18:00:00,PUMP-016,West,Night,94,1.754,64.1484,124.7877,71.3691,34.5081,2,1.0,613.71,Warning,Normal,0,1.8329333333333333,1.8357547884544203,0.26990000000000003,67.46761666666667
2026-01-03 00:00:00,PUMP-016,West,Day,94,1.7604,63.9949,124.3302,69.5914,35.7898,0,1.0,595.42,Healthy,Normal,0,1.8323166666666666,1.835162718035288,0.26990000000000003,67.10836666666667
2026-01-03 06:00:00,PUMP-016,West,Day,94,1.7602,69.8938,127.2407,71.9172,36.1837,0,1.0,578.94,Healthy,Normal,0,1.7927166666666665,1.7941586890982266,0.21629999999999994,67.05546666666667
2026-01-03 12:00:00,PUMP-016,West,Day,94,1.6672,65.7417,119.4404,72.4319,36.9563,0,1.0,601.03,Healthy,Normal,0,1.7689833333333336,1.7710136499568074,0.2769999999999999,66.801
2026-01-03 18:00:00,PUMP-016,West,Day,94,1.3877,63.6361,120.2452,67.9462,36.4051,1,1.0,560.19,Healthy,Normal,0,1.6762333333333332,1.681503976603485,0.37270000000000003,65.70236666666666
2026-01-04 00:00:00,PUMP-016,West,Day,94,1.7467,66.0876,126.8505,70.2435,36.187,0,1.0,609.6,Healthy,Normal,0,1.6793666666666667,1.6847381705574707,0.37270000000000003,65.58375
2026-01-04 06:00:00,PUMP-016,West,Night,94,1.4876,68.7048,124.7175,68.2807,34.8351,0,1.0,548.13,Healthy,Normal,0,1.634966666666667,1.641467533438701,0.37270000000000003,66.34315
2026-01-04 12:00:00,PUMP-016,West,Day,94,1.7954,65.0163,123.4039,68.45,35.89,1,1.0,601.15,Healthy,Normal,0,1.6407999999999998,1.6477735979193255,0.4077000000000002,66.51338333333332
2026-01-04 18:00:00,PUMP-016,West,Day,94,1.794,64.8098,123.8064,66.2751,36.9664,0,1.0,568.89,Healthy,Normal,0,1.6464333333333334,1.6538379072125942,0.4077000000000002,65.66605
2026-01-05 00:00:00,PUMP-016,West,Night,94,2.1704,66.5961,129.9224,71.2897,37.9956,1,1.0,534.75,Healthy,Normal,0,1.7302999999999997,1.7484354558671398,0.7827,65.80845000000001
2026-01-05 06:00:00,PUMP-016,West,Night,94,1.9567,65.6971,122.3471,72.6166,37.8843,0,1.0,575.85,Healthy,Normal,0,1.8251333333333335,1.8368960622020327,0.6827999999999999,66.15195
2026-01-05 12:00:00,PUMP-016,West,Day,94,1.9205,64.5063,125.862,71.2551,35.2369,0,1.0,587.09,Healthy,Normal,0,1.8541,1.8655866914548178,0.6827999999999999,65.8884
2026-01-05 18:00:00,PUMP-016,West,Day,94,1.8285,62.4472,128.6494,72.2361,35.4005,1,1.0,488.03,Healthy,Normal,0,1.9109166666666664,1.9154173048363814,0.37639999999999985,64.84546666666667
2026-01-06 00:00:00,PUMP-016,West,Day,94,1.5437,66.6616,117.0223,67.7424,37.393,0,1.0,549.27,Healthy,Normal,0,1.8689666666666669,1.878496262084827,0.6266999999999998,65.11968333333334
2026-01-06 06:00:00,PUMP-016,West,Day,94,1.6915,66.0678,120.1762,68.6654,35.1451,1,1.0,515.52,Healthy,Normal,0,1.8518833333333333,1.862579997834545,0.6266999999999998,65.32935
2026-01-06 12:00:00,PUMP-016,West,Day,94,1.5561,65.8963,130.6777,67.6363,35.7743,0,1.0,530.61,Healthy,Normal,0,1.7495,1.7571774972001737,0.41300000000000003,65.21271666666667
2026-01-06 18:00:00,PUMP-016,West,Day,94,1.979,66.9974,125.9636,71.3556,37.2515,1,1.0,466.2,Healthy,Normal,0,1.7532166666666666,1.7613348465486813,0.4353,65.42943333333334
2026-01-07 00:00:00,PUMP-016,West,Day,94,1.6506,67.7046,125.4762,74.4167,34.646,0,1.0,532.35,Healthy,Normal,0,1.7082333333333335,1.715126951569475,0.4353,65.96248333333334
2026-01-07 06:00:00,PUMP-016,West,Night,94,1.8225,67.1504,117.8415,71.8244,36.2885,0,1.0,463.19,Healthy,Normal,0,1.7072333333333332,1.7140622684138402,0.4353,66.74634999999999
2026-01-07 12:00:00,PUMP-016,West,Day,94,1.8327,66.3599,123.6316,75.1101,36.0893,0,1.0,459.1,Healthy,Normal,0,1.7553999999999998,1.7608632523093137,0.42290000000000005,66.69606666666668
2026-01-07 18:00:00,PUMP-016,West,Night,94,1.5722,64.9539,118.431,65.8601,35.4918,0,1.0,469.67,Healthy,Normal,0,1.7355166666666666,1.7423392776188378,0.42290000000000005,66.51041666666667
2026-01-08 00:00:00,PUMP-016,West,Day,94,1.8762,64.5716,126.1044,73.1998,36.5524,0,1.0,522.35,Healthy,Normal,0,1.7888666666666666,1.79411799035998,0.40680000000000005,66.28963333333333
2026-01-08 06:00:00,PUMP-016,West,Night,94,2.1817,66.8687,120.779,69.6274,35.4114,1,1.0,479.29,Healthy,Normal,0,1.82265,1.832872521026308,0.6095000000000002,66.26818333333334
2026-01-08 12:00:00,PUMP-016,West,Night,94,1.9279,64.732,121.1162,68.7055,35.7389,0,1.0,433.08,Healthy,Normal,0,1.8688666666666667,1.8774472083123936,0.6095000000000002,65.77275
2026-01-08 18:00:00,PUMP-016,West,Day,94,1.7925,63.7284,123.7107,68.183,38.2827,0,1.0,464.77,Healthy,Normal,0,1.8638666666666668,1.872627304083757,0.6095000000000002,65.20241666666668
2026-01-09 00:00:00,PUMP-016,West,Day,94,1.7694,67.3783,126.5978,69.8604,37.0657,1,1.0,443.95,Healthy,Normal,0,1.8533166666666665,1.8624529161833863,0.6095000000000002,65.37214999999999
2026-01-09 06:00:00,PUMP-016,West,Night,94,1.7658,65.7851,126.575,67.4888,34.678,0,1.0,472.54,Healthy,Normal,0,1.8855833333333336,1.8911470060080822,0.41590000000000016,65.51068333333333
2026-01-09 12:00:00,PUMP-016,West,Day,94,2.0143,64.2001,122.2007,68.5751,35.5832,0,1.0,438.86,Healthy,Normal,0,1.9085999999999999,1.9146757793422886,0.41590000000000016,65.44876666666667
2026-01-09 18:00:00,PUMP-016,West,Night,94,2.0382,65.1909,130.5976,65.6193,33.7808,2,1.0,439.65,Warning,Normal,0,1.8846833333333333,1.88813595864634,0.27239999999999975,65.16913333333333
2026-01-10 00:00:00,PUMP-016,West,Day,94,1.8251,64.4408,125.8642,71.5196,37.9998,0,1.0,436.07,Healthy,Normal,0,1.8675499999999998,1.8710307315309744,0.27239999999999975,65.1206
2026-01-10 06:00:00,PUMP-016,West,Night,94,2.1802,64.4547,124.1353,69.4095,35.3971,0,1.0,432.13,Healthy,Normal,0,1.9321666666666666,1.938416526446264,0.4144000000000001,65.24164999999999
2026-01-10 12:00:00,PUMP-016,West,Day,94,1.6243,65.8661,120.1484,69.5421,35.8337,1,1.0,483.01,Healthy,Normal,0,1.9079833333333334,1.9171300560125457,0.5559000000000001,64.98961666666666
2026-01-10 18:00:00,PUMP-016,West,Night,94,1.942,66.0516,121.3447,67.8221,38.7133,0,1.0,467.71,Healthy,Normal,0,1.9373499999999997,1.9453208934089339,0.5559000000000001,65.03403333333334
2026-01-11 00:00:00,PUMP-016,West,Night,94,2.0782,66.569,119.6729,67.7205,34.7158,1,1.0,460.29,Healthy,Normal,0,1.9480000000000002,1.9564913757370188,0.5559000000000001,65.42885
2026-01-11 06:00:00,PUMP-016,West,Day,94,1.7965,65.3714,119.2452,67.553,37.5213,0,1.0,402.51,Healthy,Normal,0,1.9077166666666665,1.916607420678528,0.5559000000000001,65.45893333333333
2026-01-11 12:00:00,PUMP-016,West,Night,94,1.9201,65.4443,122.1777,72.6793,37.9804,1,1.0,387.86,Healthy,Normal,0,1.9235499999999999,1.9320152703847866,0.5559000000000001,65.62618333333334
2026-01-11 18:00:00,PUMP-016,West,Night,94,2.1819,64.855,127.5088,70.1349,37.4622,0,1.0,432.34,Healthy,Normal,0,1.9238333333333335,1.9323350986134193,0.5576000000000001,65.6929
2026-01-12 00:00:00,PUMP-016,West,Day,94,1.9522,66.1431,122.0319,66.3852,36.9571,0,1.0,418.13,Healthy,Normal,0,1.9784833333333331,1.9822650323136242,0.3854000000000002,65.73906666666666
2026-01-12 06:00:00,PUMP-016,West,Day,94,1.7989,65.1738,122.9283,65.9752,37.8892,0,1.0,416.38,Healthy,Normal,0,1.954633333333333,1.9596311370595572,0.3854000000000002,65.59276666666666
2026-01-12 12:00:00,PUMP-016,West,Day,94,1.9564,67.184,123.6771,71.9864,37.2053,0,1.0,390.1,Healthy,Normal,0,1.9343333333333332,1.9386211113400507,0.3854000000000002,65.69526666666667
2026-01-12 18:00:00,PUMP-016,West,Day,94,1.8469,68.694,122.5482,73.3959,36.5224,0,1.0,320.28,Healthy,Normal,0,1.9427333333333332,1.9464984904523646,0.38300000000000023,66.24903333333334
2026-01-13 00:00:00,PUMP-016,West,Night,94,2.1633,64.8517,130.8105,69.8109,35.6815,1,1.0,398.0,Healthy,Normal,0,1.9832666666666665,1.9885598272786935,0.38300000000000023,66.15026666666667
2026-01-13 06:00:00,PUMP-016,West,Night,94,1.652,69.5232,124.9043,75.2437,34.5678,0,1.0,409.27,Healthy,Normal,0,1.89495,1.9015185821688236,0.5113000000000001,66.9283
2026-01-13 12:00:00,PUMP-016,West,Night,94,1.7474,65.4811,121.0593,67.8962,34.2364,0,1.0,357.22,Healthy,Normal,0,1.8608166666666666,1.868018532652536,0.5113000000000001,66.81796666666666
2026-01-13 18:00:00,PUMP-016,West,Night,94,1.9143,68.3872,117.5972,69.0042,36.9954,0,1.0,374.67,Healthy,Normal,0,1.88005,1.8870374801965824,0.5113000000000001,67.35353333333333
2026-01-14 00:00:00,PUMP-016,West,Day,94,1.6755,64.7801,124.6717,70.0142,35.2679,0,1.0,373.68,Healthy,Normal,0,1.8332333333333333,1.8414334090593665,0.5113000000000001,66.95288333333333
2026-01-14 06:00:00,PUMP-016,West,Day,94,1.7814,65.467,126.8787,70.5625,37.342,0,1.0,356.69,Healthy,Normal,0,1.8223166666666668,1.830646896136263,0.5113000000000001,66.41505
2026-01-14 12:00:00,PUMP-016,West,Day,94,1.6043,64.9712,120.2238,72.2563,37.3588,1,1.0,297.66,Healthy,Normal,0,1.72915,1.7321239346536377,0.30999999999999983,66.43496666666667
2026-01-14 18:00:00,PUMP-016,West,Night,94,1.8193,67.1398,127.3853,69.8645,35.8091,0,1.0,386.64,Healthy,Normal,0,1.7570333333333332,1.7598422486120737,0.30999999999999983,66.03773333333332
2026-01-15 00:00:00,PUMP-016,West,Day,94,1.6434,64.2438,124.4386,66.662,37.1285,0,1.0,333.6,Healthy,Normal,0,1.7396999999999998,1.7430636458068114,0.30999999999999983,65.83151666666667
2026-01-15 06:00:00,PUMP-016,West,Day,94,1.5569,67.53,123.5932,70.6023,36.7026,0,1.0,354.46,Healthy,Normal,0,1.6801333333333333,1.6827070630386025,0.26239999999999997,65.68865
2026-01-15 12:00:00,PUMP-016,West,Day,94,1.8951,65.2157,124.3915,72.8933,37.5942,0,1.0,347.73,Healthy,Normal,0,1.7167333333333332,1.721100525826426,0.33820000000000006,65.76125
2026-01-15 18:00:00,PUMP-016,West,Day,94,1.715,68.8116,120.2963,68.6284,35.1363,0,1.0,306.27,Healthy,Normal,0,1.7056666666666664,1.709822659420171,0.33820000000000006,66.31868333333334
2026-01-16 00:00:00,PUMP-016,West,Night,94,2.0563,66.0267,131.8436,67.3008,38.2258,0,1.0,314.14,Healthy,Normal,0,1.781,1.7886471778041266,0.49939999999999984,66.4946
2026-01-16 06:00:00,PUMP-016,West,Day,94,1.697,65.4683,119.602,67.9074,35.9992,0,1.0,332.46,Healthy,Normal,0,1.7606166666666667,1.7684978969924354,0.49939999999999984,66.21601666666668
2026-01-16 12:00:00,PUMP-016,West,Night,94,1.8144,66.4055,120.6642,69.3859,35.499,0,1.0,288.35,Healthy,Normal,0,1.7891166666666667,1.7961436779018172,0.49939999999999984,66.5763
2026-01-16 18:00:00,PUMP-016,West,Day,94,1.812,67.4471,122.8834,70.5319,35.6622,0,1.0,274.26,Healthy,Normal,0,1.8316333333333334,1.8355834249633005,0.35929999999999973,66.56248333333333
2026-01-17 00:00:00,PUMP-016,West,Night,94,1.8273,66.0908,123.0283,69.8704,35.2176,1,1.0,233.19,Healthy,Normal,0,1.8203333333333334,1.8240897428580645,0.35929999999999973,66.70833333333333
2026-01-17 06:00:00,PUMP-016,West,Night,94,1.9811,62.8509,125.9032,66.6499,34.6219,2,1.0,281.64,Warning,Normal,0,1.8646833333333335,1.86848211792353,0.35929999999999973,65.71488333333333
2026-01-17 12:00:00,PUMP-016,West,Night,94,1.7554,66.6121,121.2,72.0857,37.3538,1,1.0,278.66,Healthy,Normal,0,1.8145333333333333,1.8166091131556068,0.2841,65.81245
2026-01-17 18:00:00,PUMP-016,West,Day,94,1.7266,67.6919,131.3924,70.6925,35.6895,0,1.0,293.26,Healthy,Normal,0,1.8194666666666668,1.8212518853799438,0.25450000000000017,66.18305
2026-01-18 00:00:00,PUMP-016,West,Day,94,2.0141,65.558,118.1933,70.6351,37.8048,0,1.0,225.28,Healthy,Normal,0,1.8527500000000001,1.855905081534793,0.2875000000000001,66.04180000000001
2026-01-18 06:00:00,PUMP-016,West,Night,94,1.9426,67.1344,127.7912,67.6071,35.642,0,1.0,240.81,Healthy,Normal,0,1.8745166666666666,1.8777935984376275,0.2875000000000001,65.98968333333333
2026-01-18 12:00:00,PUMP-016,West,Night,94,2.3459,70.2206,122.3339,69.5915,36.1917,0,1.0,271.49,Healthy,Normal,0,1.9609499999999997,1.9715000342378897,0.6193,66.67798333333333
2026-01-18 18:00:00,PUMP-016,West,Day,94,2.4505,68.288,122.0673,73.9273,39.7378,0,1.0,275.65,Healthy,Normal,0,2.0391833333333333,2.057549811061691,0.7239,67.58416666666666
2026-01-19 00:00:00,PUMP-016,West,Night,94,2.3868,68.3534,126.8477,75.1476,36.0244,0,1.0,245.99,Healthy,Normal,0,2.144416666666667,2.1608814725322936,0.7239,67.87438333333334
2026-01-19 06:00:00,PUMP-016,West,Night,94,2.3183,71.3828,116.8758,65.5815,35.087,0,1.0,237.74,Healthy,Normal,0,2.243033333333333,2.2512892513698306,0.5078999999999998,68.48953333333334
2026-01-19 12:00:00,PUMP-016,West,Night,94,2.5086,68.1438,115.3587,69.6623,35.9381,0,1.0,230.33,Healthy,Normal,0,2.32545,2.33260565712824,0.5659999999999998,68.9205
2026-01-19 18:00:00,PUMP-016,West,Night,94,2.3052,69.8659,117.401,73.8604,37.4507,2,1.0,223.82,Warning,Normal,0,2.385883333333333,2.3869976675732216,0.2033999999999998,69.37575
2026-01-20 00:00:00,PUMP-016,West,Day,94,2.4434,73.9431,115.9371,71.9069,35.9962,0,1.0,222.89,Healthy,Normal,0,2.4021333333333335,2.4032444715425854,0.2033999999999998,69.99616666666667
2026-01-20 06:00:00,PUMP-016,West,Day,94,2.4448,70.8392,112.718,70.9603,38.7025,0,1.0,206.52,Healthy,Normal,0,2.4011833333333334,2.402276723235689,0.2033999999999998,70.42136666666666
2026-01-20 12:00:00,PUMP-016,West,Day,94,2.4392,72.283,112.8204,74.6434,38.6788,0,1.0,165.0,Healthy,Normal,1,2.4099166666666667,2.411033081827511,0.2033999999999998,71.0763
2026-01-20 18:00:00,PUMP-016,West,Night,94,2.621,74.6691,124.5677,71.2051,38.1741,3,1.0,199.5,Warning,Normal,0,2.460366666666667,2.462167379904678,0.31579999999999986,71.62401666666666
2026-01-21 00:00:00,PUMP-016,West,Day,94,2.7033,70.3224,114.0226,71.4994,39.7999,0,1.0,162.0,Healthy,Normal,1,2.4928166666666667,2.4962760988453714,0.3980999999999999,71.98711666666667
2026-01-21 06:00:00,PUMP-016,West,Day,94,2.841,73.4346,118.6971,74.2933,36.7005,1,1.0,147.43,Healthy,Warning,1,2.582116666666667,2.586687074554374,0.40180000000000016,72.5819
2026-01-21 12:00:00,PUMP-016,West,Day,94,3.1106,73.5133,120.52,74.5649,40.8499,2,1.0,155.62,Warning,Warning,1,2.6933166666666666,2.7034338944510306,0.6713999999999998,72.51026666666667
2026-01-21 18:00:00,PUMP-016,West,Day,94,2.8793,72.7075,112.6092,72.6988,39.2864,0,1.0,180.72,Healthy,Warning,0,2.7657333333333334,2.7738255887251935,0.6713999999999998,72.82165
2026-01-22 00:00:00,PUMP-016,West,Day,94,3.1689,72.0666,118.6945,80.3523,41.2016,0,1.0,135.4,Warning,Bearing Wear,1,2.88735,2.894157360096372,0.5478999999999998,72.78558333333334
2026-01-22 06:00:00,PUMP-016,West,Day,94,3.0207,75.3413,119.7474,72.6918,39.6041,1,1.0,151.74,Warning,Warning,1,2.9539666666666666,2.9583742280741516,0.4655999999999998,72.89761666666666
2026-01-22 12:00:00,PUMP-016,West,Day,94,3.1129,74.254,117.8488,76.564,40.4483,0,1.0,141.61,Warning,Warning,1,3.0222333333333338,3.0247364612474916,0.32789999999999964,73.55288333333334
2026-01-22 18:00:00,PUMP-016,West,Day,94,2.9767,77.7672,117.9164,77.0519,41.1391,0,1.0,148.21,Warning,Warning,1,3.04485,3.0464089747876377,0.28959999999999964,74.27498333333334
2026-01-23 00:00:00,PUMP-016,West,Day,94,2.9584,77.7039,115.2585,78.0637,40.1735,1,1.0,95.37,Warning,Seal Leak,1,3.0194833333333335,3.021035806088148,0.28959999999999964,74.97341666666667
2026-01-23 06:00:00,PUMP-016,West,Night,94,3.1947,72.4696,117.5288,73.5179,41.2675,1,1.0,136.93,Warning,Warning,1,3.0720499999999995,3.0734259833287023,0.23629999999999995,74.93376666666667
2026-01-23 12:00:00,PUMP-016,West,Night,94,3.5821,76.7523,111.5028,72.2423,40.4525,3,1.0,112.95,Warning,Bearing Wear,1,3.140916666666667,3.148152814217675,0.6236999999999999,75.71471666666666
2026-01-23 18:00:00,PUMP-016,West,Day,94,3.5253,80.0258,110.7273,71.5178,40.3131,0,1.0,97.17,Warning,Warning,1,3.225016666666667,3.234406397110089,0.6236999999999999,76.49546666666667
2026-01-24 00:00:00,PUMP-016,West,Night,94,3.7667,78.2912,107.7602,77.0641,40.7373,1,1.0,97.67,Warning,Warning,1,3.3339833333333337,3.348287894083582,0.8083,77.16833333333334
2026-01-24 06:00:00,PUMP-016,West,Day,94,3.2222,79.1699,117.9958,72.7447,39.7266,1,1.0,92.1,Warning,Seal Leak,1,3.3749000000000002,3.385951881918387,0.8083,77.40211666666666
2026-01-24 12:00:00,PUMP-016,West,Night,94,3.8573,80.515,108.5821,78.9876,42.8858,1,1.0,99.79,Warning,Warning,1,3.5247166666666665,3.5335216996173475,0.6625999999999999,77.87063333333334
2026-01-24 18:00:00,PUMP-016,West,Night,94,3.5295,78.9751,115.3043,79.0051,40.3202,0,1.0,92.5,Warning,Warning,1,3.5805166666666666,3.5862216832854417,0.6351,78.95488333333334
2026-01-25 00:00:00,PUMP-016,West,Day,94,3.7653,79.5236,113.1864,77.6155,42.0143,0,1.0,62.49,Warning,Bearing Wear,1,3.61105,3.617364589725509,0.6351,79.41676666666667
2026-01-25 06:00:00,PUMP-016,West,Day,94,3.8044,80.3106,115.4353,73.9938,43.1883,1,1.0,90.88,Warning,Bearing Wear,1,3.6575666666666664,3.6641888306508803,0.6351,79.46423333333333
2026-01-25 12:00:00,PUMP-016,West,Day,94,3.9464,83.6783,105.3619,74.414,42.5522,2,1.0,85.94,Warning,Bearing Wear,1,3.6875166666666668,3.6955766981171783,0.7242000000000002,80.36208333333333
2026-01-25 18:00:00,PUMP-016,West,Night,94,3.7709,82.3498,115.1206,80.0342,42.2839,5,1.0,97.36,Critical,Bearing Wear,1,3.778966666666667,3.7811117580239104,0.41690000000000005,80.89206666666666
2026-01-26 00:00:00,PUMP-016,West,Day,94,4.2307,81.3672,110.5343,77.169,42.3931,1,1.0,85.38,Critical,Bearing Wear,1,3.8412,3.8470962200946657,0.7011999999999996,81.0341
2026-01-26 06:00:00,PUMP-016,West,Day,94,4.3059,77.9402,108.0143,79.4353,42.0005,0,1.0,43.77,Critical,Bearing Wear,1,3.9706000000000006,3.976688331597872,0.5406000000000004,80.86161666666666
2026-01-26 12:00:00,PUMP-016,West,Night,94,4.051,81.8473,107.6682,82.9994,41.8306,0,1.0,61.0,Warning,Bearing Wear,1,4.0182166666666665,4.0232121791341475,0.5350000000000001,81.2489
2026-01-26 18:00:00,PUMP-016,West,Night,94,4.2903,81.9011,104.2833,75.7161,42.7771,2,1.0,37.91,Critical,Bearing Wear,1,4.099200000000001,4.103872808295436,0.5350000000000001,81.51398333333334
2026-01-27 00:00:00,PUMP-016,West,Night,94,4.2364,82.12,109.5993,78.5186,44.9227,2,1.0,5.69,Critical,Bearing Wear,1,4.1475333333333335,4.151779621640179,0.5350000000000001,81.25426666666667
2026-01-27 06:00:00,PUMP-016,West,Night,94,4.4621,82.7963,101.2959,79.296,43.9158,3,1.0,24.57,Critical,Bearing Wear,1,4.262733333333333,4.26447131854192,0.41110000000000024,81.32868333333333
2026-01-27 12:00:00,PUMP-016,West,Day,94,4.3429,83.5573,109.1032,79.9036,44.5417,2,1.0,37.58,Critical,Bearing Wear,1,4.281433333333333,4.283227982102595,0.41110000000000024,81.69369999999999
2026-01-27 18:00:00,PUMP-016,West,Day,94,4.4707,83.6335,107.9531,79.3624,44.9756,1,1.0,20.17,Critical,Misalignment,1,4.3089,4.311276596709301,0.41969999999999974,82.64258333333333
2026-01-28 00:00:00,PUMP-016,West,Day,94,4.5637,86.4192,99.1139,79.5435,44.0114,5,1.0,20.27,Critical,Seal Leak,1,4.39435,4.395819833470582,0.32730000000000015,83.40456666666667
2026-01-28 06:00:00,PUMP-016,West,Night,94,4.2841,87.0374,106.583,77.9071,43.1776,1,1.0,0.0,Critical,Seal Leak,1,4.393316666666666,4.394811918046095,0.32730000000000015,84.26061666666668
2026-01-01 00:00:00,PUMP-017,North,Day,50,1.3321,66.5064,116.7394,70.8929,34.6542,0,1.0,662.43,Healthy,Normal,0,1.3321,1.3321,0.0,66.5064
2026-01-01 06:00:00,PUMP-017,North,Night,50,1.5929,66.3,114.1881,69.3755,36.1862,2,1.0,687.38,Warning,Normal,0,1.4625,1.4683018797236487,0.2607999999999999,66.4032
2026-01-01 12:00:00,PUMP-017,North,Day,50,1.1791,66.5256,115.4629,72.8441,35.9344,0,1.0,620.35,Healthy,Normal,0,1.3680333333333332,1.3786584820034293,0.41379999999999995,66.444
2026-01-01 18:00:00,PUMP-017,North,Night,50,1.1197,65.6556,121.1694,70.6264,36.7761,1,1.0,660.99,Healthy,Normal,0,1.30595,1.3186949723116412,0.47320000000000007,66.2469
2026-01-02 00:00:00,PUMP-017,North,Day,50,1.1831,61.1112,112.8609,75.8846,35.4679,1,1.0,657.55,Healthy,Normal,0,1.28138,1.2927143017697298,0.47320000000000007,65.21976
2026-01-02 06:00:00,PUMP-017,North,Day,50,1.0862,66.004,112.638,75.9778,36.7051,0,1.0,637.03,Healthy,Normal,0,1.24885,1.260646776460401,0.5066999999999999,65.35046666666666
2026-01-02 12:00:00,PUMP-017,North,Night,50,1.1994,64.2056,122.8094,68.729,33.0188,0,1.0,601.73,Healthy,Normal,0,1.2267333333333332,1.2382414761803666,0.5066999999999999,64.967
2026-01-02 18:00:00,PUMP-017,North,Day,50,1.2222,67.6224,113.9696,71.4546,35.065,0,1.0,627.39,Healthy,Normal,0,1.16495,1.1658969472756444,0.1359999999999999,65.18740000000001
2026-01-03 00:00:00,PUMP-017,North,Day,50,1.0884,66.993,119.4603,69.6195,35.3397,0,1.0,597.86,Healthy,Normal,0,1.1498333333333333,1.1511032316868892,0.1359999999999999,65.26530000000001
2026-01-03 06:00:00,PUMP-017,North,Day,50,1.1288,67.3615,117.1828,69.6238,36.161,0,1.0,607.36,Healthy,Normal,0,1.15135,1.1525835653001477,0.1359999999999999,65.54961666666667
2026-01-03 12:00:00,PUMP-017,North,Night,50,1.563,66.5821,121.7164,70.0195,36.9665,0,1.0,575.54,Healthy,Normal,0,1.2146666666666668,1.225692772815983,0.4767999999999999,66.46143333333333
2026-01-03 18:00:00,PUMP-017,North,Night,50,1.4499,69.1475,114.8245,69.643,35.6997,0,1.0,641.73,Healthy,Normal,0,1.2752833333333333,1.286877112107705,0.4745999999999999,66.98535
2026-01-04 00:00:00,PUMP-017,North,Day,50,1.0616,65.8224,111.6487,71.4276,34.9004,0,1.0,583.34,Healthy,Normal,0,1.2523166666666667,1.2665405908747391,0.5013999999999998,67.25481666666667
2026-01-04 06:00:00,PUMP-017,North,Night,50,1.233,65.9339,119.6473,68.1177,34.6123,0,1.0,569.06,Healthy,Normal,0,1.2541166666666668,1.2682840487577431,0.5013999999999998,66.97340000000001
2026-01-04 12:00:00,PUMP-017,North,Night,50,1.1435,65.0524,121.0002,74.5381,34.6097,1,1.0,589.87,Healthy,Normal,0,1.2633,1.2763387912306043,0.5013999999999998,66.64996666666666
2026-01-04 18:00:00,PUMP-017,North,Day,50,1.2903,68.3057,112.0532,73.4462,35.1953,0,1.0,531.82,Healthy,Normal,0,1.2902166666666668,1.3015970260926895,0.5013999999999998,66.80733333333333
2026-01-05 00:00:00,PUMP-017,North,Day,50,1.1928,66.8094,116.144,71.1991,35.7134,0,1.0,597.46,Healthy,Normal,0,1.2285166666666667,1.2345533436564553,0.38829999999999987,66.84521666666666
2026-01-05 06:00:00,PUMP-017,North,Night,50,1.0827,65.5231,111.261,68.4088,34.4495,0,1.0,581.78,Healthy,Normal,0,1.1673166666666666,1.1700969354430997,0.2286999999999999,66.24114999999999
2026-01-05 12:00:00,PUMP-017,North,Night,50,1.381,68.661,116.3495,69.9109,37.8071,0,1.0,541.79,Healthy,Normal,0,1.22055,1.2243996807959945,0.2983,66.71425
2026-01-05 18:00:00,PUMP-017,North,Night,50,1.4184,63.1753,114.5222,73.2924,37.8228,0,1.0,592.3,Healthy,Normal,0,1.25145,1.2574111651855704,0.3357000000000001,66.25448333333333
2026-01-06 00:00:00,PUMP-017,North,Night,50,1.214,65.3157,112.2659,69.4335,38.4742,1,1.0,564.42,Healthy,Normal,0,1.2632,1.268378280850525,0.3357000000000001,66.29836666666667
2026-01-06 06:00:00,PUMP-017,North,Night,50,1.1153,62.6018,117.0375,70.8829,34.6486,0,1.0,498.74,Healthy,Normal,0,1.2340333333333333,1.2404112745376028,0.3357000000000001,65.34771666666667
2026-01-06 12:00:00,PUMP-017,North,Day,50,1.385,65.202,119.4246,73.1092,33.1899,0,1.0,541.07,Healthy,Normal,0,1.2660666666666665,1.2732618177997277,0.3357000000000001,65.07981666666667
2026-01-06 18:00:00,PUMP-017,North,Night,50,1.2724,66.2009,112.7669,69.3449,36.7354,0,1.0,512.86,Healthy,Normal,0,1.2976833333333333,1.3021735937782386,0.30310000000000015,65.19278333333334
2026-01-07 00:00:00,PUMP-017,North,Day,50,1.3712,67.4183,120.3546,70.9835,37.3144,1,1.0,486.77,Healthy,Normal,0,1.29605,1.3004463881042283,0.30310000000000015,64.98566666666666
2026-01-07 06:00:00,PUMP-017,North,Night,50,1.1722,65.1547,115.573,71.1763,35.0196,0,1.0,543.35,Healthy,Normal,0,1.2550166666666667,1.2589121712812215,0.26970000000000005,65.31556666666667
2026-01-07 12:00:00,PUMP-017,North,Day,50,1.222,64.0001,112.2377,68.5347,34.9339,0,1.0,518.89,Healthy,Normal,0,1.25635,1.260201513647718,0.26970000000000005,65.0963
2026-01-07 18:00:00,PUMP-017,North,Day,50,1.2455,67.3423,122.0621,70.3399,36.3158,0,1.0,486.45,Healthy,Normal,0,1.2780500000000001,1.2803660472692955,0.2128000000000001,65.88638333333334
2026-01-08 00:00:00,PUMP-017,North,Day,50,1.485,62.117,115.9232,70.7801,35.9632,0,1.0,523.18,Healthy,Normal,0,1.2947166666666667,1.2989112934813267,0.3128000000000002,65.37221666666666
2026-01-08 06:00:00,PUMP-017,North,Night,50,1.2001,62.4659,119.851,71.0557,35.8378,0,1.0,488.72,Healthy,Normal,0,1.2826666666666666,1.2873915190544536,0.3128000000000002,64.74971666666667
2026-01-08 12:00:00,PUMP-017,North,Day,50,0.9557,62.7016,114.5074,69.9387,35.3052,0,1.0,453.87,Healthy,Normal,0,1.2134166666666666,1.2232085261039236,0.5293000000000001,63.96360000000001
2026-01-08 18:00:00,PUMP-017,North,Day,50,1.3472,66.0065,116.8016,67.0248,34.5608,0,1.0,477.56,Healthy,Normal,0,1.2425833333333334,1.252885309329363,0.5293000000000001,64.10556666666666
2026-01-09 00:00:00,PUMP-017,North,Day,50,0.9855,65.6474,113.6166,67.5408,35.1245,0,1.0,453.44,Healthy,Normal,0,1.2031666666666665,1.2176655151011984,0.5293000000000001,64.38011666666667
2026-01-09 06:00:00,PUMP-017,North,Night,50,1.4831,64.8264,115.3069,74.3088,33.7277,1,1.0,443.62,Healthy,Normal,0,1.2427666666666666,1.2612540848959288,0.5293000000000001,63.9608
2026-01-09 12:00:00,PUMP-017,North,Day,50,1.5032,64.9375,114.2266,69.107,35.2017,0,1.0,429.36,Healthy,Normal,0,1.2458,1.2648423116473189,0.5475000000000001,64.43088333333334
2026-01-09 18:00:00,PUMP-017,North,Day,50,1.241,62.9179,116.8783,67.3414,34.3473,0,1.0,424.63,Healthy,Normal,0,1.2526166666666667,1.271403255593336,0.5475000000000001,64.50621666666667
2026-01-10 00:00:00,PUMP-017,North,Night,50,1.428,65.3909,115.5591,71.8196,35.2116,0,1.0,414.34,Healthy,Normal,0,1.3313333333333335,1.343169072256604,0.5177,64.95443333333334
2026-01-10 06:00:00,PUMP-017,North,Day,50,1.1213,64.5345,111.4863,68.9204,37.822,1,1.0,448.4,Healthy,Normal,0,1.2936833333333333,1.3081147241991686,0.5177,64.70909999999999
2026-01-10 12:00:00,PUMP-017,North,Day,50,1.1236,65.2575,113.4907,68.4183,37.8735,0,1.0,407.31,Healthy,Normal,0,1.3167,1.3265400798066123,0.38190000000000013,64.64411666666666
2026-01-10 18:00:00,PUMP-017,North,Day,50,1.3642,63.7681,111.953,70.5492,36.32,0,1.0,408.78,Healthy,Normal,0,1.2968833333333334,1.3050994553417503,0.38190000000000013,64.46773333333333
2026-01-11 00:00:00,PUMP-017,North,Night,50,1.6009,63.4821,122.1746,74.3293,35.4873,4,1.0,434.81,Critical,Normal,1,1.3131666666666668,1.3243223487253144,0.4796,64.22516666666667
2026-01-11 06:00:00,PUMP-017,North,Night,50,1.0982,67.1989,116.4359,74.8296,36.8795,0,1.0,419.81,Healthy,Normal,0,1.2893666666666668,1.3031334249927493,0.5026999999999999,64.93866666666666
2026-01-11 12:00:00,PUMP-017,North,Day,50,1.0891,63.0521,120.0448,69.1147,37.3335,0,1.0,415.03,Healthy,Normal,0,1.2328833333333333,1.247390285756627,0.5118,64.54886666666667
2026-01-11 18:00:00,PUMP-017,North,Day,50,1.3006,65.1232,120.0152,68.3546,36.8626,0,1.0,395.46,Healthy,Normal,0,1.2627666666666666,1.276070911039038,0.5118,64.64698333333332
2026-01-12 00:00:00,PUMP-017,North,Night,50,1.4393,69.0413,118.105,71.6099,35.9492,0,1.0,425.0,Healthy,Normal,0,1.3153833333333333,1.3278585109114602,0.5118,65.27761666666667
2026-01-12 06:00:00,PUMP-017,North,Day,50,1.0648,66.8593,118.265,72.1109,35.2794,0,1.0,380.92,Healthy,Normal,0,1.2654833333333333,1.2814059173423542,0.5361,65.79281666666667
2026-01-12 12:00:00,PUMP-017,North,Day,50,1.0247,69.0061,113.9183,67.7146,35.661,0,1.0,436.0,Healthy,Normal,0,1.16945,1.1789215431910642,0.4146000000000001,66.71348333333334
2026-01-12 18:00:00,PUMP-017,North,Day,50,1.0823,65.9929,114.3338,74.5814,36.1745,0,1.0,385.23,Healthy,Normal,0,1.1668,1.1764683081154375,0.4146000000000001,66.51248333333332
2026-01-13 00:00:00,PUMP-017,North,Day,50,1.2783,66.3065,116.7623,66.8325,35.5236,0,1.0,388.08,Healthy,Normal,0,1.1983333333333333,1.2077788263309361,0.4146000000000001,67.05488333333334
2026-01-13 06:00:00,PUMP-017,North,Day,50,1.252,65.1248,121.0663,66.0023,35.0546,0,1.0,322.08,Healthy,Normal,0,1.1902333333333333,1.1991887396624992,0.4146000000000001,67.05515
2026-01-13 12:00:00,PUMP-017,North,Night,50,1.3454,66.4489,,72.9327,36.4383,1,1.0,347.47,Healthy,Normal,0,1.1745833333333333,1.1808780963051746,0.3207,66.62308333333333
2026-01-13 18:00:00,PUMP-017,North,Night,50,1.2771,64.6837,112.4874,66.2013,35.4069,1,1.0,340.66,Healthy,Normal,0,1.2099666666666666,1.215457653177052,0.3207,66.26048333333334
2026-01-14 00:00:00,PUMP-017,North,Day,50,1.2001,63.8695,119.9248,69.7658,35.3927,0,1.0,365.59,Healthy,Normal,0,1.2392,1.2419241630094273,0.2630999999999999,65.40438333333333
2026-01-14 06:00:00,PUMP-017,North,Day,50,1.1451,64.9995,119.1281,70.9364,38.1654,1,1.0,328.58,Healthy,Normal,0,1.2496666666666665,1.2512749817685958,0.20029999999999992,65.23881666666666
2026-01-14 12:00:00,PUMP-017,North,Night,50,1.2486,67.1115,114.4054,66.618,38.1369,0,1.0,325.47,Healthy,Normal,0,1.2447166666666665,1.2462667952729864,0.20029999999999992,65.37298333333332
2026-01-14 18:00:00,PUMP-017,North,Day,50,1.4491,67.79,118.6724,72.8666,36.0103,0,1.0,312.09,Healthy,Normal,0,1.2775666666666667,1.2813711640270355,0.30400000000000005,65.81718333333333
2026-01-15 00:00:00,PUMP-017,North,Night,50,1.3489,65.3502,115.8659,66.1886,36.5416,0,1.0,384.61,Healthy,Normal,0,1.2781500000000001,1.281984295925656,0.30400000000000005,65.63406666666667
2026-01-15 06:00:00,PUMP-017,North,Day,50,1.1103,63.9659,105.5962,68.0431,35.7569,1,1.0,284.58,Healthy,Normal,0,1.2503499999999999,1.2558320011052435,0.3388,65.51443333333334
2026-01-15 12:00:00,PUMP-017,North,Day,50,1.4311,67.5131,113.0995,71.01,37.3932,0,1.0,330.98,Healthy,Normal,0,1.2888499999999998,1.2955366513534075,0.3388,66.1217
2026-01-15 18:00:00,PUMP-017,North,Night,50,1.0696,63.6663,114.3671,71.0362,36.3065,0,1.0,328.12,Healthy,Normal,0,1.2762666666666667,1.284736123360228,0.37949999999999995,65.8995
2026-01-16 00:00:00,PUMP-017,North,Night,50,1.4306,64.1871,114.5948,65.7294,36.4072,0,1.0,324.7,Healthy,Normal,0,1.3066000000000002,1.3159847922120276,0.37949999999999995,65.4121
2026-01-16 06:00:00,PUMP-017,North,Night,50,1.3256,62.447,113.5464,67.8001,35.5569,0,1.0,249.63,Healthy,Normal,0,1.2860166666666666,1.2941033182606918,0.36149999999999993,64.52159999999999
2026-01-16 12:00:00,PUMP-017,North,Night,50,1.2491,64.0119,112.2027,70.2195,36.0021,1,1.0,316.93,Healthy,Normal,0,1.2693833333333335,1.277297928571613,0.36149999999999993,64.29854999999999
2026-01-16 18:00:00,PUMP-017,North,Day,50,1.5332,66.7461,117.0731,68.9713,36.2499,0,1.0,270.86,Healthy,Normal,0,1.3398666666666668,1.3482628415854232,0.4635999999999998,64.76191666666666
2026-01-17 00:00:00,PUMP-017,North,Day,50,1.4021,63.9386,113.4571,72.0024,37.4913,1,1.0,263.81,Healthy,Normal,0,1.3350333333333335,1.343174929039401,0.4635999999999998,64.16616666666667
2026-01-17 06:00:00,PUMP-017,North,Day,50,1.2018,69.2939,118.5405,74.6986,39.5023,1,1.0,338.72,Healthy,Normal,0,1.3570666666666666,1.361677422642137,0.3313999999999999,65.1041
2026-01-17 12:00:00,PUMP-017,North,Night,50,1.6878,67.384,111.02,70.5452,36.8836,0,1.0,257.45,Healthy,Normal,0,1.3999333333333333,1.4099080880208703,0.486,65.63691666666666
2026-01-17 18:00:00,PUMP-017,North,Day,50,1.5156,69.6225,117.3749,68.2076,38.7262,0,1.0,246.83,Healthy,Normal,0,1.4316000000000002,1.4414618101080583,0.486,66.83283333333334
2026-01-18 00:00:00,PUMP-017,North,Day,50,1.8949,64.9517,119.2358,70.0297,38.4707,2,1.0,227.48,Warning,Normal,0,1.5392333333333335,1.5544167234046344,0.6931,66.98946666666667
2026-01-18 06:00:00,PUMP-017,North,Day,50,1.5428,67.1568,116.7461,75.339,34.0965,1,1.0,232.07,Healthy,Normal,0,1.5408333333333333,1.5559990199225706,0.6931,67.05791666666666
2026-01-18 12:00:00,PUMP-017,North,Day,50,1.7124,69.0299,110.324,69.6469,38.9084,2,1.0,263.06,Warning,Normal,0,1.59255,1.6069239273634994,0.6931,67.90646666666667
2026-01-18 18:00:00,PUMP-017,North,Night,50,1.6895,67.153,113.0943,69.9198,37.4152,0,1.0,220.67,Healthy,Normal,0,1.6738333333333333,1.6784573304078958,0.37929999999999997,67.54965
2026-01-19 00:00:00,PUMP-017,North,Day,50,1.8074,68.2112,115.7503,71.6181,36.8686,0,1.0,230.91,Healthy,Normal,0,1.6937666666666666,1.6990850469198613,0.37929999999999997,67.68751666666667
2026-01-19 06:00:00,PUMP-017,North,Day,50,2.1088,72.1887,115.5889,72.061,37.6291,0,1.0,274.01,Healthy,Normal,0,1.792633333333333,1.8014500668443,0.5660000000000001,68.11521666666667
2026-01-19 12:00:00,PUMP-017,North,Night,50,2.0803,71.8607,112.3462,73.7791,35.9465,0,1.0,275.43,Healthy,Normal,0,1.823533333333333,1.8352264229062671,0.5660000000000001,69.26671666666667
2026-01-19 18:00:00,PUMP-017,North,Night,50,2.3826,69.38,109.1819,73.2072,37.4355,0,1.0,148.93,Healthy,Normal,1,1.9634999999999998,1.9792627861571759,0.6931,69.63725
2026-01-20 00:00:00,PUMP-017,North,Day,50,1.868,69.8527,,72.2219,40.0105,0,1.0,159.48,Healthy,Normal,1,1.9894333333333334,2.002581554727131,0.6931,69.77438333333333
2026-01-20 06:00:00,PUMP-017,North,Night,50,2.2881,73.4018,116.0699,75.8298,37.9629,1,1.0,202.7,Healthy,Normal,0,2.0892,2.09932483829127,0.5752000000000002,70.81585
2026-01-20 12:00:00,PUMP-017,North,Night,50,2.4311,71.8024,117.551,72.1168,37.4974,2,1.0,185.08,Warning,Normal,0,2.1931499999999997,2.20176221506017,0.5630999999999997,71.41438333333333
2026-01-20 18:00:00,PUMP-017,North,Day,50,2.1634,72.1413,103.2584,74.0528,38.7946,0,1.0,188.51,Healthy,Seal Leak,0,2.20225,2.210573199798339,0.5630999999999997,71.40648333333333
2026-01-21 00:00:00,PUMP-017,North,Day,50,2.1053,73.2383,106.8406,72.0919,39.2,0,1.0,180.14,Healthy,Warning,0,2.2064166666666667,2.214514364746065,0.5630999999999997,71.63608333333333
2026-01-21 06:00:00,PUMP-017,North,Day,50,2.5138,72.4877,110.0829,74.3935,39.2866,1,1.0,162.74,Healthy,Warning,1,2.228283333333333,2.238557977433985,0.6457999999999997,72.15403333333333
2026-01-21 12:00:00,PUMP-017,North,Day,50,2.156,70.4261,116.4465,68.6606,40.7962,0,1.0,139.53,Healthy,Warning,1,2.276283333333333,2.2812921378756674,0.40849999999999964,72.2496
2026-01-21 18:00:00,PUMP-017,North,Night,50,2.8231,75.221,108.5532,69.4687,37.4298,0,1.0,170.36,Healthy,Warning,0,2.36545,2.379084379546047,0.7178,72.5528
2026-01-22 00:00:00,PUMP-017,North,Night,50,2.6707,71.9879,110.9003,73.1599,39.8487,1,1.0,166.26,Healthy,Warning,1,2.4053833333333334,2.421523149796425,0.7178,72.58371666666666
2026-01-22 06:00:00,PUMP-017,North,Day,50,2.5936,76.2375,108.3678,74.4419,38.9221,2,1.0,185.74,Warning,Warning,0,2.4770833333333333,2.490953886566349,0.7178,73.26641666666667
2026-01-22 12:00:00,PUMP-017,North,Day,50,2.6593,79.2514,111.6528,78.2056,38.9966,1,1.0,135.22,Warning,Warning,1,2.5694166666666667,2.5777475952854654,0.6671,74.26859999999999
2026-01-22 18:00:00,PUMP-017,North,Day,50,2.6545,75.4472,105.1825,76.731,39.1214,0,1.0,177.6,Healthy,Warning,0,2.592866666666667,2.6011496112296193,0.6671,74.76185
2026-01-23 00:00:00,PUMP-017,North,Night,50,2.9845,75.892,106.1735,73.9859,38.872,1,1.0,138.41,Healthy,Warning,1,2.73095,2.7341903143343917,0.39090000000000025,75.67283333333333
2026-01-23 06:00:00,PUMP-017,North,Day,50,2.8197,75.7677,108.7525,70.2935,38.5406,1,1.0,164.42,Healthy,Bearing Wear,1,2.7303833333333336,2.7336055107373,0.39090000000000025,75.76395000000001
2026-01-23 12:00:00,PUMP-017,North,Night,50,2.9949,75.4589,107.7199,76.4332,40.0041,0,1.0,139.11,Healthy,Bearing Wear,1,2.7844166666666665,2.789037529626783,0.4013,76.34245
2026-01-23 18:00:00,PUMP-017,North,Night,50,3.2498,79.4935,108.1288,75.5102,39.9029,0,1.0,146.28,Warning,Warning,1,2.8937833333333334,2.901345122812291,0.5952999999999999,76.88511666666666
2026-01-24 00:00:00,PUMP-017,North,Night,50,3.3405,79.8663,104.296,77.5071,40.0196,2,1.0,119.82,Warning,Seal Leak,1,3.0073166666666666,3.0164516928006657,0.6859999999999999,76.9876
2026-01-24 06:00:00,PUMP-017,North,Night,50,3.378,77.8505,106.4206,71.1264,40.2996,2,1.0,101.17,Warning,Warning,1,3.1279000000000003,3.134708881751754,0.5583,77.38815
2026-01-24 12:00:00,PUMP-017,North,Night,50,3.0353,78.393,111.8651,77.1446,40.837,3,1.0,78.47,Warning,Warning,1,3.136366666666667,3.1428279325049493,0.5583,77.80498333333334
2026-01-24 18:00:00,PUMP-017,North,Day,50,3.2424,78.2898,103.9682,75.738,38.9781,2,1.0,147.91,Warning,Warning,1,3.2068166666666666,3.2100533264002538,0.3831000000000002,78.22533333333332
2026-01-25 00:00:00,PUMP-017,North,Night,50,3.2693,81.3241,109.2132,73.2546,41.1118,1,1.0,118.9,Warning,Warning,1,3.2525500000000007,3.2543701548840445,0.3427000000000002,79.20286666666667
2026-01-25 06:00:00,PUMP-017,North,Night,50,3.429,81.3585,106.9498,78.2884,41.0955,2,1.0,32.47,Warning,Misalignment,1,3.2824166666666668,3.2848742134720066,0.39369999999999994,79.5137
2026-01-25 12:00:00,PUMP-017,North,Day,50,3.1237,80.4556,103.8134,73.4449,40.1485,1,1.0,42.9,Warning,Bearing Wear,1,3.246283333333333,3.249126883487316,0.39369999999999994,79.61191666666666
2026-01-25 18:00:00,PUMP-017,North,Night,50,3.5504,77.4103,99.5124,73.6356,43.5856,1,1.0,60.49,Warning,Seal Leak,1,3.2750166666666662,3.2796191138098134,0.5150999999999999,79.53855
2026-01-26 00:00:00,PUMP-017,North,Day,50,3.5554,80.2233,99.7796,78.4459,41.3414,2,1.0,54.72,Warning,Seal Leak,1,3.3616999999999995,3.365591385873613,0.4317000000000002,79.8436
2026-01-26 06:00:00,PUMP-017,North,Night,50,3.6752,81.9826,107.4965,75.8957,43.0289,1,1.0,60.59,Warning,Misalignment,1,3.433833333333333,3.438923512283071,0.5514999999999999,80.45906666666667
2026-01-26 12:00:00,PUMP-017,North,Day,50,3.6891,78.1788,102.1677,75.5534,45.7157,4,1.0,38.29,Critical,Bearing Wear,1,3.5038,3.5089957219504653,0.5653999999999999,79.93485
2026-01-26 18:00:00,PUMP-017,North,Day,50,3.5359,83.5834,105.2183,80.489,41.0263,1,1.0,3.79,Warning,Seal Leak,1,3.5216166666666666,3.5266332781185703,0.5653999999999999,80.30566666666667
2026-01-27 00:00:00,PUMP-017,North,Day,50,3.8492,81.3434,,74.5329,44.8336,1,1.0,46.35,Warning,Bearing Wear,1,3.642533333333333,3.6442121375316963,0.31330000000000036,80.45363333333334
2026-01-27 06:00:00,PUMP-017,North,Night,50,3.8315,82.5311,97.8202,77.01,43.3189,3,1.0,0.0,Critical,Bearing Wear,1,3.6893833333333332,3.691358031718589,0.31330000000000036,81.3071
2026-01-27 12:00:00,PUMP-017,North,Day,50,4.3073,82.1536,101.4144,77.427,42.4875,0,1.0,1.9,Critical,Bearing Wear,1,3.8147,3.8224928349616736,0.7713999999999999,81.62881666666667
2026-01-27 18:00:00,PUMP-017,North,Night,50,4.1493,83.8126,103.1221,80.9876,41.4756,3,1.0,46.37,Critical,Bearing Wear,1,3.8937166666666667,3.9025270507283696,0.7713999999999999,81.93381666666667
2026-01-28 00:00:00,PUMP-017,North,Night,50,3.9176,84.4582,102.2267,80.9256,46.2937,0,1.0,17.73,Warning,Bearing Wear,1,3.9318000000000004,3.939467714467696,0.7713999999999999,82.98038333333334
2026-01-28 06:00:00,PUMP-017,North,Day,50,3.9844,82.1482,98.2251,81.4533,45.0956,2,1.0,46.9,Warning,Seal Leak,1,4.00655,4.010180581761043,0.47579999999999956,82.74118333333334
2026-01-01 00:00:00,PUMP-018,South,Day,28,1.4165,58.9297,117.4803,66.2234,36.1147,1,1.0,668.36,Healthy,Normal,0,1.4165,1.4165,0.0,58.9297
2026-01-01 06:00:00,PUMP-018,South,Night,28,1.703,57.4771,121.9143,70.5361,35.9032,1,1.0,636.31,Healthy,Normal,0,1.5597500000000002,1.5663143442489442,0.2865,58.2034
2026-01-01 12:00:00,PUMP-018,South,Night,28,1.8789,54.0198,116.3915,68.8898,34.7301,2,1.0,624.25,Warning,Normal,0,1.6661333333333335,1.6769959709750848,0.4623999999999999,56.80886666666667
2026-01-01 18:00:00,PUMP-018,South,Day,28,1.8199,55.1221,117.2853,67.595,37.7938,0,1.0,617.64,Healthy,Normal,0,1.7045750000000002,1.7138394374911554,0.4623999999999999,56.387175
2026-01-02 00:00:00,PUMP-018,South,Day,28,1.6913,56.7195,119.7766,74.1634,36.5773,0,1.0,640.53,Healthy,Normal,0,1.70192,1.7093553264315762,0.4623999999999999,56.45363999999999
2026-01-02 06:00:00,PUMP-018,South,Night,28,2.3296,60.9408,119.7568,70.2524,36.4191,1,1.0,650.26,Healthy,Normal,0,1.8065333333333333,1.8274077414012817,0.9131,57.2015
2026-01-02 12:00:00,PUMP-018,South,Day,28,1.8788,60.3201,124.7471,71.1974,36.502,0,1.0,619.03,Healthy,Normal,0,1.8835833333333332,1.895605950173541,0.6383000000000001,57.433233333333334
2026-01-02 18:00:00,PUMP-018,South,Night,28,1.9142,61.5134,114.162,68.2693,37.549,0,1.0,620.65,Healthy,Normal,0,1.9187833333333335,1.928897964728392,0.6383000000000001,58.10595000000001
2026-01-03 00:00:00,PUMP-018,South,Night,28,1.8358,56.0769,113.821,71.3381,36.3628,0,1.0,639.81,Healthy,Normal,0,1.9116,1.9219686339792332,0.6383000000000001,58.4488
2026-01-03 06:00:00,PUMP-018,South,Day,28,2.0758,57.1079,116.4353,67.2618,35.4856,0,1.0,555.24,Healthy,Normal,0,1.95425,1.964717545857419,0.6383000000000001,58.77976666666667
2026-01-03 12:00:00,PUMP-018,South,Night,28,1.9552,60.2736,121.3274,68.6714,39.2229,0,1.0,594.33,Healthy,Normal,0,1.9982333333333333,2.0051185152005355,0.4938,59.37211666666667
2026-01-03 18:00:00,PUMP-018,South,Day,28,1.9371,61.3581,116.6973,71.8018,36.2304,0,1.0,599.16,Healthy,Normal,0,1.9328166666666668,1.9342665194676079,0.24,59.44166666666666
2026-01-04 00:00:00,PUMP-018,South,Night,28,2.0966,59.3647,115.8679,73.0949,37.0255,0,1.0,599.24,Healthy,Normal,0,1.9691166666666666,1.9712163727844119,0.2607999999999999,59.28243333333334
2026-01-04 06:00:00,PUMP-018,South,Day,28,1.9937,55.743,120.1734,71.5009,32.7066,0,1.0,565.33,Healthy,Normal,0,1.9823666666666666,1.9843068470711211,0.2607999999999999,58.320699999999995
2026-01-04 12:00:00,PUMP-018,South,Day,28,2.0193,58.0227,115.0773,65.8606,37.5291,0,1.0,547.96,Healthy,Normal,0,2.01295,2.0137962835566725,0.15949999999999998,58.645
2026-01-04 18:00:00,PUMP-018,South,Day,28,2.0195,55.9075,115.6908,70.2897,36.9285,0,1.0,555.65,Healthy,Normal,0,2.0035666666666665,2.0042324981565054,0.15949999999999998,58.44493333333333
2026-01-05 00:00:00,PUMP-018,South,Night,28,1.809,57.0695,116.3447,75.1084,37.0596,1,1.0,564.04,Healthy,Normal,0,1.9791999999999998,1.981218539182389,0.2876000000000001,57.91091666666667
2026-01-05 06:00:00,PUMP-018,South,Day,28,1.7838,58.088,116.392,68.9708,36.0686,0,1.0,551.14,Healthy,Normal,0,1.9536499999999997,1.9570789215052111,0.31279999999999997,57.3659
2026-01-05 12:00:00,PUMP-018,South,Day,28,1.8426,57.1229,119.1988,68.8387,36.0652,0,1.0,582.07,Healthy,Normal,0,1.9113166666666668,1.914000636973074,0.2356999999999998,56.992266666666666
2026-01-05 18:00:00,PUMP-018,South,Day,28,1.8618,59.3537,116.1111,72.6271,35.8241,0,1.0,559.81,Healthy,Normal,0,1.8893333333333333,1.8917298159797202,0.2356999999999998,57.59405
2026-01-06 00:00:00,PUMP-018,South,Night,28,2.0401,59.0314,118.6775,68.3637,34.9232,0,1.0,528.95,Healthy,Normal,0,1.8928,1.8954456687896208,0.25629999999999975,57.762166666666666
2026-01-06 06:00:00,PUMP-018,South,Day,28,2.0183,113.6097,120.2018,69.6126,33.5608,0,1.0,543.01,Healthy,Normal,0,1.8925999999999998,1.8952326304001135,0.25629999999999975,67.3792
2026-01-06 12:00:00,PUMP-018,South,Night,28,1.8627,58.9635,114.7413,68.3652,38.1671,0,1.0,532.4,Healthy,Normal,0,1.90155,1.9038824644219332,0.25629999999999975,67.69486666666667
2026-01-06 18:00:00,PUMP-018,South,Night,28,1.8295,58.3644,115.2657,71.32,37.8916,1,1.0,555.11,Healthy,Normal,0,1.9091666666666665,1.9110964758483544,0.2105999999999999,67.74093333333333
2026-01-07 00:00:00,PUMP-018,South,Night,28,2.049,60.2885,125.133,72.4588,37.2551,0,1.0,513.69,Healthy,Normal,0,1.9435666666666667,1.9458059461313195,0.21950000000000003,68.26853333333334
2026-01-07 06:00:00,PUMP-018,South,Day,28,1.9068,56.9653,119.0645,66.0282,35.2587,0,1.0,487.21,Healthy,Normal,0,1.9510666666666665,1.9530553704388414,0.21950000000000003,67.87046666666667
2026-01-07 12:00:00,PUMP-018,South,Day,28,1.7014,62.3492,119.3551,70.5521,33.7352,1,1.0,499.93,Healthy,Normal,0,1.8946166666666666,1.8982143200913855,0.3475999999999999,68.42343333333334
2026-01-07 18:00:00,PUMP-018,South,Day,28,1.9157,56.0146,118.4732,73.2392,37.5214,1,1.0,528.22,Healthy,Normal,0,1.8775166666666667,1.8804111797689356,0.3475999999999999,58.824250000000006
2026-01-08 00:00:00,PUMP-018,South,Day,28,2.2103,59.6527,117.781,69.8728,34.8707,0,1.0,487.26,Healthy,Normal,0,1.9354500000000001,1.9421402296607386,0.5089000000000001,58.93911666666667
2026-01-08 06:00:00,PUMP-018,South,Day,28,1.6661,59.0889,116.9147,67.7323,37.7734,0,1.0,439.38,Healthy,Normal,0,1.908216666666667,1.9174753796767945,0.5442000000000002,59.059866666666665
2026-01-08 12:00:00,PUMP-018,South,Night,28,1.917,58.5937,120.2811,69.0334,37.8463,0,1.0,487.1,Healthy,Normal,0,1.8862166666666669,1.894586981816002,0.5442000000000002,58.7774
2026-01-08 18:00:00,PUMP-018,South,Night,28,1.8127,58.2881,120.9581,73.492,34.1885,1,1.0,510.9,Healthy,Normal,0,1.8705333333333334,1.8791289666580453,0.5442000000000002,58.997866666666674
2026-01-09 00:00:00,PUMP-018,South,Night,28,1.7897,60.9406,117.6975,70.0722,34.6624,0,1.0,422.98,Healthy,Normal,0,1.8852499999999999,1.892750123057276,0.5442000000000002,58.7631
2026-01-09 06:00:00,PUMP-018,South,Night,28,2.2753,59.3763,118.8817,70.9203,36.5467,0,1.0,449.51,Healthy,Normal,0,1.9451833333333333,1.9579794759734674,0.6092000000000002,59.32338333333333
2026-01-09 12:00:00,PUMP-018,South,Day,28,1.799,60.1227,115.3763,70.2507,40.0366,0,1.0,450.4,Healthy,Normal,0,1.8766333333333334,1.8864904222744765,0.6092000000000002,59.401716666666665
2026-01-09 18:00:00,PUMP-018,South,Day,28,1.8338,58.2442,119.1501,69.4204,36.3108,0,1.0,401.46,Healthy,Normal,0,1.9045833333333333,1.9122416997684506,0.48560000000000003,59.260933333333334
2026-01-10 00:00:00,PUMP-018,South,Day,28,1.9774,57.4081,122.1803,71.687,36.587,0,1.0,462.06,Healthy,Normal,0,1.91465,1.922465069903742,0.48560000000000003,59.06333333333333
2026-01-10 06:00:00,PUMP-018,South,Day,28,1.7374,59.766,115.4202,72.3193,35.039,0,1.0,455.1,Healthy,Normal,0,1.9021000000000001,1.9108422724024083,0.5379,59.309650000000005
2026-01-10 12:00:00,PUMP-018,South,Night,28,2.0377,58.8452,114.8784,69.9357,34.3991,0,1.0,412.15,Healthy,Normal,0,1.9434333333333333,1.951798501382763,0.5379,58.96041666666667
2026-01-10 18:00:00,PUMP-018,South,Day,28,1.9237,61.7662,118.2536,67.8282,36.8109,0,1.0,431.05,Healthy,Normal,0,1.8848333333333336,1.887711839767924,0.3003,59.35873333333333
2026-01-11 00:00:00,PUMP-018,South,Day,28,1.7485,58.1622,122.0606,72.543,37.2967,0,1.0,426.19,Healthy,Normal,0,1.8764166666666666,1.8797866541179615,0.3003,59.03198333333333
2026-01-11 06:00:00,PUMP-018,South,Day,28,1.941,54.5096,111.8969,69.6282,36.3704,0,1.0,377.15,Healthy,Normal,0,1.8942833333333333,1.897640892880772,0.3003,58.40955
2026-01-11 12:00:00,PUMP-018,South,Night,28,1.9199,61.2157,124.4554,71.1789,34.9146,0,1.0,442.72,Healthy,Normal,0,1.8846999999999998,1.8877743067785762,0.3003,59.04415
2026-01-11 18:00:00,PUMP-018,South,Night,28,1.7758,58.128,119.7591,65.4375,34.2308,1,1.0,413.85,Healthy,Normal,0,1.8910999999999998,1.8937202310091459,0.2892000000000001,58.77115
2026-01-12 00:00:00,PUMP-018,South,Night,28,1.8377,56.1114,116.8959,69.5097,35.5655,0,1.0,385.95,Healthy,Normal,0,1.8577666666666666,1.8592999524910803,0.19250000000000012,58.31551666666667
2026-01-12 06:00:00,PUMP-018,South,Night,28,1.8508,55.8839,123.3987,70.8865,34.6635,0,1.0,364.37,Healthy,Normal,0,1.8456166666666665,1.8469261323435036,0.19250000000000012,57.33513333333334
2026-01-12 12:00:00,PUMP-018,South,Night,28,2.0099,60.6278,114.4664,69.9174,35.531,0,1.0,345.33,Healthy,Normal,0,1.8891833333333334,1.8907345393611799,0.23409999999999997,57.74606666666667
2026-01-12 18:00:00,PUMP-018,South,Day,28,1.706,56.3382,124.7458,71.1817,36.6273,0,1.0,371.57,Healthy,Normal,0,1.8500166666666669,1.8525755760562106,0.30390000000000006,58.05083333333334
2026-01-13 00:00:00,PUMP-018,South,Day,28,1.9445,56.4976,117.5275,68.5213,31.4397,0,1.0,393.57,Healthy,Normal,0,1.8541166666666669,1.8568468717155973,0.30390000000000006,57.26448333333334
2026-01-13 06:00:00,PUMP-018,South,Night,28,1.9651,61.9026,119.9179,70.7685,36.6939,0,1.0,355.1,Healthy,Normal,0,1.8856666666666666,1.8883605852696672,0.30390000000000006,57.89358333333334
2026-01-13 12:00:00,PUMP-018,South,Night,28,2.0929,54.3524,126.3416,73.6564,36.304,2,1.0,347.19,Warning,Normal,0,1.9282000000000001,1.9321198772332944,0.38690000000000024,57.60041666666667
2026-01-13 18:00:00,PUMP-018,South,Night,28,2.3656,56.1244,119.0693,65.119,35.9423,0,1.0,326.71,Healthy,Normal,0,2.014,2.0235746440396016,0.6596000000000002,57.6405
2026-01-14 00:00:00,PUMP-018,South,Day,28,2.0798,56.7689,117.8059,69.3976,36.6938,0,1.0,330.67,Healthy,Normal,0,2.02565,2.035313082795863,0.6596000000000002,56.997350000000004
2026-01-14 06:00:00,PUMP-018,South,Night,28,2.0839,57.1042,120.2207,73.6989,33.648,0,1.0,325.76,Healthy,Normal,0,2.0886333333333336,2.093131596436306,0.42110000000000025,57.125016666666674
2026-01-14 12:00:00,PUMP-018,South,Day,28,2.0055,58.7929,120.3692,68.3094,35.4568,1,1.0,325.2,Healthy,Normal,0,2.0988,2.102702597452463,0.4005000000000001,57.50756666666666
2026-01-14 18:00:00,PUMP-018,South,Night,28,2.0137,60.8072,122.395,67.8664,31.6126,0,1.0,351.28,Healthy,Normal,0,2.1069,2.1103522202071705,0.3601000000000001,57.324999999999996
2026-01-15 00:00:00,PUMP-018,South,Night,28,2.1359,60.7249,125.102,72.8436,38.4494,1,1.0,324.98,Healthy,Normal,0,2.1140666666666665,2.117520458775625,0.3601000000000001,58.38708333333333
2026-01-15 06:00:00,PUMP-018,South,Day,28,2.3216,58.7257,123.2443,68.7344,37.3495,0,1.0,327.85,Healthy,Normal,0,2.106733333333333,2.1093885591169146,0.31610000000000005,58.82063333333334
2026-01-15 12:00:00,PUMP-018,South,Night,28,2.0481,60.65,114.8821,71.5179,37.7173,0,1.0,295.04,Healthy,Normal,0,2.1014500000000003,2.1042126845132993,0.31610000000000005,59.46748333333333
2026-01-15 18:00:00,PUMP-018,South,Day,28,1.6459,61.9049,121.4754,69.9495,33.7323,0,1.0,290.85,Healthy,Normal,0,2.02845,2.038488563045343,0.6757000000000002,60.267599999999995
2026-01-16 00:00:00,PUMP-018,South,Night,28,1.6476,59.3573,111.8142,71.455,33.8042,0,1.0,294.99,Healthy,Normal,0,1.9687999999999999,1.984320590697649,0.6757000000000002,60.36166666666667
2026-01-16 06:00:00,PUMP-018,South,Day,28,2.0531,59.2487,123.5907,70.1851,36.1943,0,1.0,287.69,Healthy,Normal,0,1.9753666666666667,1.9910383036663726,0.6757000000000002,60.10191666666666
2026-01-16 12:00:00,PUMP-018,South,Day,28,1.7843,59.7787,115.6514,65.2465,36.2904,1,1.0,323.9,Healthy,Normal,0,1.9167666666666667,1.9324879835762672,0.6757000000000002,59.94421666666667
2026-01-16 18:00:00,PUMP-018,South,Night,28,2.0128,57.1205,113.9484,69.4195,36.9141,1,1.0,272.0,Healthy,Normal,0,1.8653000000000002,1.8738817162955264,0.40720000000000023,59.67668333333333
2026-01-17 00:00:00,PUMP-018,South,Night,28,1.9895,60.3172,114.5994,70.1453,37.8755,1,1.0,237.14,Healthy,Normal,0,1.8555333333333335,1.8633300280233058,0.40720000000000023,59.62121666666667
2026-01-17 06:00:00,PUMP-018,South,Night,28,1.9031,60.5799,118.1509,64.5878,35.8617,0,1.0,252.24,Healthy,Normal,0,1.8984000000000003,1.903715470687081,0.4055000000000002,59.40038333333334
2026-01-17 12:00:00,PUMP-018,South,Night,28,1.9163,60.4788,118.605,66.4839,37.7327,0,1.0,237.81,Healthy,Normal,0,1.9431833333333335,1.9451827459136068,0.26880000000000015,59.5873
2026-01-17 18:00:00,PUMP-018,South,Night,28,1.943,59.6379,118.5073,67.2791,32.6585,0,1.0,252.05,Healthy,Normal,0,1.9248333333333332,1.926241802059129,0.22849999999999993,59.652166666666666
2026-01-18 00:00:00,PUMP-018,South,Night,28,2.132,59.7947,117.6642,71.1265,38.0056,0,1.0,206.36,Healthy,Normal,0,1.9827833333333331,1.9842774667369483,0.2289000000000001,59.654833333333336
2026-01-18 06:00:00,PUMP-018,South,Night,28,1.6756,60.4989,115.8735,74.6997,37.8723,0,1.0,224.77,Healthy,Normal,0,1.9265833333333335,1.9313386510397395,0.45640000000000014,60.21790000000001
2026-01-18 12:00:00,PUMP-018,South,Night,28,1.6661,61.4119,113.4225,73.6452,36.9375,0,1.0,229.39,Healthy,Normal,0,1.8726833333333335,1.8796361735718963,0.4659000000000002,60.40035
2026-01-18 18:00:00,PUMP-018,South,Night,28,1.9284,61.2866,123.83,70.358,35.16,0,1.0,282.54,Healthy,Normal,0,1.8768999999999998,1.8839289538975013,0.4659000000000002,60.51813333333333
2026-01-19 00:00:00,PUMP-018,South,Day,28,2.008,57.1213,122.3266,69.9393,35.236,0,1.0,254.06,Healthy,Normal,0,1.8921833333333333,1.899780168423003,0.4659000000000002,59.95855
2026-01-19 06:00:00,PUMP-018,South,Night,28,1.608,59.2346,118.9788,68.7587,36.5455,0,1.0,196.69,Healthy,Normal,0,1.8363500000000001,1.8468623450779071,0.524,59.891333333333336
2026-01-19 12:00:00,PUMP-018,South,Day,28,1.9563,59.1377,117.1212,69.3059,36.3475,0,1.0,189.33,Healthy,Normal,0,1.8070666666666666,1.8141613682360231,0.3999999999999999,59.78183333333333
2026-01-19 18:00:00,PUMP-018,South,Night,28,2.0325,56.1955,122.2166,68.6633,34.5403,1,1.0,186.55,Healthy,Normal,0,1.86655,1.8739668135624317,0.4245000000000001,59.064600000000006
2026-01-20 00:00:00,PUMP-018,South,Night,28,1.9481,58.2171,121.6258,72.6048,35.9045,1,1.0,237.46,Healthy,Normal,0,1.91355,1.9187545487459654,0.4245000000000001,58.53213333333333
2026-01-20 06:00:00,PUMP-018,South,Night,28,1.7434,58.5343,117.5151,71.8347,36.1805,0,1.0,196.92,Healthy,Normal,0,1.8827166666666668,1.8890222828225187,0.4245000000000001,58.073416666666674
2026-01-20 12:00:00,PUMP-018,South,Day,28,1.9356,62.2907,112.3665,71.2224,36.1869,1,1.0,191.79,Healthy,Normal,0,1.8706500000000001,1.8763845763417832,0.4245000000000001,58.93498333333334
2026-01-20 18:00:00,PUMP-018,South,Day,28,2.3727,60.2932,124.5,71.4203,36.6922,0,1.0,172.46,Healthy,Normal,0,1.9981,2.0070274769751744,0.6293,59.11141666666666
2026-01-21 00:00:00,PUMP-018,South,Day,28,2.2305,60.8623,118.1095,71.8639,37.4451,0,1.0,142.35,Healthy,Normal,1,2.0438,2.0541411960557467,0.6293,59.39885
2026-01-21 06:00:00,PUMP-018,South,Day,28,2.7557,61.4962,119.9201,69.6536,39.064,0,1.0,163.06,Healthy,Normal,1,2.1643333333333334,2.190121859623341,1.0123,60.28229999999999
2026-01-21 12:00:00,PUMP-018,South,Day,28,2.4503,61.5427,113.1561,70.9636,39.4817,0,1.0,198.93,Healthy,Normal,0,2.2480333333333333,2.2726151984002922,1.0123,60.83656666666667
2026-01-21 18:00:00,PUMP-018,South,Day,28,2.2908,63.8622,117.5183,73.2705,40.1386,0,1.0,147.34,Healthy,Normal,1,2.3392666666666666,2.352197558312935,0.8201,61.72455
2026-01-22 00:00:00,PUMP-018,South,Day,28,2.4178,61.7406,114.0224,72.8645,35.79,1,1.0,124.96,Healthy,Normal,1,2.419633333333333,2.425428127156111,0.5251999999999999,61.632866666666665
2026-01-22 06:00:00,PUMP-018,South,Day,28,2.9604,64.8456,113.4885,70.5454,38.3197,0,1.0,121.53,Healthy,Normal,1,2.517583333333333,2.530825704192211,0.7298999999999998,62.391600000000004
2026-01-22 12:00:00,PUMP-018,South,Night,28,3.1521,66.6032,113.3824,76.782,37.1095,0,1.0,174.64,Warning,Normal,0,2.6711833333333335,2.689209196957351,0.8613,63.34841666666667
2026-01-22 18:00:00,PUMP-018,South,Day,28,2.4842,62.1666,111.3595,75.9531,39.7633,0,1.0,113.55,Healthy,Normal,1,2.6259333333333332,2.644757196795199,0.8613,63.460150000000006
2026-01-23 00:00:00,PUMP-018,South,Night,28,3.0291,68.3993,112.2861,71.4138,39.3056,1,1.0,107.92,Warning,Warning,1,2.7224,2.7428671282680344,0.8613,64.60291666666667
2026-01-23 06:00:00,PUMP-018,South,Night,28,3.1028,66.5023,118.5111,74.2912,38.4422,0,1.0,101.79,Warning,Warning,1,2.8577333333333335,2.872847707415066,0.7342999999999997,65.04293333333334
2026-01-23 12:00:00,PUMP-018,South,Day,28,10.480780000000001,61.9494,116.8237,74.7153,39.058,0,1.0,73.74,Healthy,Warning,1,4.2015633333333335,5.058334974218296,7.996580000000002,65.07773333333334
2026-01-23 18:00:00,PUMP-018,South,Night,28,3.0405,65.7405,103.1711,75.4277,40.8609,1,1.0,117.7,Warning,Seal Leak,1,4.2149133333333335,5.0662475982131,7.996580000000002,65.22688333333333
2026-01-24 00:00:00,PUMP-018,South,Day,28,3.1631,65.7934,117.613,71.2398,39.2535,0,1.0,100.88,Warning,Warning,1,4.216746666666666,5.067390116526127,7.996580000000002,65.09191666666668
2026-01-24 06:00:00,PUMP-018,South,Night,28,3.1969,68.2248,108.8609,74.1852,42.4904,1,1.0,113.15,Warning,Warning,1,4.335529999999999,5.133542888499781,7.451680000000001,66.10161666666666
2026-01-24 12:00:00,PUMP-018,South,Night,28,3.8979,68.2618,111.6516,72.8594,36.1132,2,1.0,56.62,Warning,Warning,1,4.4803299999999995,5.23032429090842,7.440280000000001,66.0787
2026-01-24 18:00:00,PUMP-018,South,Night,28,3.33,70.0526,110.7352,75.0054,39.4488,4,1.0,85.31,Critical,Warning,1,4.518196666666667,5.253558877694244,7.440280000000001,66.67041666666667
2026-01-25 00:00:00,PUMP-018,South,Night,28,3.535,73.2693,113.414,77.641,39.3107,0,1.0,57.68,Warning,Warning,1,3.3605666666666667,3.372653774107268,0.8573999999999997,68.55706666666667
2026-01-25 06:00:00,PUMP-018,South,Night,28,3.6275,67.8205,112.0613,78.2869,39.6816,0,1.0,48.21,Warning,Warning,1,3.4583999999999997,3.4680176104896967,0.7347999999999999,68.90373333333334
2026-01-25 12:00:00,PUMP-018,South,Night,28,3.757,70.3187,108.6304,74.9343,42.4296,2,1.0,82.95,Warning,Bearing Wear,1,3.5573833333333336,3.5654061075376347,0.7010000000000001,69.65795000000001
2026-01-25 18:00:00,PUMP-018,South,Day,28,4.0329,73.2694,107.668,73.9573,43.2307,0,1.0,69.12,Warning,Warning,1,3.696716666666667,3.7039806755705404,0.7028999999999996,70.49871666666667
2026-01-26 00:00:00,PUMP-018,South,Day,28,3.7939,71.6088,102.7872,77.0791,40.2268,1,1.0,63.61,Warning,Warning,1,3.6793833333333335,3.685939271293908,0.7028999999999996,71.05655
2026-01-26 06:00:00,PUMP-018,South,Night,28,3.8726,73.1359,106.4961,76.7281,44.81,1,1.0,36.75,Warning,Misalignment,1,3.769816666666667,3.7732616445634055,0.49789999999999957,71.57043333333333
2026-01-26 12:00:00,PUMP-018,South,Night,28,4.1097,73.6144,104.4742,75.7457,41.759,2,1.0,43.91,Critical,Seal Leak,1,3.8655999999999993,3.86907460339894,0.4822000000000002,71.62795
2026-01-26 18:00:00,PUMP-018,South,Day,28,3.8599,75.3715,104.5799,82.4157,41.6923,1,1.0,0.0,Warning,Bearing Wear,1,3.9043333333333337,3.9063730296358883,0.3527,72.88645000000001
2026-01-27 00:00:00,PUMP-018,South,Day,28,4.2935,74.9872,106.4689,75.8776,38.556,1,1.0,7.93,Critical,Bearing Wear,1,3.99375,3.9974490768071913,0.49960000000000004,73.66453333333332
2026-01-27 06:00:00,PUMP-018,South,Night,28,4.4974,70.4898,107.3875,76.886,44.0281,0,1.0,15.53,Critical,Bearing Wear,1,4.071166666666667,4.079213957778304,0.7035,73.20126666666667
2026-01-27 12:00:00,PUMP-018,South,Day,28,4.2675,72.1373,102.5781,74.5736,40.6048,2,1.0,35.97,Critical,Bearing Wear,1,4.1501,4.156476835814999,0.6374999999999997,73.28935
2026-01-27 18:00:00,PUMP-018,South,Day,28,4.2798,75.8228,98.7552,79.8189,42.0444,3,1.0,67.6,Critical,Bearing Wear,1,4.217966666666666,4.2225082474756634,0.6374999999999997,73.73716666666667
2026-01-28 00:00:00,PUMP-018,South,Night,28,4.6918,79.9299,109.8979,79.1597,42.7061,4,1.0,2.36,Critical,Misalignment,1,4.314983333333333,4.322437748732383,0.8318999999999996,74.78975000000001
2026-01-28 06:00:00,PUMP-018,South,Night,28,4.8505,76.5812,106.9421,79.5326,43.2224,2,1.0,2.65,Critical,Bearing Wear,1,4.480083333333333,4.485705644786187,0.5830000000000002,74.99136666666666
2026-01-01 00:00:00,PUMP-019,East,Day,9,2.1016,65.1554,108.6535,73.081,35.7074,0,1.0,632.68,Healthy,Normal,0,2.1016,2.1016,0.0,65.1554
2026-01-01 06:00:00,PUMP-019,East,Day,9,2.057,63.7198,110.8558,65.3397,37.2294,0,1.0,673.55,Healthy,Normal,0,2.0793,2.0794195776706537,0.04459999999999997,64.4376
2026-01-01 12:00:00,PUMP-019,East,Day,9,1.7762,62.2349,119.6779,70.5023,35.6792,0,1.0,682.43,Healthy,Normal,0,1.9782666666666666,1.9835034660922577,0.3253999999999999,63.70336666666666
2026-01-01 18:00:00,PUMP-019,East,Night,9,1.7777,63.1106,116.3432,71.9426,35.6343,0,1.0,648.7,Healthy,Normal,0,1.928125,1.934106724692306,0.3253999999999999,63.555175
2026-01-02 00:00:00,PUMP-019,East,Night,9,2.0803,63.9004,117.3747,69.8401,35.73,1,1.0,602.04,Healthy,Normal,0,1.9585599999999999,1.9642160461619287,0.3253999999999999,63.62422
2026-01-02 06:00:00,PUMP-019,East,Night,9,2.21,62.645,115.085,72.7487,37.1808,0,1.0,655.11,Healthy,Normal,0,2.0004666666666666,2.007271090311421,0.43379999999999996,63.461016666666666
2026-01-02 12:00:00,PUMP-019,East,Day,9,1.7532,66.3901,118.5442,68.2384,34.537,0,1.0,637.41,Healthy,Normal,0,1.9424000000000001,1.95071828907542,0.4567999999999999,63.6668
2026-01-02 18:00:00,PUMP-019,East,Day,9,2.0771,61.5462,124.0504,67.8304,34.0273,0,1.0,586.29,Healthy,Normal,0,1.94575,1.954264843447104,0.4567999999999999,63.30453333333333
2026-01-03 00:00:00,PUMP-019,East,Day,9,1.9451,64.0178,116.3002,67.0181,32.5252,2,1.0,618.28,Warning,Normal,0,1.9739000000000002,1.9808850732269485,0.4567999999999999,63.601683333333334
2026-01-03 06:00:00,PUMP-019,East,Day,9,1.9265,64.0761,117.9707,64.1878,40.4209,0,1.0,610.75,Healthy,Normal,0,1.9987000000000001,2.003938580229777,0.4567999999999999,63.7626
2026-01-03 12:00:00,PUMP-019,East,Day,9,2.0542,64.1777,116.1398,71.0542,35.8422,1,1.0,591.76,Healthy,Normal,0,1.99435,1.9994461128855994,0.4567999999999999,63.808816666666665
2026-01-03 18:00:00,PUMP-019,East,Day,9,2.1272,60.4112,112.9357,70.0611,34.9782,0,1.0,563.09,Healthy,Normal,0,1.9805499999999998,1.9844221824836905,0.3740000000000001,63.43651666666667
2026-01-04 00:00:00,PUMP-019,East,Night,9,1.6372,62.6319,116.0173,70.0913,36.7785,0,1.0,591.33,Healthy,Normal,0,1.9612166666666664,1.9678373065373063,0.4900000000000002,62.81015
2026-01-04 06:00:00,PUMP-019,East,Day,9,1.7971,62.165,114.7817,71.5897,36.5657,0,1.0,591.22,Healthy,Normal,0,1.91455,1.9213504794805139,0.4900000000000002,62.91328333333333
2026-01-04 12:00:00,PUMP-019,East,Day,9,1.9976,63.488,117.9801,68.4458,33.0477,0,1.0,558.06,Healthy,Normal,0,1.9233,1.9303073045502366,0.4900000000000002,62.824983333333336
2026-01-04 18:00:00,PUMP-019,East,Night,9,1.9418,61.8678,108.7671,,35.7089,0,1.0,586.12,Healthy,Normal,0,1.9258499999999998,1.9328606920831102,0.4900000000000002,62.456933333333325
2026-01-05 00:00:00,PUMP-019,East,Day,9,2.0351,61.5449,120.0004,69.6663,35.1452,0,1.0,582.8,Healthy,Normal,0,1.922666666666667,1.9294903083457042,0.4900000000000002,62.01813333333334
2026-01-05 06:00:00,PUMP-019,East,Day,9,2.0162,62.8887,118.03,70.6606,36.768,0,1.0,578.8,Healthy,Normal,0,1.9041666666666666,1.9095234876795835,0.3978999999999999,62.43105
2026-01-05 12:00:00,PUMP-019,East,Night,9,1.8773,64.4188,111.2187,70.858,34.053,1,1.0,533.41,Healthy,Normal,0,1.9441833333333334,1.9460006487665926,0.238,62.72886666666667
2026-01-05 18:00:00,PUMP-019,East,Night,9,2.1192,66.674,125.8773,71.0927,34.0898,0,1.0,507.7,Healthy,Normal,0,1.997866666666667,1.9992895146359702,0.24190000000000023,63.48036666666667
2026-01-06 00:00:00,PUMP-019,East,Day,9,2.0642,61.7747,117.1485,64.274,34.6695,0,1.0,548.72,Healthy,Normal,0,2.008966666666667,2.01053339771647,0.24190000000000023,63.19481666666667
2026-01-06 06:00:00,PUMP-019,East,Night,9,1.8765,63.9873,115.4977,70.1402,37.0248,0,1.0,501.38,Healthy,Normal,0,1.9980833333333334,2.0001721705059956,0.24270000000000014,63.54806666666667
2026-01-06 12:00:00,PUMP-019,East,Day,9,2.2235,65.2894,114.5265,69.3346,36.2894,0,1.0,546.91,Healthy,Normal,0,2.0294833333333333,2.033324556401822,0.347,64.17215
2026-01-06 18:00:00,PUMP-019,East,Night,9,2.1635,60.9809,117.3829,65.132,35.7518,0,1.0,556.02,Healthy,Normal,0,2.0540333333333334,2.05840238696584,0.347,63.85418333333334
2026-01-07 00:00:00,PUMP-019,East,Night,9,2.0062,65.8913,116.9795,65.6194,33.6436,2,1.0,511.3,Warning,Normal,0,2.0755166666666667,2.078569438740661,0.347,64.0996
2026-01-07 06:00:00,PUMP-019,East,Night,9,2.2931,64.4568,120.1698,72.1173,35.7899,2,1.0,525.61,Warning,Normal,0,2.1045,2.1091074115211232,0.41659999999999986,63.730066666666666
2026-01-07 12:00:00,PUMP-019,East,Day,9,1.7422,63.672,114.9834,68.9632,39.0413,0,1.0,511.31,Healthy,Normal,0,2.0508333333333333,2.0601109856833766,0.5509,64.04628333333334
2026-01-07 18:00:00,PUMP-019,East,Day,9,1.8839,63.1036,111.7788,69.0239,36.8536,1,1.0,496.58,Healthy,Normal,0,2.0520666666666667,2.061236303774994,0.5509,63.899
2026-01-08 00:00:00,PUMP-019,East,Day,9,1.786,61.6307,110.2041,68.3844,37.2657,0,1.0,500.3,Healthy,Normal,0,1.97915,1.989053977397295,0.5509,63.28921666666667
2026-01-08 06:00:00,PUMP-019,East,Day,9,2.1005,61.6149,116.8055,69.8425,36.0951,0,1.0,484.63,Healthy,Normal,0,1.9686500000000002,1.977767358664815,0.5509,63.39488333333333
2026-01-08 12:00:00,PUMP-019,East,Night,9,1.9612,66.5338,115.9682,66.082,36.8936,0,1.0,479.22,Healthy,Normal,0,1.96115,1.9702305004745002,0.5509,63.50196666666667
2026-01-08 18:00:00,PUMP-019,East,Day,9,1.4958,59.7816,121.7391,68.6533,37.3519,0,1.0,499.12,Healthy,Normal,0,1.8282666666666667,1.8380224599643318,0.6046999999999998,62.722766666666665
2026-01-09 00:00:00,PUMP-019,East,Day,9,1.858,64.2538,115.759,69.5224,35.0479,0,1.0,434.34,Healthy,Normal,0,1.8475666666666666,1.8568280543263378,0.6046999999999998,62.819733333333325
2026-01-09 06:00:00,PUMP-019,East,Day,9,1.6895,61.2986,114.5561,70.783,35.7455,0,1.0,463.18,Healthy,Normal,0,1.8151666666666664,1.8253855108807382,0.6046999999999998,62.5189
2026-01-09 12:00:00,PUMP-019,East,Day,9,2.3108,62.3406,121.7119,73.3278,36.7057,0,1.0,455.25,Healthy,Normal,0,1.9026333333333332,1.9210324576470157,0.815,62.63721666666667
2026-01-09 18:00:00,PUMP-019,East,Night,9,1.9701,61.4806,118.5306,72.2655,37.638,0,1.0,475.43,Healthy,Normal,0,1.8809000000000002,1.8978666962320263,0.815,62.61483333333333
2026-01-10 00:00:00,PUMP-019,East,Night,9,2.2826,63.5189,117.4363,69.4597,35.2951,0,1.0,446.55,Healthy,Normal,0,1.9344666666666666,1.9568403656575226,0.815,62.11235
2026-01-10 06:00:00,PUMP-019,East,Night,9,2.0578,64.0195,117.8164,68.0381,34.7204,0,1.0,438.45,Healthy,Normal,0,2.0281333333333333,2.0401171739224524,0.6213,62.81866666666667
2026-01-10 12:00:00,PUMP-019,East,Night,9,2.0099,65.0287,120.0831,73.2482,34.1593,0,1.0,438.95,Healthy,Normal,0,2.0534499999999998,2.063976845396608,0.6213,62.947816666666675
2026-01-10 18:00:00,PUMP-019,East,Night,9,1.9236,62.3992,114.7122,71.1116,34.1385,1,1.0,400.78,Healthy,Normal,0,2.0924666666666667,2.0978492645246622,0.3872,63.13125
2026-01-11 00:00:00,PUMP-019,East,Night,9,2.0699,63.5741,118.8926,69.5431,38.1722,1,1.0,417.15,Healthy,Normal,0,2.0523166666666666,2.055501503688739,0.359,63.33683333333334
2026-01-11 06:00:00,PUMP-019,East,Night,9,2.3178,66.7216,108.3421,70.4066,36.9879,0,1.0,377.63,Healthy,Normal,0,2.1102666666666665,2.1150816146585614,0.3942000000000001,64.21033333333334
2026-01-11 12:00:00,PUMP-019,East,Day,9,1.9242,67.3847,119.1807,69.1917,35.2267,0,1.0,427.03,Healthy,Normal,0,2.0505333333333335,2.054819712286214,0.3942000000000001,64.85463333333333
2026-01-11 18:00:00,PUMP-019,East,Day,9,1.8334,63.9261,115.1116,66.971,37.6269,0,1.0,353.52,Healthy,Normal,0,2.013133333333333,2.0190971175255537,0.48440000000000016,64.83906666666667
2026-01-12 00:00:00,PUMP-019,East,Night,9,2.1946,64.5295,120.5423,71.3118,36.3292,1,1.0,402.48,Healthy,Normal,0,2.0439166666666666,2.050897777803662,0.48440000000000016,64.75586666666666
2026-01-12 06:00:00,PUMP-019,East,Day,9,1.8755,64.1969,115.9598,65.0372,35.7197,0,1.0,408.36,Healthy,Normal,0,2.0359000000000003,2.0434592182538576,0.48440000000000016,65.05548333333333
2026-01-12 12:00:00,PUMP-019,East,Night,9,1.9995,63.0493,119.069,71.5664,36.5888,0,1.0,391.69,Healthy,Normal,0,2.0241666666666664,2.031742589502912,0.48440000000000016,64.96801666666666
2026-01-12 18:00:00,PUMP-019,East,Night,9,2.003,60.4336,114.4468,65.8499,36.9203,0,1.0,355.4,Healthy,Normal,0,1.9717,1.975165809917402,0.36119999999999997,63.92001666666667
2026-01-13 00:00:00,PUMP-019,East,Night,9,2.1407,60.5561,115.4208,66.7457,35.4983,1,1.0,356.11,Healthy,Normal,0,2.007783333333333,2.011953060668497,0.36119999999999997,62.78191666666667
2026-01-13 06:00:00,PUMP-019,East,Day,9,1.6976,63.6226,119.8065,70.9427,33.78,0,1.0,411.92,Healthy,Normal,0,1.98515,1.9919931772808193,0.4969999999999999,62.73133333333333
2026-01-13 12:00:00,PUMP-019,East,Night,9,1.8417,61.1923,118.7526,71.2866,36.3254,0,1.0,344.76,Healthy,Normal,0,1.9263333333333332,1.9314852074677316,0.4430999999999998,62.17513333333333
2026-01-13 18:00:00,PUMP-019,East,Night,9,2.0599,62.879,120.3684,70.6462,36.5319,0,1.0,352.53,Healthy,Normal,0,1.9570666666666667,1.9625450483152398,0.4430999999999998,61.955483333333326
2026-01-14 00:00:00,PUMP-019,East,Night,9,1.7821,62.9953,117.3768,69.99,34.0231,0,1.0,359.23,Healthy,Normal,0,1.9208333333333334,1.9273201844357188,0.4430999999999998,61.94648333333333
2026-01-14 06:00:00,PUMP-019,East,Day,9,1.8919,62.5451,114.1857,70.1546,37.3482,0,1.0,307.85,Healthy,Normal,0,1.9023166666666667,1.9085184118402772,0.4430999999999998,62.298399999999994
2026-01-14 12:00:00,PUMP-019,East,Day,9,2.1459,65.7495,121.4347,67.3478,36.9064,0,1.0,302.42,Healthy,Normal,0,1.903183333333333,1.9094914458218102,0.44830000000000014,63.16396666666666
2026-01-14 18:00:00,PUMP-019,East,Day,9,1.9948,63.4213,122.4575,66.8092,34.923,0,1.0,326.53,Healthy,Normal,0,1.9527166666666664,1.9567969904071976,0.3638000000000001,63.13041666666667
2026-01-15 00:00:00,PUMP-019,East,Day,9,1.8685,63.4678,117.7889,69.7325,36.5124,0,1.0,344.29,Healthy,Normal,0,1.9571833333333333,1.9610269473756177,0.3638000000000001,63.50966666666667
2026-01-15 06:00:00,PUMP-019,East,Day,9,2.01,64.9574,120.4827,70.7715,36.4981,1,1.0,333.26,Healthy,Normal,0,1.9488666666666665,1.952377700821915,0.3638000000000001,63.85606666666666
2026-01-15 12:00:00,PUMP-019,East,Night,9,1.737,64.1264,119.5848,68.3669,36.6092,1,1.0,262.67,Healthy,Normal,0,1.94135,1.9455916285284536,0.40890000000000004,64.04458333333334
2026-01-15 18:00:00,PUMP-019,East,Night,9,1.7362,63.7804,116.7747,71.5346,38.8017,0,1.0,319.88,Healthy,Normal,0,1.9154,1.9212437612130326,0.4097000000000002,64.25046666666667
2026-01-16 00:00:00,PUMP-019,East,Night,9,2.1355,64.8341,113.6845,72.5895,37.1245,1,1.0,297.44,Healthy,Normal,0,1.9136666666666666,1.9193114642148799,0.3993,64.0979
2026-01-16 06:00:00,PUMP-019,East,Night,9,1.7696,61.9543,113.548,69.0551,35.978,2,1.0,287.35,Warning,Normal,0,1.8761333333333334,1.8821439946684915,0.3993,63.8534
2026-01-16 12:00:00,PUMP-019,East,Day,9,1.5738,65.2148,112.833,68.9799,36.4766,0,1.0,276.31,Healthy,Normal,0,1.8270166666666665,1.8366795351938783,0.5616999999999999,64.14456666666668
2026-01-16 18:00:00,PUMP-019,East,Night,9,1.9144,66.1457,118.3571,70.6949,36.9695,1,1.0,308.1,Healthy,Normal,0,1.8110833333333334,1.8195776822292218,0.5616999999999999,64.34261666666667
2026-01-17 00:00:00,PUMP-019,East,Day,9,1.8249,62.702,114.1727,68.2251,37.6637,0,1.0,252.39,Healthy,Normal,0,1.8257333333333332,1.8338606208397263,0.5616999999999999,64.10521666666666
2026-01-17 06:00:00,PUMP-019,East,Day,9,1.8079,64.2446,115.2396,67.4677,34.4734,1,1.0,264.19,Healthy,Normal,0,1.8376833333333333,1.8453717163939265,0.5616999999999999,64.18258333333334
2026-01-17 12:00:00,PUMP-019,East,Day,9,1.8422,62.7,109.5191,70.1409,36.7314,0,1.0,221.54,Healthy,Normal,0,1.7888,1.7919133730922003,0.3406,63.8269
2026-01-17 18:00:00,PUMP-019,East,Night,9,1.8475,63.6334,116.6856,65.6272,36.8438,0,1.0,308.87,Healthy,Normal,0,1.8017833333333335,1.804969681647497,0.3406,64.10675
2026-01-18 00:00:00,PUMP-019,East,Day,9,1.7309,62.47,110.9909,70.9572,38.4665,0,1.0,303.83,Healthy,Normal,0,1.8279666666666667,1.8287820026819306,0.1835,63.64928333333334
2026-01-18 06:00:00,PUMP-019,East,Night,9,1.9314,61.4121,117.0811,72.0235,35.0641,0,1.0,294.28,Healthy,Normal,0,1.8308,1.8317587304737124,0.2004999999999999,62.860350000000004
2026-01-18 12:00:00,PUMP-019,East,Day,9,1.8485,62.3571,113.3483,71.3062,36.648,0,1.0,220.4,Healthy,Normal,0,1.8347333333333333,1.8356984374709626,0.2004999999999999,62.80286666666666
2026-01-18 18:00:00,PUMP-019,East,Day,9,1.6795,62.3458,113.6794,65.282,35.2362,0,1.0,214.78,Healthy,Normal,0,1.8133333333333335,1.8152571149380832,0.2519,62.4864
2026-01-19 00:00:00,PUMP-019,East,Night,9,1.9902,66.002,111.9915,67.7809,37.574,0,1.0,244.11,Healthy,Normal,0,1.838,1.8411113292429293,0.3107,63.03673333333333
2026-01-19 06:00:00,PUMP-019,East,Day,9,1.7976,61.7784,112.6928,70.7396,36.2881,0,1.0,228.96,Healthy,Normal,0,1.8296833333333333,1.8328600178409697,0.3107,62.72756666666667
2026-01-19 12:00:00,PUMP-019,East,Day,9,2.1356,65.0601,116.3297,66.4097,34.8634,1,1.0,228.2,Healthy,Normal,0,1.8971333333333333,1.9026747672684368,0.45610000000000017,63.15924999999999
2026-01-19 18:00:00,PUMP-019,East,Day,9,1.6714,61.7233,116.2443,71.4493,32.5863,0,1.0,216.33,Healthy,Normal,0,1.8538,1.8611958351196327,0.46420000000000017,63.21111666666667
2026-01-20 00:00:00,PUMP-019,East,Day,9,2.3718,63.5954,114.3049,68.5752,37.3032,0,1.0,173.86,Healthy,Normal,0,1.9410166666666668,1.9575828041234935,0.7003999999999999,63.41749999999999
2026-01-20 06:00:00,PUMP-019,East,Day,9,1.9589,64.884,119.4456,69.8288,34.0834,0,1.0,204.7,Healthy,Normal,0,1.9875833333333333,2.000389610800856,0.7003999999999999,63.840533333333326
2026-01-20 12:00:00,PUMP-019,East,Day,9,2.2294,66.3079,120.7259,67.9355,37.8561,1,1.0,216.16,Healthy,Normal,0,2.02745,2.0420039132349053,0.7003999999999999,63.89151666666667
2026-01-20 18:00:00,PUMP-019,East,Day,9,2.2829,66.0872,111.5719,74.2208,36.4806,0,1.0,191.38,Healthy,Normal,0,2.1083333333333334,2.12127895933876,0.7003999999999999,64.60965
2026-01-21 00:00:00,PUMP-019,East,Day,9,2.4047,67.0542,118.5198,68.936,36.6568,0,1.0,227.22,Healthy,Normal,0,2.1531833333333332,2.1687454618588444,0.7333000000000001,64.942
2026-01-21 06:00:00,PUMP-019,East,Day,9,2.6421,69.1656,115.0734,73.3265,36.0009,0,1.0,202.8,Healthy,Normal,0,2.314966666666667,2.324071704286825,0.6832,66.18238333333333
2026-01-21 12:00:00,PUMP-019,East,Day,9,2.5685,66.6207,112.9966,72.9908,40.156,0,1.0,155.61,Healthy,Normal,1,2.34775,2.3586582601838133,0.6832,66.6866
2026-01-21 18:00:00,PUMP-019,East,Day,9,2.4651,69.2536,108.8138,74.3503,37.9655,0,1.0,204.74,Healthy,Normal,0,2.432116666666667,2.4364948023065156,0.41270000000000007,67.41486666666667
2026-01-22 00:00:00,PUMP-019,East,Day,9,2.384,71.7061,107.2303,74.1843,37.1847,0,1.0,157.07,Healthy,Normal,1,2.457883333333333,2.460767941449715,0.35919999999999996,68.31456666666666
2026-01-22 06:00:00,PUMP-019,East,Night,9,2.9272,69.8926,115.5873,71.2936,39.7873,2,1.0,160.5,Warning,Normal,1,2.5652666666666666,2.5719363846461416,0.5432000000000001,68.94879999999999
2026-01-22 12:00:00,PUMP-019,East,Night,9,2.7545,68.0767,111.7954,72.4748,39.104,0,1.0,169.43,Healthy,Normal,0,2.6235666666666666,2.6297600891843094,0.5432000000000001,69.11921666666667
2026-01-22 18:00:00,PUMP-019,East,Night,9,2.9364,68.8598,106.8608,77.1501,36.5616,0,1.0,131.07,Healthy,Bearing Wear,1,2.6726166666666664,2.6812802075998445,0.5524,69.06825
2026-01-23 00:00:00,PUMP-019,East,Day,9,3.0764,73.6661,105.6891,73.1403,37.7227,1,1.0,87.06,Warning,Warning,1,2.7572666666666663,2.768953653759244,0.6924000000000001,70.24248333333334
2026-01-23 06:00:00,PUMP-019,East,Day,9,3.4186,76.5939,116.0012,79.1737,39.5802,2,1.0,118.92,Warning,Warning,1,2.916183333333333,2.932937491378453,1.0346000000000002,71.46586666666667
2026-01-23 12:00:00,PUMP-019,East,Day,9,3.2563,70.8919,103.7375,74.8363,38.3634,1,1.0,128.93,Warning,Warning,1,3.0615666666666663,3.069548491770953,0.6640999999999999,71.33016666666667
2026-01-23 18:00:00,PUMP-019,East,Night,9,3.4976,72.737,107.9338,74.6139,37.7334,2,1.0,146.45,Warning,Warning,1,3.156633333333333,3.1674772711628627,0.7430999999999996,71.80423333333334
2026-01-24 00:00:00,PUMP-019,East,Night,9,3.6157,73.2917,105.0192,71.1582,38.7924,2,1.0,133.2,Warning,Warning,1,3.3001666666666662,3.308662615519046,0.6793,72.6734
2026-01-24 06:00:00,PUMP-019,East,Day,9,3.1419,73.1629,108.5906,75.1254,37.5636,3,1.0,115.09,Warning,Warning,1,3.3344166666666673,3.3399745625278845,0.5392999999999999,73.39058333333334
2026-01-24 12:00:00,PUMP-019,East,Day,9,3.4495,74.9293,102.8685,75.9128,39.1276,0,1.0,55.01,Warning,Bearing Wear,1,3.3966,3.4001812147786086,0.4737999999999998,73.60111666666667
2026-01-24 18:00:00,PUMP-019,East,Day,9,3.2804,74.6448,110.2484,75.6402,40.2116,0,1.0,82.07,Warning,Warning,1,3.3735666666666666,3.3774149868402805,0.4737999999999998,73.27626666666667
2026-01-25 00:00:00,PUMP-019,East,Night,9,3.1599,74.8671,102.1492,73.5926,42.6478,3,1.0,65.7,Warning,Warning,1,3.3575,3.362119130350182,0.4737999999999998,73.9388
2026-01-25 06:00:00,PUMP-019,East,Day,9,3.6451,75.1682,104.4906,76.1628,41.69,0,1.0,82.86,Warning,Bearing Wear,1,3.3820833333333327,3.388131700755841,0.5031999999999996,74.34400000000001
2026-01-25 12:00:00,PUMP-019,East,Day,9,4.0077,77.1952,98.3049,71.5308,39.8379,2,1.0,76.21,Warning,Seal Leak,1,3.447416666666667,3.460852287370844,0.8657999999999997,74.99458333333332
2026-01-25 18:00:00,PUMP-019,East,Night,9,3.9249,78.65,98.7609,76.0543,41.4009,3,1.0,54.55,Warning,Warning,1,3.577916666666667,3.5916174566621093,0.8477999999999999,75.90910000000001
2026-01-26 00:00:00,PUMP-019,East,Night,9,3.9777,78.3311,103.5276,76.8376,42.5294,1,1.0,36.93,Warning,Misalignment,1,3.6659500000000005,3.681515602076587,0.8477999999999999,76.47606666666667
2026-01-26 06:00:00,PUMP-019,East,Day,9,4.3956,78.8012,102.1474,77.9272,42.2813,1,1.0,94.42,Critical,Seal Leak,1,3.8518166666666667,3.8704353323194365,1.2357,77.1688
2026-01-26 12:00:00,PUMP-019,East,Night,9,4.2465,79.2376,102.4937,77.0145,42.8105,2,1.0,26.44,Critical,Bearing Wear,1,4.032916666666667,4.039996126442038,0.7505000000000002,77.89721666666667
2026-01-26 18:00:00,PUMP-019,East,Night,9,4.3718,82.045,,80.6988,40.7575,3,1.0,44.38,Critical,Seal Leak,1,4.1540333333333335,4.158431063113427,0.4706999999999999,79.04335
2026-01-27 00:00:00,PUMP-019,East,Night,9,4.2939,79.4608,105.1158,75.5622,42.4041,3,1.0,39.93,Critical,Seal Leak,1,4.201733333333333,4.205774034189981,0.4706999999999999,79.42095
2026-01-27 06:00:00,PUMP-019,East,Day,9,4.3872,80.9247,107.7934,77.0844,40.9927,2,1.0,48.3,Critical,Bearing Wear,1,4.278783333333333,4.2812360985662385,0.41789999999999994,79.80006666666667
2026-01-27 12:00:00,PUMP-019,East,Day,9,4.3768,79.0086,98.4263,77.3028,39.4559,0,1.0,5.22,Critical,Bearing Wear,1,4.3453,4.3456525428677955,0.1490999999999998,79.91298333333333
2026-01-27 18:00:00,PUMP-019,East,Day,9,4.5418,79.1218,103.7405,77.984,42.4198,2,1.0,12.56,Critical,Seal Leak,1,4.369666666666666,4.3706373299554375,0.2953000000000001,79.96641666666666
2026-01-28 00:00:00,PUMP-019,East,Night,9,4.324,80.2564,103.431,77.7134,42.7598,2,1.0,48.33,Critical,Bearing Wear,1,4.382583333333334,4.383283354024317,0.24790000000000045,80.13621666666667
2026-01-28 06:00:00,PUMP-019,East,Night,9,4.8319,79.8047,99.5617,75.8095,42.9471,2,1.0,22.32,Critical,Seal Leak,1,4.459266666666667,4.463064346014593,0.5380000000000003,79.76283333333333
2026-01-01 00:00:00,PUMP-020,West,Night,85,1.9621,58.1784,116.8107,71.9339,35.0223,0,1.0,672.13,Healthy,Normal,0,1.9621,1.9621,0.0,58.1784
2026-01-01 06:00:00,PUMP-020,West,Night,85,2.1557,53.0501,121.1016,65.9874,35.5221,0,1.0,662.45,Healthy,Normal,0,2.0589,2.0611742890886253,0.1936,55.61425
2026-01-01 12:00:00,PUMP-020,West,Night,85,2.1874,56.3769,117.271,69.9173,33.8388,1,1.0,684.15,Healthy,Normal,0,2.1017333333333332,2.1040910674207995,0.22529999999999983,55.86846666666667
2026-01-01 18:00:00,PUMP-020,West,Day,85,1.8611,61.2706,118.25,68.8964,34.5569,0,1.0,635.52,Healthy,Normal,0,2.041575,2.046050516849474,0.3262999999999998,57.219
2026-01-02 00:00:00,PUMP-020,West,Night,85,2.2357,58.2571,123.2531,69.2453,36.3405,0,1.0,601.02,Healthy,Normal,0,2.0804,2.0853606575362447,0.37460000000000004,57.42662
2026-01-02 06:00:00,PUMP-020,West,Day,85,1.9693,56.8363,118.3288,70.5468,37.1474,0,1.0,626.96,Healthy,Normal,0,2.0618833333333333,2.066469930824061,0.37460000000000004,57.32823333333334
2026-01-02 12:00:00,PUMP-020,West,Day,85,2.0323,54.5877,116.8573,66.8586,36.046,0,1.0,635.91,Healthy,Normal,0,2.0735833333333336,2.07774696606685,0.37460000000000004,56.72978333333333
2026-01-02 18:00:00,PUMP-020,West,Day,85,1.8952,55.6378,122.9148,71.1022,36.2103,0,1.0,666.9,Healthy,Normal,0,2.0301666666666667,2.034983017128153,0.37460000000000004,57.16106666666667
2026-01-03 00:00:00,PUMP-020,West,Day,85,1.8307,58.1062,122.4172,70.7467,37.7683,0,1.0,626.63,Healthy,Normal,0,1.970716666666667,1.9754189011447674,0.405,57.44928333333334
2026-01-03 06:00:00,PUMP-020,West,Day,85,1.9977,57.2166,126.8338,71.3288,35.7332,0,1.0,574.16,Healthy,Normal,0,1.9934833333333335,1.9975314386345298,0.405,56.77361666666667
2026-01-03 12:00:00,PUMP-020,West,Night,85,2.0622,58.9864,123.3546,71.2647,37.2376,1,1.0,617.56,Healthy,Normal,0,1.964566666666667,1.966176723152491,0.23149999999999982,56.89516666666666
2026-01-03 18:00:00,PUMP-020,West,Day,85,1.7457,58.218,115.3739,69.7743,35.2002,1,1.0,616.95,Healthy,Normal,0,1.9273,1.9306489168152763,0.3164999999999998,57.12545
2026-01-04 00:00:00,PUMP-020,West,Day,85,2.2186,55.2991,117.1117,71.9797,36.1086,0,1.0,563.46,Healthy,Normal,0,1.95835,1.9645344703007885,0.4728999999999999,57.244016666666674
2026-01-04 06:00:00,PUMP-020,West,Night,85,1.9643,56.6124,118.9328,73.0809,33.6185,0,1.0,614.78,Healthy,Normal,0,1.9698666666666667,1.9758148344417297,0.4728999999999999,57.40645
2026-01-04 12:00:00,PUMP-020,West,Night,85,1.9472,57.1811,114.3736,69.3965,37.2131,0,1.0,578.59,Healthy,Normal,0,1.989283333333333,1.9942914744339655,0.4728999999999999,57.252266666666664
2026-01-04 18:00:00,PUMP-020,West,Day,85,1.9087,57.9256,116.6157,71.5062,37.2391,0,1.0,552.58,Healthy,Normal,0,1.97445,1.9797104716767717,0.4728999999999999,57.370433333333345
2026-01-05 00:00:00,PUMP-020,West,Night,85,2.2642,61.4306,116.2491,71.7698,37.827,0,1.0,577.8,Healthy,Normal,0,2.0081166666666665,2.0161619524069327,0.5185000000000002,57.777800000000006
2026-01-05 06:00:00,PUMP-020,West,Day,85,1.9438,57.0197,119.4725,71.9274,33.3459,1,1.0,544.73,Healthy,Normal,0,2.0411333333333332,2.046148579649093,0.35550000000000015,57.57808333333333
2026-01-05 12:00:00,PUMP-020,West,Day,85,2.0685,60.0495,120.0098,67.6817,37.2249,0,1.0,573.27,Healthy,Normal,0,2.016116666666667,2.019771041067114,0.35550000000000015,58.36981666666667
2026-01-05 18:00:00,PUMP-020,West,Night,85,2.254,57.9768,113.896,71.0199,34.6297,1,1.0,517.43,Healthy,Normal,0,2.0644,2.0695769237535804,0.35550000000000015,58.59721666666667
2026-01-06 00:00:00,PUMP-020,West,Day,85,2.0277,58.7033,120.7688,70.6821,36.5335,0,1.0,558.24,Healthy,Normal,0,2.0778166666666666,2.0824213194420254,0.35550000000000015,58.85091666666667
2026-01-06 06:00:00,PUMP-020,West,Night,85,2.0389,57.5421,121.7319,72.5338,36.4815,1,1.0,552.45,Healthy,Normal,0,2.0995166666666667,2.1028888395886898,0.32040000000000024,58.787
2026-01-06 12:00:00,PUMP-020,West,Night,85,1.9263,58.2052,120.4901,74.2738,36.6763,0,1.0,510.84,Healthy,Normal,0,2.0431999999999997,2.046007448666793,0.3277000000000001,58.249433333333336
2026-01-06 18:00:00,PUMP-020,West,Night,85,1.9931,55.835,118.57,69.9727,35.1206,1,1.0,546.13,Healthy,Normal,0,2.0514166666666664,2.0538974353652617,0.3277000000000001,58.05198333333333
2026-01-07 00:00:00,PUMP-020,West,Night,85,1.8558,57.3473,116.619,69.4754,36.8406,0,1.0,531.86,Healthy,Normal,0,2.0159666666666665,2.019747073274275,0.3982000000000001,57.601616666666665
2026-01-07 06:00:00,PUMP-020,West,Day,85,1.8641,58.8413,123.3874,70.8116,37.682,0,1.0,521.6,Healthy,Normal,0,1.9509833333333333,1.9523755722196485,0.18310000000000004,57.7457
2026-01-07 12:00:00,PUMP-020,West,Day,85,1.9208,59.4969,122.7372,65.4528,34.6473,1,1.0,482.9,Healthy,Normal,0,1.9331666666666667,1.9342753854264565,0.18310000000000004,57.87796666666666
2026-01-07 18:00:00,PUMP-020,West,Night,85,2.0114,59.3066,125.531,70.4792,35.9646,0,1.0,485.1,Healthy,Normal,0,1.9285833333333333,1.9294707542916185,0.15560000000000018,58.17204999999999
2026-01-08 00:00:00,PUMP-020,West,Day,85,2.0509,58.4306,120.002,66.3362,37.2568,0,1.0,477.13,Healthy,Normal,0,1.9493500000000001,1.9507564118396057,0.19510000000000005,58.20961666666667
2026-01-08 06:00:00,PUMP-020,West,Day,85,1.7625,56.5671,127.8236,69.8172,34.2917,0,1.0,504.54,Healthy,Normal,0,1.9109166666666668,1.9134028200216144,0.2884,58.331633333333336
2026-01-08 12:00:00,PUMP-020,West,Night,85,2.1513,56.1192,121.3426,68.1308,36.9901,1,1.0,470.83,Healthy,Normal,0,1.9601666666666666,1.9642963184475672,0.38880000000000003,58.12695
2026-01-08 18:00:00,PUMP-020,West,Day,85,2.2228,58.3725,122.9085,68.3658,34.8939,0,1.0,482.65,Healthy,Normal,0,2.01995,2.025534134905326,0.46029999999999993,58.048816666666674
2026-01-09 00:00:00,PUMP-020,West,Night,85,2.0301,55.5645,117.207,72.2196,35.7658,0,1.0,442.56,Healthy,Normal,0,2.0381666666666667,2.0432231302527875,0.46029999999999993,57.39341666666667
2026-01-09 06:00:00,PUMP-020,West,Day,85,1.5654,56.126,121.0578,69.4261,33.8154,0,1.0,458.08,Healthy,Normal,0,1.9638333333333333,1.9770901075402036,0.6574,56.86331666666667
2026-01-09 12:00:00,PUMP-020,West,Day,85,2.0433,55.3238,121.2767,72.0871,37.5964,0,1.0,443.68,Healthy,Normal,0,1.9625666666666666,1.9757781521888196,0.6574,56.34551666666667
2026-01-09 18:00:00,PUMP-020,West,Night,85,2.0551,56.0473,124.8021,72.5999,34.6693,1,1.0,428.38,Healthy,Normal,0,2.0113333333333334,2.022342931684271,0.6574,56.25888333333334
2026-01-10 00:00:00,PUMP-020,West,Day,85,1.57,57.7298,111.0732,70.3647,36.8291,0,1.0,458.94,Healthy,Normal,0,1.9144499999999998,1.9311496537037205,0.6574,56.52731666666667
2026-01-10 06:00:00,PUMP-020,West,Day,85,2.085,55.5449,123.4816,70.631,35.1524,1,1.0,419.28,Healthy,Normal,0,1.8914833333333334,1.9053616922603784,0.5196000000000001,56.05604999999999
2026-01-10 12:00:00,PUMP-020,West,Day,85,2.0086,56.5435,116.8101,70.3945,34.7445,0,1.0,417.79,Healthy,Normal,0,1.8879000000000001,1.901560193630483,0.5196000000000001,56.219216666666675
2026-01-10 18:00:00,PUMP-020,West,Day,85,2.0062,56.2757,114.4108,68.6264,35.9296,0,1.0,422.41,Healthy,Normal,0,1.9613666666666667,1.9693462663195282,0.5149999999999999,56.244166666666665
2026-01-11 00:00:00,PUMP-020,West,Day,85,1.7911,56.9831,126.106,65.5585,35.3673,0,1.0,424.69,Healthy,Normal,0,1.9193333333333333,1.9279917280251317,0.5149999999999999,56.52071666666666
2026-01-11 06:00:00,PUMP-020,West,Night,85,2.1661,58.2291,115.4861,68.6472,35.9998,1,1.0,397.13,Healthy,Normal,0,1.9378333333333335,1.9481386766175897,0.5961000000000001,56.884350000000005
2026-01-11 12:00:00,PUMP-020,West,Day,85,1.9509,57.9869,118.3165,71.0816,32.8201,0,1.0,419.43,Healthy,Normal,0,2.001316666666667,2.0046852051298893,0.3750000000000002,56.9272
2026-01-11 18:00:00,PUMP-020,West,Night,85,2.3216,55.4984,121.1681,71.826,36.2385,2,1.0,414.66,Warning,Normal,0,2.0407500000000005,2.0475667750609094,0.5305000000000002,56.91944999999999
2026-01-12 00:00:00,PUMP-020,West,Night,85,1.989,55.6268,120.7801,68.6264,36.9392,0,1.0,356.98,Healthy,Normal,0,2.0374833333333333,2.0443754233669185,0.5305000000000002,56.76666666666666
2026-01-12 06:00:00,PUMP-020,West,Night,85,1.9132,55.1236,128.0823,71.5228,35.0306,0,1.0,357.45,Healthy,Normal,0,2.0219833333333335,2.029463025449507,0.5305000000000002,56.57465
2026-01-12 12:00:00,PUMP-020,West,Day,85,1.8321,57.423,116.334,69.7779,36.9967,0,1.0,376.97,Healthy,Normal,0,2.0288166666666667,2.03555366055528,0.48950000000000005,56.64796666666666
2026-01-12 18:00:00,PUMP-020,West,Night,85,2.1298,57.633,117.7811,71.9109,34.3523,0,1.0,377.39,Healthy,Normal,0,2.0227666666666666,2.0291595575508596,0.48950000000000005,56.54861666666667
2026-01-13 00:00:00,PUMP-020,West,Day,85,1.8629,56.7652,115.7156,71.0058,35.4067,1,1.0,359.11,Healthy,Normal,0,2.0080999999999998,2.01532944618657,0.48950000000000005,56.345000000000006
2026-01-13 06:00:00,PUMP-020,West,Day,85,1.7852,59.2746,119.5883,72.1975,35.4969,0,1.0,362.25,Healthy,Normal,0,1.9187,1.9220834676638439,0.3446,56.97436666666667
2026-01-13 12:00:00,PUMP-020,West,Night,85,2.2928,59.845,117.9226,67.7303,37.0651,0,1.0,332.09,Healthy,Normal,0,1.9693333333333334,1.977677087730283,0.5076000000000003,57.677400000000006
2026-01-13 18:00:00,PUMP-020,West,Day,85,2.0988,59.0028,120.7225,70.4425,36.1375,0,1.0,370.47,Healthy,Normal,0,2.0002666666666666,2.0088084021794277,0.5076000000000003,58.323933333333336
2026-01-14 00:00:00,PUMP-020,West,Night,85,1.7699,58.0263,120.0402,71.7525,37.765,0,1.0,313.96,Healthy,Normal,0,1.9899000000000002,1.9994925514573274,0.5229000000000001,58.424483333333335
2026-01-14 06:00:00,PUMP-020,West,Night,85,1.8,59.4445,125.162,73.5788,36.679,0,1.0,333.23,Healthy,Normal,0,1.9349333333333334,1.9447268334310264,0.5229000000000001,58.726400000000005
2026-01-14 12:00:00,PUMP-020,West,Day,85,2.1931,60.2345,123.461,68.6493,34.5592,0,1.0,355.02,Healthy,Normal,0,1.9899666666666669,2.001293995560539,0.5229000000000001,59.30461666666667
2026-01-14 18:00:00,PUMP-020,West,Day,85,1.6609,58.6815,121.3366,69.5244,34.7048,0,1.0,342.75,Healthy,Normal,0,1.9692500000000004,1.9833774102945378,0.6319000000000001,59.20576666666667
2026-01-15 00:00:00,PUMP-020,West,Day,85,2.1679,56.252,121.8163,67.0278,36.6723,0,1.0,273.71,Healthy,Normal,0,1.9484333333333332,1.9598288309611802,0.5321999999999998,58.60693333333333
2026-01-15 06:00:00,PUMP-020,West,Night,85,1.5547,56.4772,117.0339,68.4916,35.4895,0,1.0,337.59,Healthy,Normal,0,1.85775,1.8733973119264726,0.6383999999999999,58.186
2026-01-15 12:00:00,PUMP-020,West,Day,85,2.1157,59.8232,119.2698,69.9594,34.4231,0,1.0,306.48,Healthy,Normal,0,1.9153833333333334,1.9322415916063223,0.6383999999999999,58.48548333333334
2026-01-15 18:00:00,PUMP-020,West,Day,85,2.039,58.2168,116.3914,72.744,35.7093,0,1.0,295.91,Healthy,Normal,0,1.9552166666666668,1.9714151604875112,0.6383999999999999,58.28086666666667
2026-01-16 00:00:00,PUMP-020,West,Night,85,2.2693,58.1781,117.5831,68.3864,36.7462,0,1.0,314.14,Healthy,Normal,0,1.9679166666666665,1.9857366932702836,0.7145999999999999,57.938133333333326
2026-01-16 06:00:00,PUMP-020,West,Night,85,2.0647,59.2794,116.6746,72.2988,36.7014,0,1.0,270.54,Healthy,Normal,0,2.0352166666666665,2.047897237412073,0.7145999999999999,58.03778333333333
2026-01-16 12:00:00,PUMP-020,West,Day,85,1.938,60.8706,119.1403,71.7214,35.4661,0,1.0,317.46,Healthy,Normal,0,1.9969000000000001,2.009118884818251,0.7145999999999999,58.80755
2026-01-16 18:00:00,PUMP-020,West,Day,85,2.094,58.3977,124.3117,70.8999,34.9147,1,1.0,295.81,Healthy,Normal,0,2.0867833333333334,2.0891424105758483,0.33129999999999993,59.127633333333335
2026-01-17 00:00:00,PUMP-020,West,Night,85,2.072,56.6801,119.546,73.2512,37.9332,0,1.0,274.63,Healthy,Normal,0,2.0795,2.0818298673682887,0.33129999999999993,58.60378333333333
2026-01-17 06:00:00,PUMP-020,West,Day,85,2.2772,59.5266,122.8933,64.7681,36.0573,0,1.0,253.61,Healthy,Normal,0,2.1191999999999998,2.1225853897232656,0.33920000000000017,58.82208333333333
2026-01-17 12:00:00,PUMP-020,West,Night,85,2.016,58.8841,117.4014,68.6797,36.2707,2,1.0,262.48,Warning,Normal,0,2.076983333333333,2.0795330377274603,0.33920000000000017,58.939750000000004
2026-01-17 18:00:00,PUMP-020,West,Night,85,1.7443,61.4092,127.9326,71.0502,37.1652,0,1.0,263.03,Healthy,Normal,0,2.0235833333333333,2.0300386831289696,0.5329000000000002,59.294716666666666
2026-01-18 00:00:00,PUMP-020,West,Night,85,2.0489,58.7698,121.6979,74.5692,36.1404,0,1.0,212.54,Healthy,Normal,0,2.0420666666666665,2.0481084582283886,0.5329000000000002,58.944583333333334
2026-01-18 06:00:00,PUMP-020,West,Day,85,2.1125,57.1066,120.7836,71.1738,34.155,0,1.0,281.54,Healthy,Normal,0,2.04515,2.0512723608368866,0.5329000000000002,58.7294
2026-01-18 12:00:00,PUMP-020,West,Day,85,2.3141,56.3666,123.0088,72.5694,35.4344,0,1.0,265.71,Healthy,Normal,0,2.0855,2.0939669131419754,0.5697999999999999,58.67714999999999
2026-01-18 18:00:00,PUMP-020,West,Day,85,2.4452,58.8053,115.4189,70.9829,34.7222,0,1.0,257.46,Healthy,Normal,0,2.1135,2.125305774078952,0.7008999999999999,58.556933333333326
2026-01-19 00:00:00,PUMP-020,West,Day,85,2.302,62.6211,126.5745,68.4655,35.879,1,1.0,279.94,Healthy,Normal,0,2.161166666666667,2.1731887400775847,0.7008999999999999,59.179766666666666
2026-01-19 06:00:00,PUMP-020,West,Day,85,2.2134,56.4598,113.4677,69.7655,36.9752,0,1.0,213.5,Healthy,Normal,0,2.23935,2.243251095694223,0.39629999999999965,58.35486666666667
2026-01-19 12:00:00,PUMP-020,West,Day,85,2.3726,59.1065,117.2391,72.8854,38.517,0,1.0,238.3,Healthy,Normal,0,2.2933,2.2958038686554505,0.3327,58.41098333333333
2026-01-19 18:00:00,PUMP-020,West,Night,85,2.6104,63.1547,115.0761,69.9641,38.3086,1,1.0,179.9,Healthy,Normal,0,2.376283333333333,2.379629674620262,0.3969999999999998,59.419000000000004
2026-01-20 00:00:00,PUMP-020,West,Day,85,2.8712,60.1775,120.2589,71.464,37.8085,0,1.0,183.44,Healthy,Normal,0,2.469133333333333,2.4787279990618845,0.6577999999999999,60.05415
2026-01-20 06:00:00,PUMP-020,West,Night,85,2.5546,65.1046,116.8635,70.3745,35.5207,2,1.0,188.43,Warning,Normal,0,2.4873666666666665,2.4970493614130524,0.6577999999999999,61.10403333333333
2026-01-20 12:00:00,PUMP-020,West,Day,85,2.665,66.1737,108.4848,72.6358,37.4144,0,1.0,188.42,Healthy,Normal,0,2.5478666666666663,2.556513057532336,0.6577999999999999,61.696133333333336
2026-01-20 18:00:00,PUMP-020,West,Day,85,2.7349,62.5949,111.267,73.2343,38.9668,2,1.0,165.75,Warning,Normal,1,2.6347833333333335,2.63928944130802,0.49860000000000015,62.71865
2026-01-21 00:00:00,PUMP-020,West,Day,85,2.7732,65.1442,121.2696,74.4299,37.3445,1,1.0,159.89,Healthy,Normal,1,2.7015499999999997,2.7035932882616303,0.31659999999999977,63.72493333333333
2026-01-21 06:00:00,PUMP-020,West,Day,85,2.7324,66.3937,111.3736,70.6207,36.4634,1,1.0,143.26,Healthy,Normal,1,2.721883333333334,2.723610398288762,0.31659999999999977,64.26476666666667
2026-01-21 12:00:00,PUMP-020,West,Day,85,2.9904,63.9756,110.5619,78.1016,40.4246,2,1.0,184.62,Warning,Normal,0,2.74175,2.7449051085602214,0.43579999999999997,64.89778333333334
2026-01-21 18:00:00,PUMP-020,West,Day,85,3.0235,63.8328,109.2361,78.118,39.0111,1,1.0,199.49,Warning,Warning,0,2.8199,2.823195453736776,0.3584999999999998,64.68581666666667
2026-01-22 00:00:00,PUMP-020,West,Day,85,3.1621,66.5302,116.8452,75.7016,41.3823,0,1.0,129.62,Warning,Warning,1,2.9027500000000006,2.907440077628428,0.42969999999999997,64.74523333333333
2026-01-22 06:00:00,PUMP-020,West,Night,85,3.1633,63.8977,114.5433,71.8235,39.8837,3,1.0,178.78,Warning,Bearing Wear,0,2.97415,2.9789829279470537,0.43089999999999984,64.96236666666667
2026-01-22 12:00:00,PUMP-020,West,Day,85,3.2081,65.8617,113.1245,69.4095,38.133,2,1.0,82.59,Warning,Warning,1,3.0466333333333337,3.050882470149689,0.4756999999999998,65.08194999999999
2026-01-22 18:00:00,PUMP-020,West,Night,85,3.3681,67.4254,111.23,76.9395,40.0138,1,1.0,142.13,Warning,Warning,1,3.1525833333333337,3.1550327766390427,0.3776999999999999,65.25389999999999
2026-01-23 00:00:00,PUMP-020,West,Day,85,3.4153,67.6387,113.7873,74.4827,36.5597,1,1.0,155.63,Warning,Warning,1,3.2234,3.2261218426050395,0.3917999999999999,65.86441666666666
2026-01-23 06:00:00,PUMP-020,West,Day,85,3.5786,68.0797,113.3441,76.6776,39.3208,1,1.0,99.35,Warning,Bearing Wear,1,3.315916666666667,3.319437667487271,0.41649999999999965,66.57223333333333
2026-01-23 12:00:00,PUMP-020,West,Day,85,3.4376,69.3512,108.9954,74.9212,40.0135,1,1.0,104.73,Warning,Warning,1,3.3618333333333332,3.364773789325715,0.4152999999999998,67.0424
2026-01-23 18:00:00,PUMP-020,West,Night,85,3.3098,69.6647,112.8649,75.9775,42.1696,0,1.0,99.37,Warning,Warning,1,3.38625,3.3881785930398256,0.37049999999999983,68.00356666666666
2026-01-24 00:00:00,PUMP-020,West,Day,85,3.8029,72.2657,109.4902,77.0604,40.7325,3,1.0,71.16,Warning,Warning,1,3.4853833333333335,3.489237449405433,0.4931000000000001,69.0709
2026-01-24 06:00:00,PUMP-020,West,Day,85,3.5948,67.5598,111.5274,75.2552,39.4611,0,1.0,102.79,Warning,Seal Leak,1,3.5231666666666666,3.5267349701955206,0.4931000000000001,69.0933
2026-01-24 12:00:00,PUMP-020,West,Night,85,3.6461,70.8366,107.9785,73.4936,39.8164,3,1.0,77.44,Warning,Warning,1,3.5616333333333334,3.565036896022256,0.4931000000000001,69.62628333333333
2026-01-24 18:00:00,PUMP-020,West,Night,85,3.5781,71.7886,115.5519,70.8886,41.963,2,1.0,94.27,Warning,Bearing Wear,1,3.56155,3.564953250511616,0.4931000000000001,70.24443333333333
2026-01-25 00:00:00,PUMP-020,West,Day,85,4.0146,71.8298,115.7286,79.3134,40.9872,0,1.0,51.58,Warning,Bearing Wear,1,3.657716666666667,3.6640885512862087,0.7047999999999996,70.65753333333333
2026-01-25 06:00:00,PUMP-020,West,Day,85,3.6257,68.1791,105.7775,79.3821,41.8605,1,1.0,84.19,Warning,Warning,1,3.710366666666667,3.7135830388812727,0.43649999999999967,70.40993333333334
2026-01-25 12:00:00,PUMP-020,West,Night,85,4.1207,71.8807,105.7018,80.081,40.9433,1,1.0,70.69,Critical,Bearing Wear,1,3.763333333333333,3.769666519291417,0.5426000000000002,70.34576666666666
2026-01-25 18:00:00,PUMP-020,West,Day,85,4.1806,75.5953,103.8306,77.4575,40.4363,1,1.0,59.23,Critical,Bearing Wear,1,3.8609666666666667,3.8690468964160494,0.6025,71.68501666666667
2026-01-26 00:00:00,PUMP-020,West,Day,85,4.2354,69.6849,103.2038,76.8775,41.9011,0,1.0,70.55,Critical,Bearing Wear,1,3.9591833333333333,3.9678228973834,0.6573000000000002,71.49306666666666
2026-01-26 06:00:00,PUMP-020,West,Day,85,4.2805,72.9751,109.7772,79.79,41.2554,0,1.0,94.52,Critical,Seal Leak,1,4.07625,4.082107133781114,0.6547999999999998,71.69081666666666
2026-01-26 12:00:00,PUMP-020,West,Night,85,4.3051,71.1952,104.098,80.7897,43.2976,3,1.0,67.41,Critical,Bearing Wear,1,4.124666666666667,4.131151267302292,0.6794000000000002,71.58505000000001
2026-01-26 18:00:00,PUMP-020,West,Night,85,4.6037,72.2787,108.511,77.4853,40.8385,2,1.0,4.74,Critical,Bearing Wear,1,4.2876666666666665,4.2904315625975595,0.48299999999999965,72.26831666666666
2026-01-27 00:00:00,PUMP-020,West,Night,85,4.6476,76.2439,102.4601,77.3738,42.3461,1,1.0,52.8,Critical,Seal Leak,1,4.375483333333333,4.379247180928095,0.46699999999999964,72.99551666666666
2026-01-27 06:00:00,PUMP-020,West,Day,85,4.1664,70.6976,109.3968,76.2258,45.596,5,1.0,13.48,Critical,Seal Leak,1,4.373116666666667,4.376991124619742,0.4811999999999994,72.17923333333333
2026-01-27 12:00:00,PUMP-020,West,Day,85,4.4599,72.7927,104.1728,79.7681,42.2896,2,1.0,50.69,Critical,Bearing Wear,1,4.410533333333333,4.4140005037003185,0.4811999999999994,72.6972
2026-01-27 18:00:00,PUMP-020,West,Day,85,4.5145,79.1992,104.2255,77.3438,43.7842,2,1.0,5.41,Critical,Bearing Wear,1,4.449533333333334,4.452685195100443,0.4811999999999994,73.73455
2026-01-28 00:00:00,PUMP-020,West,Day,85,4.4053,77.7798,108.7374,79.4639,41.4585,3,1.0,0.0,Critical,Seal Leak,1,4.466233333333333,4.468989721029426,0.4811999999999994,74.83198333333333
2026-01-28 06:00:00,PUMP-020,West,Day,85,4.8106,78.806,105.2064,78.6775,44.1546,2,1.0,50.57,Critical,Seal Leak,1,4.5007166666666665,4.505164322382333,0.6441999999999997,75.91986666666666
2026-01-01 00:00:00,PUMP-021,North,Night,36,2.2865,61.198,110.8328,75.4181,37.2077,0,1.0,654.31,Healthy,Normal,0,2.2865,2.2865,0.0,61.198
2026-01-01 06:00:00,PUMP-021,North,Night,36,2.1568,63.946,98.104,68.0307,35.902,0,1.0,742.8,Healthy,Normal,0,2.2216500000000003,2.2225962847534864,0.12970000000000015,62.572
2026-01-01 12:00:00,PUMP-021,North,Night,36,1.8981,60.8152,104.4866,70.0954,36.4803,0,1.0,615.08,Healthy,Normal,0,2.1138,2.119956925663035,0.3884000000000003,61.9864
2026-01-01 18:00:00,PUMP-021,North,Night,36,1.8884,60.192,104.0273,69.5102,37.5588,0,1.0,627.7,Healthy,Normal,0,2.0574500000000002,2.0645039755350436,0.3981000000000001,61.5378
2026-01-02 00:00:00,PUMP-021,North,Night,36,2.2575,62.4632,105.562,71.6936,37.078,0,1.0,663.94,Healthy,Normal,0,2.0974600000000003,2.1045195608499343,0.3981000000000001,61.722879999999996
2026-01-02 06:00:00,PUMP-021,North,Day,36,1.8202,58.9229,108.9919,68.5349,33.8782,0,1.0,599.21,Healthy,Normal,0,2.05125,2.059860066040086,0.46630000000000016,61.25621666666667
2026-01-02 12:00:00,PUMP-021,North,Night,36,2.0692,62.2453,110.2205,70.2269,34.4529,0,1.0,638.57,Healthy,Normal,0,2.0150333333333332,2.021206213296077,0.4372999999999998,61.43076666666667
2026-01-02 18:00:00,PUMP-021,North,Day,36,2.0026,59.7089,108.2678,69.074,35.7829,1,1.0,618.45,Healthy,Normal,0,1.9893333333333334,1.9945871694831154,0.4372999999999998,60.72458333333333
2026-01-03 00:00:00,PUMP-021,North,Night,36,1.9391,59.9107,108.4664,72.4433,38.0618,0,1.0,648.45,Healthy,Normal,0,1.9961666666666666,2.0011493805644127,0.4372999999999998,60.57383333333333
2026-01-03 06:00:00,PUMP-021,North,Night,36,2.0984,62.408,110.5247,66.8714,35.1992,0,1.0,609.42,Healthy,Normal,0,2.0311666666666666,2.035715314903666,0.4372999999999998,60.94316666666666
2026-01-03 12:00:00,PUMP-021,North,Night,36,2.1386,64.5594,108.5819,66.5211,36.526,1,1.0,571.56,Healthy,Normal,0,2.01135,2.0142047549839615,0.3183999999999998,61.29253333333333
2026-01-03 18:00:00,PUMP-021,North,Night,36,1.7419,61.6331,101.1395,75.2074,36.1955,0,1.0,605.08,Healthy,Normal,0,1.9982999999999997,2.002632115492009,0.39669999999999983,61.744233333333334
2026-01-04 00:00:00,PUMP-021,North,Night,36,2.1554,59.7373,109.3314,71.0191,36.1035,0,1.0,591.59,Healthy,Normal,0,2.0126666666666666,2.01772862645104,0.4135000000000002,61.326233333333334
2026-01-04 06:00:00,PUMP-021,North,Night,36,2.0444,62.7895,107.9986,68.6928,38.9502,0,1.0,619.07,Healthy,Normal,0,2.019633333333333,2.024703165898646,0.4135000000000002,61.839666666666666
2026-01-04 12:00:00,PUMP-021,North,Night,36,1.8523,63.7363,110.4016,70.0679,36.7005,1,1.0,569.92,Healthy,Normal,0,2.0051666666666663,2.0111126248920024,0.4135000000000002,62.47726666666667
2026-01-04 18:00:00,PUMP-021,North,Day,36,1.8445,56.9391,107.9581,72.5139,36.8431,0,1.0,554.42,Healthy,Normal,0,1.9628500000000002,1.9691936433474488,0.4135000000000002,61.565783333333336
2026-01-05 00:00:00,PUMP-021,North,Night,36,2.1553,62.5661,106.9376,64.6789,37.3694,1,1.0,580.51,Healthy,Normal,0,1.9656333333333331,1.9722258896992506,0.4135000000000002,61.23356666666666
2026-01-05 06:00:00,PUMP-021,North,Day,36,1.7624,61.5907,107.8741,71.0347,34.3919,0,1.0,575.3,Healthy,Normal,0,1.96905,1.9752589665661564,0.39300000000000024,61.226499999999994
2026-01-05 12:00:00,PUMP-021,North,Day,36,1.9681,59.8617,111.256,70.2331,33.6924,0,1.0,544.55,Healthy,Normal,0,1.9378333333333335,1.9424021365309503,0.3929,61.24723333333333
2026-01-05 18:00:00,PUMP-021,North,Night,36,2.0801,64.4593,108.7993,71.4198,36.5197,0,1.0,584.0,Healthy,Normal,0,1.9437833333333334,1.9487090175292976,0.3929,61.52553333333333
2026-01-06 00:00:00,PUMP-021,North,Day,36,2.057,62.7027,104.2329,72.5243,35.5667,0,1.0,515.57,Healthy,Normal,0,1.9779,1.9826343888876738,0.3929,61.35326666666666
2026-01-06 06:00:00,PUMP-021,North,Night,36,2.2193,63.8267,107.2555,71.0565,39.3935,0,1.0,528.28,Healthy,Normal,0,2.040366666666667,2.0456517689968643,0.4569000000000001,62.50119999999999
2026-01-06 12:00:00,PUMP-021,North,Night,36,1.9199,62.808,104.7053,66.1481,35.5971,0,1.0,520.1,Healthy,Normal,0,2.001133333333333,2.0061922839050097,0.4569000000000001,62.541516666666666
2026-01-06 18:00:00,PUMP-021,North,Night,36,2.0177,60.266,110.2671,72.1503,35.4463,0,1.0,484.95,Healthy,Normal,0,2.043683333333333,2.0458862957163575,0.2994000000000001,62.32073333333333
2026-01-07 00:00:00,PUMP-021,North,Day,36,1.8361,64.2959,108.3754,68.5728,34.5976,0,1.0,497.48,Healthy,Normal,0,2.0216833333333333,2.0253291917611813,0.3832,63.05976666666667
2026-01-07 06:00:00,PUMP-021,North,Day,36,1.813,63.8363,107.3043,68.2023,34.1712,0,1.0,540.45,Healthy,Normal,0,1.977166666666667,1.9820823645852863,0.4063000000000001,62.95593333333334
2026-01-07 12:00:00,PUMP-021,North,Day,36,1.8878,61.4806,114.2748,67.0048,35.808,1,1.0,445.28,Healthy,Normal,0,1.9489666666666665,1.9538186046816117,0.4063000000000001,62.752250000000004
2026-01-07 18:00:00,PUMP-021,North,Day,36,2.0438,64.0555,108.0814,68.8771,35.8384,0,1.0,499.58,Healthy,Normal,0,1.9197166666666667,1.9216429077744908,0.23080000000000012,62.79038333333333
2026-01-08 00:00:00,PUMP-021,North,Night,36,2.2028,62.8286,116.581,65.033,34.2961,1,1.0,494.63,Healthy,Normal,0,1.9668666666666665,1.9715721569346631,0.3897999999999999,62.79381666666668
2026-01-08 06:00:00,PUMP-021,North,Night,36,1.8546,59.605,103.0586,74.5973,35.5077,0,1.0,488.23,Healthy,Normal,0,1.9396833333333332,1.944693998636632,0.3897999999999999,62.68365
2026-01-08 12:00:00,PUMP-021,North,Night,36,1.7474,61.2016,109.2897,73.2629,37.3264,0,1.0,456.28,Healthy,Normal,0,1.9249,1.9310252907026704,0.4553999999999998,62.16793333333334
2026-01-08 18:00:00,PUMP-021,North,Night,36,1.7863,62.0885,110.1359,70.1082,36.6723,0,1.0,426.17,Healthy,Normal,0,1.92045,1.9268735787106879,0.4553999999999998,61.87663333333333
2026-01-09 00:00:00,PUMP-021,North,Night,36,2.0028,62.4209,110.3902,68.3707,37.6369,0,1.0,496.47,Healthy,Normal,0,1.9396166666666668,1.9461273395301415,0.4553999999999998,62.03334999999999
2026-01-09 06:00:00,PUMP-021,North,Day,36,1.8312,58.779,114.5574,72.4125,38.5576,0,1.0,470.45,Healthy,Normal,0,1.9041833333333333,1.9105254395061062,0.4553999999999998,61.15393333333333
2026-01-09 12:00:00,PUMP-021,North,Day,36,1.3268,60.9215,114.432,68.0959,35.7061,1,1.0,425.13,Healthy,Normal,0,1.7581833333333332,1.7705326472561866,0.6760000000000002,60.836083333333335
2026-01-09 18:00:00,PUMP-021,North,Day,36,1.5662,64.3286,110.7147,69.4034,38.3899,0,1.0,427.65,Healthy,Normal,0,1.7101166666666667,1.7234730638065296,0.6760000000000002,61.623349999999995
2026-01-10 00:00:00,PUMP-021,North,Night,36,2.0079,57.4638,107.1371,71.6946,35.9113,2,1.0,424.22,Warning,Normal,0,1.7535333333333334,1.770141805054047,0.6810999999999998,61.00038333333334
2026-01-10 06:00:00,PUMP-021,North,Day,36,1.8185,62.8337,105.0686,71.8099,35.2925,0,1.0,421.04,Healthy,Normal,0,1.7588999999999997,1.7755978626930142,0.6810999999999998,61.124583333333334
2026-01-10 12:00:00,PUMP-021,North,Night,36,1.7391,63.6348,108.4664,66.6555,37.1979,0,1.0,465.67,Healthy,Normal,0,1.71495,1.7286674824847026,0.6810999999999998,61.3269
2026-01-10 18:00:00,PUMP-021,North,Night,36,2.0614,60.2128,103.5978,71.4706,37.1281,0,1.0,404.1,Healthy,Normal,0,1.7533166666666666,1.7713377294199621,0.7345999999999999,61.565866666666665
2026-01-11 00:00:00,PUMP-021,North,Night,36,2.1412,63.9046,109.2065,68.9794,35.9218,0,1.0,450.18,Healthy,Normal,0,1.8890500000000001,1.8995685172340233,0.575,62.06305
2026-01-11 06:00:00,PUMP-021,North,Night,36,1.6418,62.184,108.3746,68.4988,37.1487,1,1.0,395.27,Healthy,Normal,0,1.90165,1.9101783559831962,0.49940000000000007,61.705616666666664
2026-01-11 12:00:00,PUMP-021,North,Day,36,1.6655,62.0704,105.2719,69.5461,36.2014,0,1.0,400.38,Healthy,Normal,0,1.8445833333333335,1.8544952570263784,0.49940000000000007,62.473383333333324
2026-01-11 18:00:00,PUMP-021,North,Night,36,1.7046,62.4596,110.0595,71.5845,34.9927,0,1.0,433.61,Healthy,Normal,0,1.8256,1.8363748192203757,0.49940000000000007,62.411033333333336
2026-01-12 00:00:00,PUMP-021,North,Night,36,1.8492,59.4884,107.0291,70.5094,33.4439,1,1.0,437.96,Healthy,Normal,0,1.8439499999999998,1.854216217615051,0.49940000000000007,61.71996666666667
2026-01-12 06:00:00,PUMP-021,North,Night,36,1.937,61.9872,108.9111,71.3904,37.3694,0,1.0,358.56,Healthy,Normal,0,1.8232166666666665,1.8317253128312299,0.49940000000000007,62.0157
2026-01-12 12:00:00,PUMP-021,North,Day,36,1.7968,61.439,96.9057,67.1388,36.7264,0,1.0,366.51,Critical,Normal,1,1.7658166666666666,1.7689478289838474,0.29520000000000013,61.60476666666667
2026-01-12 18:00:00,PUMP-021,North,Night,36,2.2454,63.57,106.6578,75.0189,34.4654,0,1.0,388.11,Healthy,Normal,0,1.8664166666666666,1.876227262798051,0.5799000000000001,61.83576666666667
2026-01-13 00:00:00,PUMP-021,North,Night,36,1.8331,63.1973,107.9533,69.9809,36.0823,1,1.0,381.25,Healthy,Normal,0,1.89435,1.9020926112223524,0.5408000000000002,62.023583333333335
2026-01-13 06:00:00,PUMP-021,North,Day,36,1.767,64.1801,107.8076,66.959,34.8897,0,1.0,329.22,Healthy,Normal,0,1.90475,1.9115598190134324,0.47840000000000016,62.310333333333325
2026-01-13 12:00:00,PUMP-021,North,Night,36,1.6175,62.313,109.4569,70.0587,35.202,0,1.0,375.35,Healthy,Normal,0,1.8661333333333332,1.876216550223703,0.6279000000000001,62.7811
2026-01-13 18:00:00,PUMP-021,North,Day,36,2.0546,63.2409,107.0499,70.81,36.5456,1,1.0,333.97,Healthy,Normal,0,1.8857333333333333,1.8969512126919168,0.6279000000000001,62.990050000000004
2026-01-14 00:00:00,PUMP-021,North,Day,36,1.7306,64.1416,110.4238,68.0921,36.6354,0,1.0,398.3,Healthy,Normal,0,1.8747,1.8866650267955183,0.6279000000000001,63.44048333333333
2026-01-14 06:00:00,PUMP-021,North,Night,36,2.2688,60.1004,109.3816,65.5737,33.5274,0,1.0,330.2,Healthy,Normal,0,1.8785999999999998,1.8913250126124102,0.6513000000000002,62.86221666666666
2026-01-14 12:00:00,PUMP-021,North,Day,36,2.0936,61.8008,106.7341,66.9931,35.4615,0,1.0,317.93,Healthy,Normal,0,1.9220166666666667,1.9358704833571212,0.6513000000000002,62.62946666666667
2026-01-14 18:00:00,PUMP-021,North,Day,36,1.9072,63.9502,108.3466,73.1448,34.9827,0,1.0,341.54,Healthy,Normal,0,1.9453833333333332,1.9579193893007956,0.6513000000000002,62.591150000000006
2026-01-15 00:00:00,PUMP-021,North,Day,36,1.6261,61.0735,101.3808,71.3671,37.7455,1,1.0,303.85,Healthy,Normal,0,1.9468166666666669,1.9591063000766447,0.6427,62.38456666666667
2026-01-15 06:00:00,PUMP-021,North,Night,36,2.0093,62.9827,105.7152,69.5396,36.0983,1,1.0,347.64,Healthy,Normal,0,1.9392666666666667,1.9512598622428534,0.6427,62.34153333333333
2026-01-15 12:00:00,PUMP-021,North,Day,36,1.9718,61.6695,118.029,67.8845,36.6229,1,1.0,296.28,Healthy,Normal,0,1.979466666666667,1.9890328127006853,0.6427,61.92951666666667
2026-01-15 18:00:00,PUMP-021,North,Night,36,1.9087,64.7539,112.695,68.0399,36.4502,0,1.0,269.48,Healthy,Normal,0,1.91945,1.9249758193286481,0.4674999999999998,62.70510000000001
2026-01-16 00:00:00,PUMP-021,North,Night,36,2.1415,61.5639,101.3931,76.0659,36.1835,0,1.0,272.5,Healthy,Normal,0,1.9274333333333333,1.9337378622760635,0.5154000000000001,62.665616666666665
2026-01-16 06:00:00,PUMP-021,North,Day,36,1.7723,61.4741,108.9326,67.4448,35.0331,0,1.0,297.17,Healthy,Normal,0,1.9049500000000001,1.9122276786512635,0.5154000000000001,62.25293333333334
2026-01-16 12:00:00,PUMP-021,North,Day,36,1.7274,63.5838,100.9624,70.5857,39.4471,1,1.0,256.41,Healthy,Normal,0,1.9218333333333335,1.9269750785449546,0.41410000000000013,62.67131666666668
2026-01-16 18:00:00,PUMP-021,North,Day,36,1.7861,63.3173,114.5145,67.0933,36.8073,0,1.0,279.52,Healthy,Normal,0,1.8846333333333334,1.8899852045276262,0.41410000000000013,62.72708333333333
2026-01-17 00:00:00,PUMP-021,North,Day,36,1.8505,62.2207,112.1026,71.096,35.751,0,1.0,287.34,Healthy,Normal,0,1.8644166666666668,1.8694303700147095,0.41410000000000013,62.81895
2026-01-17 06:00:00,PUMP-021,North,Night,36,1.7717,63.4633,109.6238,72.6301,35.1057,0,1.0,242.73,Healthy,Normal,0,1.8415833333333333,1.8468172915405934,0.41410000000000013,62.60385
2026-01-17 12:00:00,PUMP-021,North,Day,36,1.8345,63.3325,110.1013,67.3117,38.1052,0,1.0,223.2,Healthy,Normal,0,1.7904166666666665,1.790892359039668,0.12309999999999999,62.89861666666667
2026-01-17 18:00:00,PUMP-021,North,Day,36,1.9903,62.163,100.2537,71.9139,33.6398,0,1.0,231.5,Healthy,Normal,0,1.8267499999999999,1.8286615984557302,0.2628999999999999,63.01343333333333
2026-01-18 00:00:00,PUMP-021,North,Day,36,1.8327,64.36,106.1107,69.6684,38.285,0,1.0,263.03,Healthy,Normal,0,1.8442999999999998,1.845666003551744,0.2185999999999999,63.1428
2026-01-18 06:00:00,PUMP-021,North,Night,36,1.9259,66.6452,105.8727,72.8114,37.8881,0,1.0,257.5,Healthy,Normal,0,1.8676000000000001,1.868949597144521,0.2185999999999999,63.69745
2026-01-18 12:00:00,PUMP-021,North,Night,36,2.3381,62.0962,101.9661,74.4137,35.8045,0,1.0,244.85,Healthy,Normal,0,1.9488666666666665,1.9578984030502364,0.5663999999999998,63.676700000000004
2026-01-18 18:00:00,PUMP-021,North,Day,36,2.4396,64.0327,104.6577,70.5797,36.2952,0,1.0,245.99,Healthy,Normal,0,2.0601833333333333,2.074163454262947,0.6069,63.7716
2026-01-19 00:00:00,PUMP-021,North,Day,36,2.3724,63.9869,109.1207,67.7495,39.0926,0,1.0,174.33,Healthy,Normal,0,2.1498333333333335,2.1631695772638815,0.6069,63.88066666666666
2026-01-19 06:00:00,PUMP-021,North,Night,36,2.4752,67.4625,102.9783,70.6905,37.2434,1,1.0,245.09,Healthy,Normal,0,2.23065,2.245036624422862,0.6425000000000001,64.76391666666666
2026-01-19 12:00:00,PUMP-021,North,Day,36,2.4979,64.1872,107.2891,74.9473,39.1806,0,1.0,218.17,Healthy,Normal,0,2.3415166666666667,2.34953370515655,0.5720000000000001,64.73511666666666
2026-01-19 18:00:00,PUMP-021,North,Day,36,2.4337,67.5676,111.5699,73.9211,36.2707,0,1.0,217.14,Healthy,Normal,0,2.42615,2.426783078824036,0.15980000000000016,64.88885
2026-01-20 00:00:00,PUMP-021,North,Night,36,2.6633,70.3779,105.7307,71.4469,36.2467,0,1.0,204.15,Healthy,Normal,0,2.48035,2.48200563892725,0.29090000000000016,66.26913333333333
2026-01-20 06:00:00,PUMP-021,North,Night,36,2.6494,65.035,102.2767,72.4142,36.7328,0,1.0,215.86,Healthy,Normal,0,2.5153166666666666,2.5175975370049386,0.29090000000000016,66.43618333333333
2026-01-20 12:00:00,PUMP-021,North,Night,36,2.5262,66.3806,100.2325,73.9491,38.4478,0,1.0,146.72,Healthy,Normal,1,2.54095,2.542413185341832,0.22960000000000003,66.83513333333333
2026-01-20 18:00:00,PUMP-021,North,Night,36,2.8508,69.0044,104.7776,72.9155,38.2923,0,1.0,165.87,Healthy,Normal,1,2.60355,2.607157917158069,0.4171,67.09211666666667
2026-01-21 00:00:00,PUMP-021,North,Day,36,3.003,69.6333,100.4889,75.8674,34.915,2,1.0,169.74,Warning,Normal,0,2.6877333333333335,2.694504871647727,0.5693000000000001,67.99980000000001
2026-01-21 06:00:00,PUMP-021,North,Day,36,2.7451,64.5463,101.2085,72.6959,35.7978,0,1.0,199.82,Healthy,Warning,0,2.7396333333333334,2.743927153430523,0.47680000000000033,67.49624999999999
2026-01-21 12:00:00,PUMP-021,North,Night,36,3.3095,68.4774,103.5806,72.9099,36.5608,1,1.0,153.55,Warning,Bearing Wear,1,2.8473333333333333,2.858742168040576,0.7833000000000001,67.1795
2026-01-21 18:00:00,PUMP-021,North,Day,36,3.0448,70.0078,104.7119,72.9695,36.6419,1,1.0,128.6,Warning,Warning,1,2.913233333333334,2.923637214726433,0.7833000000000001,68.0083
2026-01-22 00:00:00,PUMP-021,North,Day,36,3.0661,68.6004,98.9976,73.5748,37.8781,1,1.0,130.98,Warning,Bearing Wear,1,3.003216666666667,3.008466113874865,0.5644,68.37826666666666
2026-01-22 06:00:00,PUMP-021,North,Night,36,2.9947,74.6879,99.3067,78.6088,42.1325,1,1.0,156.81,Healthy,Warning,1,3.0272,3.0316765878525587,0.5644,69.32551666666667
2026-01-22 12:00:00,PUMP-021,North,Day,36,2.934,71.423,97.2221,74.6073,41.3695,1,1.0,131.01,Critical,Bearing Wear,1,3.0157000000000003,3.020395244555476,0.5644,69.6238
2026-01-22 18:00:00,PUMP-021,North,Day,36,3.1002,72.3579,101.7143,75.6309,39.6283,0,1.0,102.29,Warning,Warning,1,3.0748833333333336,3.077130444369667,0.3754999999999997,70.92573333333334
2026-01-23 00:00:00,PUMP-021,North,Day,36,3.2197,72.3772,97.7181,77.0212,41.7629,1,1.0,142.44,Critical,Warning,1,3.0599166666666666,3.061210775439461,0.28569999999999984,71.5757
2026-01-23 06:00:00,PUMP-021,North,Night,36,3.5507,72.493,99.3172,75.2259,39.2857,1,1.0,61.74,Warning,Seal Leak,1,3.1442333333333337,3.1507335632621603,0.6166999999999998,71.98989999999999
2026-01-23 12:00:00,PUMP-021,North,Night,36,3.4925,73.3523,105.8091,72.768,39.9108,0,1.0,106.59,Warning,Bearing Wear,1,3.2153000000000005,3.2238517066804837,0.6166999999999998,72.78188333333333
2026-01-23 18:00:00,PUMP-021,North,Night,36,3.7748,71.4445,97.5983,75.475,42.5652,2,1.0,87.9,Critical,Bearing Wear,1,3.3453166666666667,3.3575836030792545,0.8407999999999998,72.24131666666666
2026-01-24 00:00:00,PUMP-021,North,Night,36,3.7158,72.1622,104.5516,75.1444,40.1586,1,1.0,100.31,Warning,Bearing Wear,1,3.475616666666667,3.484226828389143,0.6745999999999999,72.36451666666666
2026-01-24 06:00:00,PUMP-021,North,Night,36,4.0565,73.3845,99.9916,75.612,40.1786,1,1.0,138.5,Warning,Bearing Wear,1,3.6350000000000002,3.6442413879068623,0.8367999999999998,72.53561666666667
2026-01-24 12:00:00,PUMP-021,North,Day,36,3.6694,73.7576,96.4673,77.8123,41.5797,0,1.0,84.13,Critical,Warning,1,3.7099500000000005,3.7144088814148253,0.5639999999999996,72.76568333333333
2026-01-24 18:00:00,PUMP-021,North,Day,36,3.3189,78.106,98.3967,81.0242,39.7829,1,1.0,81.3,Warning,Bearing Wear,1,3.6713166666666672,3.678510267984401,0.7375999999999996,73.70118333333333
2026-01-25 00:00:00,PUMP-021,North,Night,36,3.7146,72.1759,98.0727,73.25,39.2389,1,1.0,36.29,Warning,Warning,1,3.708333333333334,3.7145956186373774,0.7375999999999996,73.50511666666667
2026-01-25 06:00:00,PUMP-021,North,Day,36,3.9175,75.8241,105.7187,73.3574,40.7548,5,1.0,64.56,Critical,Warning,1,3.7321166666666663,3.7391401611867936,0.7375999999999996,74.23505
2026-01-25 12:00:00,PUMP-021,North,Day,36,4.139,75.4975,98.2509,74.9059,40.1493,0,1.0,91.49,Critical,Bearing Wear,1,3.8026500000000003,3.8125049995595637,0.8201,74.79093333333334
2026-01-25 18:00:00,PUMP-021,North,Day,36,4.1358,73.0235,99.1951,76.6665,40.8268,2,1.0,69.07,Critical,Misalignment,1,3.8158666666666665,3.8266786212066464,0.8201,74.73076666666667
2026-01-26 00:00:00,PUMP-021,North,Day,36,4.1221,74.1305,95.2058,83.1665,42.4767,2,1.0,40.9,Critical,Bearing Wear,1,3.8913166666666665,3.9027346751989174,0.8201,74.79291666666667
2026-01-26 06:00:00,PUMP-021,North,Night,36,4.1645,83.3622,93.5753,78.095,40.8882,3,1.0,18.68,Critical,Bearing Wear,1,4.03225,4.035591462433564,0.4499000000000004,75.66895
2026-01-26 12:00:00,PUMP-021,North,Day,36,4.0451,80.7334,94.6782,78.0519,43.7444,1,1.0,53.37,Critical,Bearing Wear,1,4.087333333333333,4.088206036066839,0.24700000000000033,77.09519999999999
2026-01-26 18:00:00,PUMP-021,North,Day,36,4.3208,77.6267,98.991,77.4789,43.2825,0,1.0,0.0,Critical,Misalignment,1,4.1545499999999995,4.155379604600924,0.2757000000000005,77.39563333333334
2026-01-27 00:00:00,PUMP-021,North,Night,36,4.5765,80.8767,92.6128,75.4884,44.3466,1,1.0,40.04,Critical,Bearing Wear,1,4.2274666666666665,4.231156445543779,0.5314000000000005,78.29216666666666
2026-01-27 06:00:00,PUMP-021,North,Night,36,4.4276,79.1292,92.124,82.677,43.2683,5,1.0,26.56,Critical,Seal Leak,1,4.2761,4.280087797386093,0.5314000000000005,79.30978333333333
2026-01-27 12:00:00,PUMP-021,North,Night,36,4.4846,78.1851,88.798,75.1458,40.1929,2,1.0,45.82,Critical,Seal Leak,1,4.336516666666667,4.340407777886006,0.5314000000000005,79.98555
2026-01-27 18:00:00,PUMP-021,North,Day,36,4.4234,79.1037,90.8055,78.842,45.2641,1,1.0,5.07,Critical,Seal Leak,1,4.379666666666666,4.382888039105418,0.5314000000000005,79.2758
2026-01-28 00:00:00,PUMP-021,North,Day,36,4.3348,81.0507,103.4754,77.289,47.2586,3,1.0,0.17,Critical,Bearing Wear,1,4.42795,4.42880537711168,0.25570000000000004,79.32868333333333
2026-01-28 06:00:00,PUMP-021,North,Night,36,4.7141,80.3228,93.6764,82.8793,41.7542,1,1.0,17.98,Critical,Misalignment,1,4.4935,4.495170159552732,0.37929999999999975,79.77803333333334
2026-01-01 00:00:00,PUMP-022,South,Day,69,0.9005,66.1487,118.6996,70.0452,39.0733,0,1.0,617.54,Healthy,Normal,0,0.9005,0.9005,0.0,66.1487
2026-01-01 06:00:00,PUMP-022,South,Night,69,1.0793,63.8923,118.5249,72.8742,33.7169,2,1.0,663.76,Warning,Normal,0,0.9899,0.9939287549920265,0.17879999999999996,65.0205
2026-01-01 12:00:00,PUMP-022,South,Day,69,1.0688,62.1463,113.2782,68.2551,35.6627,0,1.0,666.21,Healthy,Normal,0,1.0162,1.0194969641936165,0.17879999999999996,64.06243333333333
2026-01-01 18:00:00,PUMP-022,South,Night,69,1.6514,61.8806,118.2206,65.9544,37.9007,1,1.0,652.44,Healthy,Normal,0,1.175,1.2088469857678432,0.7509,63.516975
2026-01-02 00:00:00,PUMP-022,South,Day,69,0.6768,61.1901,116.604,69.6996,39.5074,0,1.0,612.23,Healthy,Normal,0,1.07536,1.1227913768817428,0.9746,63.05159999999999
2026-01-02 06:00:00,PUMP-022,South,Day,69,1.3291,61.4607,112.4086,71.7145,38.303,1,1.0,567.79,Healthy,Normal,0,1.11765,1.159727639721212,0.9746,62.78645
2026-01-02 12:00:00,PUMP-022,South,Night,69,1.1003,62.8735,121.9655,69.4278,38.108,0,1.0,615.98,Healthy,Normal,0,1.15095,1.188105566998713,0.9746,62.240583333333326
2026-01-02 18:00:00,PUMP-022,South,Night,69,1.3271,63.164,111.242,68.9843,34.2735,1,1.0,627.77,Healthy,Normal,0,1.1922499999999998,1.229218922053079,0.9746,62.1192
2026-01-03 00:00:00,PUMP-022,South,Day,69,1.3905,64.5157,119.0498,67.0844,35.8626,1,1.0,596.46,Healthy,Normal,0,1.2458666666666667,1.2817326658342865,0.9746,62.514100000000006
2026-01-03 06:00:00,PUMP-022,South,Night,69,1.3835,65.0468,117.9679,69.4628,37.2231,0,1.0,618.58,Healthy,Normal,0,1.2012166666666666,1.2277338236224766,0.7137000000000001,63.0418
2026-01-03 12:00:00,PUMP-022,South,Night,69,1.2454,59.1661,118.6171,67.0226,36.4595,0,1.0,617.27,Healthy,Normal,0,1.2959833333333333,1.2998041499908104,0.2902,62.70446666666667
2026-01-03 18:00:00,PUMP-022,South,Night,69,1.5147,61.8213,113.1628,70.838,35.6962,0,1.0,618.29,Healthy,Normal,0,1.3269166666666667,1.3332138019337583,0.4143999999999999,62.76456666666667
2026-01-04 00:00:00,PUMP-022,South,Night,69,1.7429,62.3509,117.705,66.1796,34.8058,0,1.0,595.92,Healthy,Normal,0,1.4340166666666667,1.4429018544816783,0.49749999999999983,62.67746666666667
2026-01-04 06:00:00,PUMP-022,South,Night,69,1.3749,60.4091,120.6878,67.1418,34.9291,0,1.0,544.39,Healthy,Normal,0,1.4419833333333336,1.4503419234787363,0.49749999999999983,62.218316666666674
2026-01-04 12:00:00,PUMP-022,South,Night,69,1.325,63.0624,119.3992,72.7233,35.4343,0,1.0,544.07,Healthy,Normal,0,1.4310666666666665,1.4400859303064755,0.49749999999999983,61.9761
2026-01-04 18:00:00,PUMP-022,South,Night,69,1.3887,63.065,115.3242,66.6443,35.6109,0,1.0,544.61,Healthy,Normal,0,1.4319333333333333,1.44091986591899,0.49749999999999983,61.6458
2026-01-05 00:00:00,PUMP-022,South,Night,69,1.406,60.1641,116.3776,74.588,37.3938,0,1.0,554.62,Healthy,Normal,0,1.4587,1.465339278119576,0.41789999999999994,61.81213333333333
2026-01-05 06:00:00,PUMP-022,South,Day,69,0.8927,63.4964,,69.2512,35.9949,1,1.0,514.22,Healthy,Normal,0,1.3550333333333333,1.3775529269928857,0.8501999999999998,62.091316666666664
2026-01-05 12:00:00,PUMP-022,South,Night,69,1.1318,66.2401,119.261,67.8334,36.0458,2,1.0,544.4,Warning,Normal,0,1.2531833333333333,1.2668322192250507,0.5132999999999999,62.73951666666667
2026-01-05 18:00:00,PUMP-022,South,Day,69,1.1598,60.8278,120.1599,67.9115,36.4085,1,1.0,574.37,Healthy,Normal,0,1.2173333333333334,1.2304449913208906,0.5132999999999999,62.8093
2026-01-06 00:00:00,PUMP-022,South,Day,69,1.2409,63.3302,110.6527,69.6121,34.9492,0,1.0,546.42,Healthy,Normal,0,1.2033166666666666,1.2157423705977621,0.5132999999999999,62.85393333333332
2026-01-06 06:00:00,PUMP-022,South,Night,69,1.1643,65.886,112.4119,69.0806,36.1506,0,1.0,552.33,Healthy,Normal,0,1.1659166666666667,1.17581772042552,0.5132999999999999,63.324099999999994
2026-01-06 12:00:00,PUMP-022,South,Night,69,1.1739,61.0547,123.078,75.2088,35.9289,1,1.0,551.55,Healthy,Normal,0,1.1272333333333333,1.1325847341369208,0.34819999999999984,63.47253333333333
2026-01-06 18:00:00,PUMP-022,South,Night,69,1.1852,61.8807,115.7557,66.9789,35.0172,0,1.0,522.81,Healthy,Normal,0,1.1759833333333332,1.1764547611361857,0.10909999999999997,63.20325
2026-01-07 00:00:00,PUMP-022,South,Day,69,0.8066,64.3796,114.5649,72.5851,36.216,0,1.0,556.27,Healthy,Normal,0,1.1217833333333334,1.1309219800675907,0.4342999999999999,62.89316666666665
2026-01-07 06:00:00,PUMP-022,South,Day,69,1.353,64.2271,123.5805,70.5154,37.8934,0,1.0,492.3,Healthy,Normal,0,1.1539833333333334,1.1661460821869618,0.5464,63.45971666666666
2026-01-07 12:00:00,PUMP-022,South,Night,69,1.2077,62.9562,112.4701,70.7577,35.5633,0,1.0,514.98,Healthy,Normal,0,1.1484500000000002,1.1603222677342704,0.5464,63.39738333333333
2026-01-07 18:00:00,PUMP-022,South,Day,69,1.3619,63.187,122.2436,71.1963,35.2245,0,1.0,506.35,Healthy,Normal,0,1.1813833333333332,1.1956353757173075,0.5553000000000001,62.94755
2026-01-08 00:00:00,PUMP-022,South,Night,69,1.3092,61.6502,117.0637,71.0607,34.591,0,1.0,529.89,Healthy,Normal,0,1.2039333333333333,1.2188264259797892,0.5553000000000001,63.0468
2026-01-08 06:00:00,PUMP-022,South,Day,69,1.3033,65.6063,113.013,72.6069,37.3101,0,1.0,495.04,Healthy,Normal,0,1.2236166666666666,1.2387573740110154,0.5553000000000001,63.66773333333333
2026-01-08 12:00:00,PUMP-022,South,Night,69,1.0561,61.4294,112.5119,73.6702,33.8971,0,1.0,469.54,Healthy,Normal,0,1.2652,1.2696366041772216,0.30580000000000007,63.17603333333334
2026-01-08 18:00:00,PUMP-022,South,Night,69,1.3785,64.4851,115.4274,70.2014,35.589,0,1.0,423.6,Healthy,Normal,0,1.2694500000000002,1.274200134071044,0.3224,63.219033333333336
2026-01-09 00:00:00,PUMP-022,South,Day,69,0.8428,63.698,120.8861,74.501,37.033,1,1.0,432.85,Healthy,Normal,0,1.2086333333333334,1.2242881224069222,0.5357000000000001,63.342666666666666
2026-01-09 06:00:00,PUMP-022,South,Day,69,0.9776,62.6585,118.1129,69.7704,35.9467,0,1.0,480.16,Healthy,Normal,0,1.1445833333333333,1.161480276055804,0.5357000000000001,63.25458333333333
2026-01-09 12:00:00,PUMP-022,South,Day,69,1.2654,61.13,113.157,66.087,36.6798,0,1.0,475.82,Healthy,Normal,0,1.1372833333333332,1.1533611106963277,0.5357000000000001,63.16788333333333
2026-01-09 18:00:00,PUMP-022,South,Day,69,1.2863,62.3609,114.4634,67.7827,35.666,0,1.0,457.92,Healthy,Normal,0,1.13445,1.1501759220513472,0.5357000000000001,62.62698333333333
2026-01-10 00:00:00,PUMP-022,South,Night,69,1.2879,64.6636,117.1777,70.1574,35.5441,0,1.0,466.15,Healthy,Normal,0,1.1730833333333335,1.188890737200017,0.5357000000000001,63.16601666666666
2026-01-10 06:00:00,PUMP-022,South,Day,69,1.421,63.506,117.3297,70.6798,36.4753,0,1.0,445.81,Healthy,Normal,0,1.1801666666666666,1.1972013100003969,0.5782,63.002833333333335
2026-01-10 12:00:00,PUMP-022,South,Day,69,1.6604,64.51,117.6371,73.1418,37.7356,1,1.0,432.39,Healthy,Normal,0,1.3164333333333333,1.3320636984268683,0.6828000000000001,63.13816666666667
2026-01-10 18:00:00,PUMP-022,South,Day,69,1.1681,62.4962,115.3719,72.4126,33.9793,2,1.0,418.39,Warning,Normal,0,1.3481833333333333,1.357394442182031,0.4923000000000002,63.11111666666667
2026-01-11 00:00:00,PUMP-022,South,Night,69,1.242,64.8048,121.9073,69.8408,36.3506,0,1.0,404.95,Healthy,Normal,0,1.3442833333333333,1.3537875799646955,0.4923000000000002,63.72358333333333
2026-01-11 06:00:00,PUMP-022,South,Day,69,1.5316,64.7256,112.7166,68.1853,36.5897,0,1.0,400.93,Healthy,Normal,0,1.3851666666666667,1.3956883451066955,0.4923000000000002,64.1177
2026-01-11 12:00:00,PUMP-022,South,Day,69,1.4829,62.6886,125.7467,71.3862,34.1108,0,1.0,381.63,Healthy,Normal,0,1.4176666666666666,1.4275843080766428,0.4923000000000002,63.78853333333333
2026-01-11 18:00:00,PUMP-022,South,Night,69,1.4148,60.6413,110.537,69.904,37.9303,0,1.0,360.98,Healthy,Normal,0,1.4166333333333334,1.4265576153804653,0.4923000000000002,63.311083333333336
2026-01-12 00:00:00,PUMP-022,South,Day,69,1.2121,64.8044,122.5141,69.8156,35.7007,0,1.0,453.89,Healthy,Normal,0,1.3419166666666664,1.3492379349099255,0.36350000000000016,63.360150000000004
2026-01-12 06:00:00,PUMP-022,South,Night,69,1.4281,63.0417,118.2736,69.9,33.2042,1,1.0,404.83,Healthy,Normal,0,1.38525,1.3903039254062401,0.3195000000000001,63.45106666666667
2026-01-12 12:00:00,PUMP-022,South,Night,69,1.4746,63.2731,119.8025,67.3435,35.8867,0,1.0,400.25,Healthy,Normal,0,1.4240166666666667,1.4276759196913937,0.3195000000000001,63.19578333333334
2026-01-12 18:00:00,PUMP-022,South,Night,69,1.3125,62.9653,119.364,66.8302,32.4309,0,1.0,403.99,Healthy,Normal,0,1.3875000000000002,1.3908276241145054,0.27080000000000015,62.9024
2026-01-13 00:00:00,PUMP-022,South,Night,69,0.9054,64.6228,118.294,70.7134,36.4248,2,1.0,389.97,Warning,Normal,0,1.29125,1.3055755837943661,0.5691999999999999,63.22476666666666
2026-01-13 06:00:00,PUMP-022,South,Night,69,1.3427,64.5932,111.704,69.9797,36.9962,0,1.0,370.63,Healthy,Normal,0,1.2792333333333332,1.2928231304655198,0.5691999999999999,63.883416666666655
2026-01-13 12:00:00,PUMP-022,South,Day,69,1.2104,63.8872,117.3737,69.2827,34.3582,0,1.0,357.6,Healthy,Normal,0,1.2789499999999998,1.2925576473282214,0.5691999999999999,63.730549999999994
2026-01-13 18:00:00,PUMP-022,South,Day,69,1.3132,64.9559,114.6564,,34.9302,0,1.0,305.89,Healthy,Normal,0,1.2598,1.2720885883721569,0.5691999999999999,64.04958333333333
2026-01-14 00:00:00,PUMP-022,South,Day,69,1.0539,60.6454,115.6361,68.401,38.0133,0,1.0,384.92,Healthy,Normal,0,1.1896833333333332,1.2003830159578233,0.4373,63.61163333333334
2026-01-14 06:00:00,PUMP-022,South,Night,69,1.2791,62.3803,119.0474,70.3144,35.9345,0,1.0,382.03,Healthy,Normal,0,1.1841166666666667,1.1943587449617752,0.4373,63.51413333333333
2026-01-14 12:00:00,PUMP-022,South,Night,69,1.1032,63.2662,110.5574,68.9715,35.7577,0,1.0,326.42,Healthy,Normal,0,1.2170833333333333,1.2217649767174263,0.28879999999999995,63.28803333333334
2026-01-14 18:00:00,PUMP-022,South,Night,69,1.1782,65.0217,115.8806,73.264,35.5448,0,1.0,300.27,Healthy,Normal,0,1.1896666666666667,1.1931449967767258,0.25929999999999986,63.35944999999999
2026-01-15 00:00:00,PUMP-022,South,Day,69,1.25,61.9179,117.3788,73.5209,37.4684,0,1.0,356.21,Healthy,Normal,0,1.1962666666666666,1.199930674386372,0.25929999999999986,63.03123333333334
2026-01-15 06:00:00,PUMP-022,South,Day,69,1.2476,64.0609,115.1639,68.3956,37.9514,0,1.0,292.61,Healthy,Normal,0,1.1853333333333333,1.1882068604975033,0.22519999999999984,62.88206666666667
2026-01-15 12:00:00,PUMP-022,South,Day,69,1.1148,64.3816,116.0869,68.595,34.7215,0,1.0,291.0,Healthy,Normal,0,1.1954833333333332,1.197433859690519,0.17589999999999995,63.50476666666666
2026-01-15 18:00:00,PUMP-022,South,Day,69,1.3216,61.3988,116.2757,69.6636,35.691,0,1.0,316.66,Healthy,Normal,0,1.2025666666666666,1.2051014369476676,0.21840000000000015,63.34118333333333
2026-01-16 00:00:00,PUMP-022,South,Night,69,1.536,62.8267,116.5793,68.5173,35.4289,1,1.0,318.09,Healthy,Normal,0,1.2747,1.2816566492889843,0.4212,63.26793333333333
2026-01-16 06:00:00,PUMP-022,South,Night,69,1.3089,62.2787,114.9239,72.0966,32.1731,1,1.0,309.07,Healthy,Normal,0,1.2964833333333334,1.3026208561972283,0.4212,62.81076666666667
2026-01-16 12:00:00,PUMP-022,South,Night,69,1.3892,63.7378,114.7508,66.2814,38.9592,0,1.0,284.24,Healthy,Normal,0,1.3196833333333333,1.3259149803060526,0.4212,63.11408333333333
2026-01-16 18:00:00,PUMP-022,South,Day,69,1.3202,64.0075,109.5218,69.193,35.3632,0,1.0,263.5,Healthy,Normal,0,1.3317833333333333,1.3375802461908595,0.4212,63.105183333333336
2026-01-17 00:00:00,PUMP-022,South,Night,69,1.0555,61.5545,117.5884,71.9139,38.2839,0,1.0,256.07,Healthy,Normal,0,1.3219,1.329537933519261,0.4804999999999999,62.63399999999999
2026-01-17 06:00:00,PUMP-022,South,Day,69,1.3059,62.6299,115.5944,67.5496,34.4158,0,1.0,271.31,Healthy,Normal,0,1.3192833333333334,1.3269498200761023,0.4804999999999999,62.83918333333333
2026-01-17 12:00:00,PUMP-022,South,Day,69,1.3281,62.3127,113.7453,69.3871,37.1489,0,1.0,258.98,Healthy,Normal,0,1.2846333333333333,1.2890130953562886,0.3336999999999999,62.75351666666666
2026-01-17 18:00:00,PUMP-022,South,Night,69,1.1614,62.2536,111.3747,70.2522,34.0894,0,1.0,260.21,Healthy,Normal,0,1.26005,1.2652377451161765,0.3336999999999999,62.74933333333333
2026-01-18 00:00:00,PUMP-022,South,Night,69,1.5073,60.9243,114.3411,65.7927,37.8333,0,1.0,292.17,Healthy,Normal,0,1.2797333333333334,1.287571095771673,0.4518,62.28041666666667
2026-01-18 06:00:00,PUMP-022,South,Night,69,1.311,61.8533,116.92,69.7295,36.5706,1,1.0,272.79,Healthy,Normal,0,1.2782,1.286003429233375,0.4518,61.92138333333333
2026-01-18 12:00:00,PUMP-022,South,Night,69,0.9858,62.0534,114.9709,72.1702,35.917,0,1.0,240.54,Healthy,Normal,0,1.2665833333333334,1.2767504526466138,0.5215000000000001,62.004533333333335
2026-01-18 18:00:00,PUMP-022,South,Night,69,0.9389,62.208,118.0356,69.4598,34.7903,0,1.0,241.85,Healthy,Normal,0,1.2054166666666666,1.2217957214690187,0.5684000000000001,61.934216666666664
2026-01-19 00:00:00,PUMP-022,South,Night,69,1.4285,61.7855,116.853,70.6353,36.5945,0,1.0,228.68,Healthy,Normal,0,1.22215,1.2405288757891397,0.5684000000000001,61.84635
2026-01-19 06:00:00,PUMP-022,South,Day,69,0.9996,61.5258,109.3438,70.348,36.9065,0,1.0,217.48,Healthy,Normal,0,1.1951833333333333,1.216814252464196,0.5684000000000001,61.72505
2026-01-19 12:00:00,PUMP-022,South,Night,69,1.3969,60.629,119.816,70.0214,36.8275,2,1.0,220.9,Warning,Normal,0,1.1767833333333333,1.1946546132669476,0.48960000000000015,61.67583333333334
2026-01-19 18:00:00,PUMP-022,South,Night,69,1.5234,62.5418,112.9813,71.5549,38.0088,0,1.0,192.84,Healthy,Normal,0,1.2121833333333332,1.2359358417814414,0.5845000000000001,61.79058333333333
2026-01-20 00:00:00,PUMP-022,South,Night,69,1.1839,61.7293,117.1943,73.883,34.4872,0,1.0,213.18,Healthy,Normal,0,1.2452,1.2645843849528853,0.5845000000000001,61.73656666666667
2026-01-20 06:00:00,PUMP-022,South,Night,69,1.4505,64.4453,119.3726,68.2303,36.7028,1,1.0,200.28,Healthy,Normal,0,1.3304666666666667,1.3427247819266612,0.5238,62.10945
2026-01-20 12:00:00,PUMP-022,South,Night,69,1.4879,61.7409,116.2391,67.9755,37.4527,0,1.0,164.59,Healthy,Normal,1,1.3403666666666665,1.3534334856209225,0.5238,62.102016666666664
2026-01-20 18:00:00,PUMP-022,South,Day,69,1.1281,62.727,115.3274,71.2552,35.7277,0,1.0,184.89,Healthy,Normal,0,1.3617833333333333,1.3701643849066676,0.3953,62.30221666666666
2026-01-21 00:00:00,PUMP-022,South,Day,69,1.1947,63.8429,117.5297,72.1888,35.4718,0,1.0,206.82,Healthy,Normal,0,1.3280833333333335,1.3379138693005117,0.3953,62.83786666666666
2026-01-21 06:00:00,PUMP-022,South,Day,69,1.6556,63.8029,114.3915,67.9859,34.0121,0,1.0,155.78,Healthy,Normal,1,1.3501166666666666,1.3638392457813102,0.5274999999999999,63.048049999999996
2026-01-21 12:00:00,PUMP-022,South,Day,69,1.2226,62.4135,118.3042,70.4131,35.6219,0,1.0,115.06,Healthy,Normal,1,1.3565666666666667,1.3695179492556253,0.5274999999999999,63.16208333333333
2026-01-21 18:00:00,PUMP-022,South,Night,69,1.8427,61.5278,114.8888,69.417,37.5114,0,1.0,154.17,Healthy,Normal,1,1.4219333333333335,1.4459754216445035,0.7145999999999999,62.67583333333334
2026-01-22 00:00:00,PUMP-022,South,Day,69,1.4627,66.324,117.4917,71.5242,37.1817,0,1.0,149.54,Healthy,Normal,1,1.4177333333333333,1.4416838765832127,0.7145999999999999,63.439683333333335
2026-01-22 06:00:00,PUMP-022,South,Night,69,1.8785,65.9907,114.1895,71.2992,36.1575,1,1.0,167.11,Healthy,Normal,1,1.5428,1.5666773247864412,0.6838,63.98363333333333
2026-01-22 12:00:00,PUMP-022,South,Day,69,1.7591,67.9489,116.1258,73.7387,36.8331,1,1.0,181.23,Healthy,Normal,0,1.6368666666666665,1.6529766967504411,0.6559000000000001,64.66796666666667
2026-01-22 18:00:00,PUMP-022,South,Day,69,2.2696,68.8121,116.2006,73.4541,37.2972,2,1.0,163.46,Warning,Normal,1,1.7392,1.7703137462043275,1.0470000000000002,65.50283333333333
2026-01-23 00:00:00,PUMP-022,South,Day,69,2.0732,66.1816,111.9546,72.1546,36.5834,0,1.0,156.64,Healthy,Normal,1,1.8809666666666667,1.8976947436297547,0.8069000000000002,66.13085
2026-01-23 06:00:00,PUMP-022,South,Day,69,2.1359,69.2635,114.4272,71.2593,37.0731,0,1.0,131.08,Healthy,Normal,1,1.9298333333333335,1.9482469709972603,0.8069000000000002,67.42013333333334
2026-01-23 12:00:00,PUMP-022,South,Night,69,2.3004,71.4258,110.0235,75.4553,41.3485,0,1.0,108.02,Healthy,Normal,1,2.06945,2.07871540580555,0.5412999999999997,68.27043333333334
2026-01-23 18:00:00,PUMP-022,South,Day,69,2.2267,71.2496,115.2307,72.1628,39.5706,0,1.0,104.62,Healthy,Warning,1,2.1274833333333336,2.135250846700062,0.5412999999999997,69.14691666666666
2026-01-24 00:00:00,PUMP-022,South,Day,69,2.3034,71.7735,114.6354,72.3254,38.9975,0,1.0,93.99,Healthy,Warning,1,2.2182,2.219872211787576,0.23019999999999996,69.78435
2026-01-24 06:00:00,PUMP-022,South,Day,69,2.4457,70.5106,108.7174,74.434,38.1521,1,1.0,87.86,Healthy,Bearing Wear,1,2.24755,2.2508280013512065,0.37250000000000005,70.06743333333333
2026-01-24 12:00:00,PUMP-022,South,Night,69,2.6117,71.251,113.6841,73.1857,40.3891,3,1.0,60.7,Warning,Bearing Wear,1,2.3373,2.3423698398559236,0.4758,70.91233333333334
2026-01-24 18:00:00,PUMP-022,South,Day,69,2.9007,70.1539,106.8611,71.0599,41.2356,2,1.0,131.72,Warning,Warning,1,2.4647666666666668,2.475620140490055,0.6739999999999999,71.06073333333335
2026-01-25 00:00:00,PUMP-022,South,Night,69,2.4875,72.8396,108.561,70.4995,39.0008,1,1.0,91.91,Healthy,Warning,1,2.49595,2.505593295342775,0.6739999999999999,71.29636666666666
2026-01-25 06:00:00,PUMP-022,South,Night,69,2.8287,71.1689,107.1216,75.5469,40.1754,0,1.0,24.91,Healthy,Warning,1,2.5962833333333335,2.604846040555948,0.5973000000000002,71.28291666666667
2026-01-25 12:00:00,PUMP-022,South,Night,69,3.2558,73.2419,110.2749,76.8511,42.2316,0,1.0,64.01,Warning,Warning,1,2.7550166666666662,2.7690527697511773,0.8100999999999998,71.52765
2026-01-25 18:00:00,PUMP-022,South,Night,69,3.4652,72.2694,108.6879,69.9166,38.8583,0,1.0,65.14,Warning,Warning,1,2.9249333333333336,2.9448282915420836,0.9777,71.82078333333334
2026-01-26 00:00:00,PUMP-022,South,Night,69,2.8057,76.6964,105.3467,72.4997,41.0423,1,1.0,46.05,Warning,Bearing Wear,1,2.957266666666667,2.9744203244778076,0.9777,72.72834999999999
2026-01-26 06:00:00,PUMP-022,South,Day,69,3.1753,74.7014,106.0281,77.991,42.6985,0,1.0,70.2,Warning,Warning,1,3.003033333333333,3.020803623761951,0.9777,73.48626666666667
2026-01-26 12:00:00,PUMP-022,South,Night,69,3.224,75.8792,107.7463,79.7669,38.9637,2,1.0,53.78,Warning,Bearing Wear,1,3.125783333333333,3.134699532384776,0.6595,73.99286666666667
2026-01-26 18:00:00,PUMP-022,South,Night,69,3.4131,74.6932,98.4966,82.2643,41.8383,5,1.0,60.05,Critical,Bearing Wear,1,3.223183333333333,3.2302155467295575,0.6595,74.58024999999999
2026-01-27 00:00:00,PUMP-022,South,Night,69,3.6091,79.2507,103.6189,76.8116,44.0754,4,1.0,14.75,Critical,Seal Leak,1,3.282066666666667,3.292190862227361,0.8034000000000003,75.58171666666668
2026-01-27 06:00:00,PUMP-022,South,Night,69,3.98,75.7157,103.3874,73.1547,42.6289,1,1.0,30.42,Warning,Bearing Wear,1,3.3678666666666666,3.387819185454462,1.1743000000000001,76.1561
2026-01-27 12:00:00,PUMP-022,South,Day,69,3.3462,79.5678,102.2569,73.6157,41.0225,0,1.0,0.0,Warning,Bearing Wear,1,3.4579500000000003,3.4686456278591886,0.8047,76.63466666666666
2026-01-27 18:00:00,PUMP-022,South,Day,69,3.8131,76.1026,100.5991,79.0223,42.9815,0,1.0,18.92,Warning,Bearing Wear,1,3.56425,3.5741249854568133,0.7559999999999998,76.8682
2026-01-28 00:00:00,PUMP-022,South,Day,69,3.9767,80.9806,103.9399,82.3412,44.1585,4,1.0,0.0,Critical,Bearing Wear,1,3.6897,3.6983370893776932,0.6337999999999999,77.71843333333334
2026-01-28 06:00:00,PUMP-022,South,Day,69,3.988,81.2205,100.9486,79.5247,44.7607,2,1.0,0.0,Warning,Seal Leak,1,3.7855166666666666,3.7929995990420737,0.6417999999999999,78.80631666666666
2026-01-01 00:00:00,PUMP-023,East,Day,19,1.949,67.0206,120.3654,69.2749,36.8579,0,1.0,689.26,Healthy,Normal,0,1.949,1.949,0.0,67.0206
2026-01-01 06:00:00,PUMP-023,East,Day,19,2.2287,66.02,125.3583,70.2186,37.8639,0,1.0,622.23,Healthy,Normal,0,2.08885,2.0935262943177952,0.27969999999999984,66.52029999999999
2026-01-01 12:00:00,PUMP-023,East,Day,19,2.2187,65.752,119.7052,72.6646,37.2447,0,1.0,630.83,Healthy,Normal,0,2.1321333333333334,2.136066039865497,0.27969999999999984,66.2642
2026-01-01 18:00:00,PUMP-023,East,Day,19,2.0059,64.9646,117.0717,69.2237,35.7515,0,1.0,635.53,Healthy,Normal,0,2.100575,2.1042795198119473,0.27969999999999984,65.9393
2026-01-02 00:00:00,PUMP-023,East,Day,19,2.179,66.0109,119.4324,66.3441,36.8747,0,1.0,622.64,Healthy,Normal,0,2.1162599999999996,2.1194343674669427,0.27969999999999984,65.95362
2026-01-02 06:00:00,PUMP-023,East,Night,19,2.2568,64.1005,119.246,70.0776,36.3673,0,1.0,655.38,Healthy,Normal,0,2.1396833333333336,2.1429402087630285,0.3078000000000001,65.64476666666667
2026-01-02 12:00:00,PUMP-023,East,Day,19,2.3086,65.0046,123.3038,70.5644,35.6504,0,1.0,656.28,Healthy,Normal,0,2.199616666666667,2.20167320425474,0.3027000000000002,65.30876666666667
2026-01-02 18:00:00,PUMP-023,East,Day,19,2.3942,69.1768,125.8323,72.5309,33.4437,1,1.0,560.02,Healthy,Normal,0,2.2272000000000003,2.2304438773481836,0.3883000000000001,65.8349
2026-01-03 00:00:00,PUMP-023,East,Day,19,2.2701,67.1493,124.0798,69.9459,34.32,0,1.0,581.24,Healthy,Normal,0,2.2357666666666667,2.239047552718194,0.3883000000000001,66.06778333333334
2026-01-03 06:00:00,PUMP-023,East,Night,19,1.89,67.3645,124.3054,71.7662,37.562,0,1.0,627.0,Healthy,Normal,0,2.21645,2.222178692559774,0.5042000000000002,66.46776666666666
2026-01-03 12:00:00,PUMP-023,East,Day,19,2.2839,62.6834,123.2593,72.1439,37.2472,0,1.0,574.49,Healthy,Normal,0,2.2339333333333333,2.239666160390874,0.5042000000000002,65.91318333333334
2026-01-03 18:00:00,PUMP-023,East,Day,19,2.4265,67.0629,127.6025,67.2983,33.5446,0,1.0,616.24,Healthy,Normal,0,2.2622166666666668,2.2690446987664212,0.5365,66.40691666666667
2026-01-04 00:00:00,PUMP-023,East,Night,19,2.321,67.9674,126.68,70.5138,34.524,2,1.0,553.95,Warning,Normal,0,2.2642833333333336,2.271152061179524,0.5365,66.90071666666667
2026-01-04 06:00:00,PUMP-023,East,Day,19,2.3222,65.3268,125.3376,71.1734,35.948,0,1.0,584.07,Healthy,Normal,0,2.252283333333333,2.2586577618134185,0.5365,66.25905
2026-01-04 12:00:00,PUMP-023,East,Day,19,2.5294,64.054,111.3204,69.0439,35.3224,0,1.0,598.23,Healthy,Normal,0,2.2955,2.3041165935487435,0.6394,65.74316666666667
2026-01-04 18:00:00,PUMP-023,East,Night,19,1.9774,67.3876,125.0962,70.7279,36.682,0,1.0,568.71,Healthy,Normal,0,2.3100666666666663,2.316309220145992,0.5519999999999998,65.74701666666667
2026-01-05 00:00:00,PUMP-023,East,Night,19,2.3136,67.6569,126.0006,66.0615,35.7431,2,1.0,570.59,Warning,Normal,0,2.3150166666666667,2.321216497514468,0.5519999999999998,66.57593333333334
2026-01-05 06:00:00,PUMP-023,East,Day,19,2.2435,66.2284,127.933,74.0778,37.401,0,1.0,514.19,Healthy,Normal,0,2.2845166666666668,2.290329895087896,0.5519999999999998,66.43684999999999
2026-01-05 12:00:00,PUMP-023,East,Day,19,2.0498,65.2526,120.2651,69.9853,36.6483,0,1.0,562.77,Healthy,Normal,0,2.239316666666667,2.246786787466344,0.5519999999999998,65.98438333333333
2026-01-05 18:00:00,PUMP-023,East,Day,19,2.2519,66.4215,123.678,67.1514,34.7235,1,1.0,540.45,Healthy,Normal,0,2.2276000000000002,2.2348283297231877,0.5519999999999998,66.16683333333333
2026-01-06 00:00:00,PUMP-023,East,Night,19,2.1835,69.2975,124.7571,69.6262,34.5638,1,1.0,533.38,Healthy,Normal,0,2.16995,2.173190966835021,0.33620000000000005,67.04075
2026-01-06 06:00:00,PUMP-023,East,Night,19,2.2959,65.9098,120.9578,74.7081,35.2209,1,1.0,542.48,Healthy,Normal,0,2.2230333333333334,2.224769648001039,0.26380000000000026,66.79445
2026-01-06 12:00:00,PUMP-023,East,Day,19,2.0324,69.1277,122.7715,72.552,34.9392,0,1.0,525.81,Healthy,Normal,0,2.1761666666666666,2.1785126699960533,0.26350000000000007,67.03958333333333
2026-01-06 18:00:00,PUMP-023,East,Day,19,2.1038,66.9946,124.9163,66.7328,35.5227,0,1.0,533.28,Healthy,Normal,0,2.1528833333333335,2.1551561006881457,0.26350000000000007,67.16728333333334
2026-01-07 00:00:00,PUMP-023,East,Night,19,2.1352,62.9671,121.9463,67.5519,36.6949,0,1.0,568.2,Healthy,Normal,0,2.167116666666667,2.1689316075739535,0.26350000000000007,66.78636666666667
2026-01-07 06:00:00,PUMP-023,East,Night,19,2.2896,64.0402,125.6153,72.4134,35.7732,0,1.0,565.45,Healthy,Normal,0,2.1734000000000004,2.1754999601624143,0.26350000000000007,66.38948333333333
2026-01-07 12:00:00,PUMP-023,East,Night,19,2.5865,69.8084,122.0958,67.4868,37.1727,0,1.0,492.52,Healthy,Normal,0,2.2405666666666666,2.2479290639757,0.5541,66.47463333333333
2026-01-07 18:00:00,PUMP-023,East,Night,19,2.2428,68.4275,126.6341,68.7978,34.7076,1,1.0,524.24,Healthy,Normal,0,2.231716666666667,2.238976905121325,0.5541,66.89425
2026-01-08 00:00:00,PUMP-023,East,Day,19,2.0756,66.0588,125.7208,70.9137,35.8366,0,1.0,474.28,Healthy,Normal,0,2.238916666666667,2.245572350574941,0.5108999999999999,66.38276666666667
2026-01-08 06:00:00,PUMP-023,East,Day,19,2.0692,67.8873,123.528,67.4213,37.2526,0,1.0,457.65,Healthy,Normal,0,2.23315,2.2402077764499135,0.5173000000000001,66.53155
2026-01-08 12:00:00,PUMP-023,East,Night,19,2.5985,69.6901,124.0241,69.5206,33.4386,1,1.0,478.95,Healthy,Normal,0,2.3103666666666665,2.32035588146876,0.5293000000000001,67.65205
2026-01-08 18:00:00,PUMP-023,East,Day,19,2.0844,67.6298,119.1044,70.3811,36.6043,0,1.0,432.9,Healthy,Normal,0,2.2761666666666667,2.287894363091676,0.5293000000000001,68.25031666666666
2026-01-09 00:00:00,PUMP-023,East,Night,19,2.2591,66.9633,125.1355,71.236,37.995,0,1.0,457.97,Healthy,Normal,0,2.2216,2.2293614280027962,0.5293000000000001,67.77613333333333
2026-01-09 06:00:00,PUMP-023,East,Night,19,2.1837,62.501,122.5781,68.3657,38.3491,2,1.0,447.83,Warning,Normal,0,2.2117500000000003,2.2195610718488163,0.5293000000000001,66.78838333333333
2026-01-09 12:00:00,PUMP-023,East,Day,19,2.0972,67.5548,121.544,72.4546,37.3898,0,1.0,489.48,Healthy,Normal,0,2.21535,2.2229425165007455,0.5293000000000001,67.03771666666667
2026-01-09 18:00:00,PUMP-023,East,Night,19,2.3938,64.3039,117.1444,70.4779,34.4008,0,1.0,451.13,Healthy,Normal,0,2.26945,2.276603112460902,0.5141,66.44048333333333
2026-01-10 00:00:00,PUMP-023,East,Day,19,2.3388,69.7708,121.0736,67.3995,36.5444,0,1.0,453.68,Healthy,Normal,0,2.2261666666666664,2.2291744951887456,0.3094000000000001,66.45393333333334
2026-01-10 06:00:00,PUMP-023,East,Night,19,2.0753,66.6145,118.6147,70.0249,35.837,0,1.0,395.33,Healthy,Normal,0,2.22465,2.227758975218519,0.3185000000000002,66.28471666666667
2026-01-10 12:00:00,PUMP-023,East,Day,19,1.7761,66.1044,123.8753,70.4644,35.7796,0,1.0,428.73,Healthy,Normal,0,2.14415,2.1536193841221496,0.6177000000000001,66.14156666666666
2026-01-10 18:00:00,PUMP-023,East,Day,19,1.996,63.3241,123.983,70.5645,34.5169,0,1.0,429.45,Healthy,Normal,0,2.1128666666666667,2.1230453370885263,0.6177000000000001,66.27875
2026-01-11 00:00:00,PUMP-023,East,Night,19,2.0832,67.3053,121.9848,68.6407,34.7937,0,1.0,397.81,Healthy,Normal,0,2.110533333333333,2.1207468582239293,0.6177000000000001,66.23716666666667
2026-01-11 06:00:00,PUMP-023,East,Day,19,2.0934,67.0235,127.7095,71.128,36.3643,0,1.0,417.79,Healthy,Normal,0,2.0604666666666667,2.067101373905015,0.5627,66.69043333333333
2026-01-11 12:00:00,PUMP-023,East,Day,19,2.048,63.6772,124.0319,70.7974,35.5972,0,1.0,425.32,Healthy,Normal,0,2.012,2.0150172497193832,0.3172999999999999,65.67483333333332
2026-01-11 18:00:00,PUMP-023,East,Night,19,2.1006,63.8025,124.0147,68.2702,37.3786,1,1.0,421.39,Healthy,Normal,0,2.0162166666666668,2.0193818101092225,0.3245,65.20616666666666
2026-01-12 00:00:00,PUMP-023,East,Day,19,2.3124,62.8455,123.8118,64.9455,35.2321,1,1.0,401.73,Healthy,Normal,0,2.1056000000000004,2.1079247266762953,0.3163999999999998,64.66301666666668
2026-01-12 06:00:00,PUMP-023,East,Night,19,2.1336,66.6951,120.3849,67.8729,35.4024,0,1.0,394.07,Healthy,Normal,0,2.1285333333333334,2.130270439795536,0.26439999999999975,65.22485
2026-01-12 12:00:00,PUMP-023,East,Day,19,2.0154,65.7233,119.1998,68.3736,36.9011,0,1.0,426.08,Healthy,Normal,0,2.1172333333333335,2.119372068955016,0.2969999999999997,64.96118333333334
2026-01-12 18:00:00,PUMP-023,East,Day,19,2.211,63.9786,121.4824,68.1782,36.9477,0,1.0,379.75,Healthy,Normal,0,2.136833333333333,2.1391830699280194,0.2969999999999997,64.4537
2026-01-13 00:00:00,PUMP-023,East,Day,19,1.8696,68.9979,125.1821,68.281,36.2686,1,1.0,334.64,Healthy,Normal,0,2.1071,2.1117814517605744,0.44279999999999986,65.34048333333334
2026-01-13 06:00:00,PUMP-023,East,Day,19,2.1133,65.4196,119.2359,64.9088,37.7474,0,1.0,344.99,Healthy,Normal,0,2.1092166666666667,2.1138922209201363,0.44279999999999986,65.61
2026-01-13 12:00:00,PUMP-023,East,Night,19,2.0315,64.9007,129.0786,69.8389,35.0756,0,1.0,363.39,Healthy,Normal,0,2.0624,2.0652296248440107,0.3413999999999999,65.95253333333334
2026-01-13 18:00:00,PUMP-023,East,Day,19,2.2594,66.7954,128.5164,73.2103,36.4678,0,1.0,359.94,Healthy,Normal,0,2.0833666666666666,2.0874098711082114,0.3897999999999999,65.96925
2026-01-14 00:00:00,PUMP-023,East,Day,19,2.0653,68.0933,121.9035,71.0611,39.3462,0,1.0,336.56,Healthy,Normal,0,2.0916833333333336,2.095523273950129,0.3897999999999999,66.36425000000001
2026-01-14 06:00:00,PUMP-023,East,Day,19,2.1699,64.6538,125.9909,71.9823,35.7485,0,1.0,305.45,Healthy,Normal,0,2.0848333333333335,2.08835069532554,0.3897999999999999,66.47678333333333
2026-01-14 12:00:00,PUMP-023,East,Night,19,2.3278,65.517,121.8179,67.5206,35.3303,0,1.0,375.85,Healthy,Normal,0,2.1612,2.163735213313619,0.2963,65.89663333333333
2026-01-14 18:00:00,PUMP-023,East,Day,19,2.32,66.4539,113.0877,69.4181,34.0493,0,1.0,295.15,Healthy,Normal,0,2.19565,2.198744473178576,0.2963,66.06901666666666
2026-01-15 00:00:00,PUMP-023,East,Day,19,1.9891,67.9614,120.2708,68.2096,38.8454,0,1.0,301.58,Healthy,Normal,0,2.1885833333333333,2.1922739377945755,0.3386999999999998,66.57913333333333
2026-01-15 06:00:00,PUMP-023,East,Day,19,2.1651,68.7434,129.657,66.1279,35.9506,1,1.0,294.45,Healthy,Normal,0,2.1728666666666667,2.1763562729173427,0.3386999999999998,66.9038
2026-01-15 12:00:00,PUMP-023,East,Day,19,2.4826,68.4487,127.7107,67.2419,34.8715,1,1.0,335.21,Healthy,Normal,0,2.2424166666666667,2.2478507672144667,0.49350000000000005,66.96303333333333
2026-01-15 18:00:00,PUMP-023,East,Night,19,2.0242,71.5316,122.2857,71.2187,34.4031,0,1.0,348.57,Healthy,Normal,0,2.2181333333333333,2.2250811992674184,0.49350000000000005,68.10933333333334
2026-01-16 00:00:00,PUMP-023,East,Day,19,2.0044,66.8622,119.9426,73.5052,36.7045,0,1.0,276.06,Healthy,Normal,0,2.1642333333333332,2.1719762345231435,0.49350000000000005,68.33353333333334
2026-01-16 06:00:00,PUMP-023,East,Day,19,2.0298,68.0807,113.9676,71.6901,35.0017,1,1.0,306.75,Healthy,Normal,0,2.115866666666667,2.122992095290669,0.49350000000000005,68.60466666666666
2026-01-16 12:00:00,PUMP-023,East,Night,19,2.2763,67.2656,121.8958,69.3038,38.1392,1,1.0,313.1,Healthy,Normal,0,2.1637333333333335,2.1705450736316596,0.4782000000000002,68.4887
2026-01-16 18:00:00,PUMP-023,East,Night,19,2.4027,68.6978,124.7955,66.2814,37.0553,0,1.0,277.83,Healthy,Normal,0,2.203333333333333,2.2118206972235943,0.4782000000000002,68.4811
2026-01-17 00:00:00,PUMP-023,East,Night,19,1.9883,67.8088,119.1249,72.4346,36.858,0,1.0,264.01,Healthy,Normal,0,2.12095,2.1269281021385433,0.4143999999999999,68.37445000000001
2026-01-17 06:00:00,PUMP-023,East,Night,19,2.1376,66.1259,120.9591,73.0984,37.7859,1,1.0,268.5,Healthy,Normal,0,2.1398499999999996,2.145339407102444,0.4143999999999999,67.4735
2026-01-17 12:00:00,PUMP-023,East,Day,19,2.2149,69.0977,126.0082,73.0983,34.9941,0,1.0,282.38,Healthy,Normal,0,2.174933333333333,2.1795660760802824,0.4143999999999999,67.84608333333334
2026-01-17 18:00:00,PUMP-023,East,Day,19,2.1953,68.1959,127.5263,71.5846,34.7958,1,1.0,221.99,Healthy,Normal,0,2.202516666666667,2.2061393024164784,0.4143999999999999,67.86528333333334
2026-01-18 00:00:00,PUMP-023,East,Day,19,1.8611,70.2208,124.5596,70.3936,34.3648,0,1.0,235.51,Healthy,Normal,0,2.133316666666667,2.1402669323396712,0.5415999999999999,68.35781666666666
2026-01-18 06:00:00,PUMP-023,East,Day,19,2.0137,66.3655,120.5801,73.8276,37.2528,1,1.0,239.33,Healthy,Normal,0,2.0684833333333335,2.072296457636632,0.3538000000000001,67.9691
2026-01-18 12:00:00,PUMP-023,East,Day,19,2.0607,64.4248,119.1567,70.3741,35.6264,0,1.0,225.74,Healthy,Normal,0,2.08055,2.084051472892804,0.3538000000000001,67.40509999999999
2026-01-18 18:00:00,PUMP-023,East,Night,19,1.9496,67.2929,121.369,73.0624,36.3946,0,1.0,258.47,Healthy,Normal,0,2.0492166666666667,2.0530964277565404,0.3538000000000001,67.5996
2026-01-19 00:00:00,PUMP-023,East,Night,19,2.3056,64.6812,123.3479,66.9269,36.0087,1,1.0,222.11,Healthy,Normal,0,2.0643333333333334,2.0696714312502196,0.4445000000000001,66.86351666666667
2026-01-19 06:00:00,PUMP-023,East,Day,19,2.4048,66.1385,125.5826,68.5903,36.1271,0,1.0,214.27,Healthy,Normal,0,2.09925,2.1081176417995904,0.5436999999999999,66.52061666666667
2026-01-19 12:00:00,PUMP-023,East,Day,19,2.047,65.4764,124.0823,68.1025,33.8749,0,1.0,218.58,Healthy,Normal,0,2.1302333333333334,2.136643619480485,0.4551999999999998,65.72988333333333
2026-01-19 18:00:00,PUMP-023,East,Day,19,2.2298,67.6575,122.2181,67.4179,35.106,0,1.0,206.73,Healthy,Normal,0,2.1662500000000002,2.1721147947718293,0.4551999999999998,65.94521666666667
2026-01-20 00:00:00,PUMP-023,East,Day,19,1.9948,67.5803,121.9998,71.7312,37.2311,0,1.0,181.21,Healthy,Normal,0,2.1552666666666664,2.1618371292336835,0.4551999999999998,66.47113333333333
2026-01-20 06:00:00,PUMP-023,East,Night,19,2.2742,62.6364,119.3024,67.8916,35.5539,0,1.0,194.27,Healthy,Normal,0,2.2093666666666665,2.214056763801085,0.4099999999999999,65.69505
2026-01-20 12:00:00,PUMP-023,East,Day,19,2.0127,67.7126,129.3112,69.1874,35.0709,0,1.0,189.95,Healthy,Normal,0,2.16055,2.1659275938190237,0.4099999999999999,66.20028333333333
2026-01-20 18:00:00,PUMP-023,East,Day,19,1.8246,63.846,126.4704,72.9481,38.2398,0,1.0,209.78,Healthy,Normal,0,2.06385,2.0693620663544277,0.4496,65.81819999999999
2026-01-21 00:00:00,PUMP-023,East,Night,19,1.9576,63.8224,123.7167,71.2397,38.7417,0,1.0,212.59,Healthy,Normal,0,2.04895,2.054894357787443,0.4496,65.54253333333334
2026-01-21 06:00:00,PUMP-023,East,Night,19,2.1752,65.692,124.0352,67.2067,36.183,0,1.0,161.91,Healthy,Normal,1,2.03985,2.04511743468845,0.4496,65.21495
2026-01-21 12:00:00,PUMP-023,East,Day,19,2.3916,67.0269,126.553,68.979,35.574,0,1.0,200.92,Healthy,Normal,0,2.105983333333333,2.114850485258946,0.567,65.12271666666668
2026-01-21 18:00:00,PUMP-023,East,Day,19,2.3392,66.0882,121.7696,69.3897,36.164,0,1.0,139.82,Healthy,Normal,1,2.116816666666667,2.126633742561234,0.567,65.69801666666666
2026-01-22 00:00:00,PUMP-023,East,Night,19,2.4227,67.1914,125.8906,67.6348,38.434,0,1.0,221.96,Healthy,Normal,0,2.1851499999999997,2.196737749861523,0.5980999999999999,65.61115000000001
2026-01-22 06:00:00,PUMP-023,East,Night,19,2.2269,65.8643,120.6173,71.0109,34.7563,0,1.0,163.27,Healthy,Normal,1,2.2521999999999998,2.2577222629603195,0.46509999999999985,65.94753333333334
2026-01-22 12:00:00,PUMP-023,East,Night,19,2.1333,68.1113,123.7736,70.904,36.8548,0,1.0,168.49,Healthy,Normal,0,2.2814833333333335,2.2840982914489474,0.28939999999999966,66.66235
2026-01-22 18:00:00,PUMP-023,East,Day,19,2.303,69.3713,126.5221,68.9411,32.7128,0,1.0,122.72,Healthy,Normal,1,2.302783333333333,2.3048840892765083,0.28939999999999966,67.27556666666668
2026-01-23 00:00:00,PUMP-023,East,Night,19,2.1505,62.0842,122.7505,67.5119,34.9859,0,1.0,156.7,Healthy,Normal,1,2.2626000000000004,2.2649445791600877,0.28939999999999966,66.45178333333332
2026-01-23 06:00:00,PUMP-023,East,Day,19,2.1694,68.0384,121.348,73.3746,34.2099,0,1.0,162.94,Healthy,Normal,1,2.2342999999999997,2.2366002250439543,0.28939999999999966,66.77681666666668
2026-01-23 12:00:00,PUMP-023,East,Day,19,2.1966,64.7082,117.721,70.8735,37.1535,1,1.0,142.03,Healthy,Normal,1,2.196616666666667,2.1973415631166677,0.16969999999999974,66.36295000000001
2026-01-23 18:00:00,PUMP-023,East,Day,19,2.2255,65.6134,123.3908,67.1213,35.1214,0,1.0,77.82,Healthy,Normal,1,2.1963833333333334,2.1971051526193883,0.16969999999999974,66.32113333333334
2026-01-24 00:00:00,PUMP-023,East,Night,19,2.4924,67.7197,121.6848,67.1442,35.225,1,1.0,85.32,Healthy,Normal,1,2.2562333333333333,2.259229779519265,0.34189999999999987,66.25586666666668
2026-01-24 06:00:00,PUMP-023,East,Day,19,2.6437,68.5983,117.575,70.8325,35.7747,0,1.0,110.62,Healthy,Normal,1,2.3130166666666665,2.3205622835137754,0.49319999999999986,66.12703333333333
2026-01-24 12:00:00,PUMP-023,East,Night,19,2.793,68.2422,123.7417,68.3216,37.6134,0,1.0,76.14,Healthy,Normal,1,2.4201,2.4319489653362383,0.6236000000000002,67.15336666666667
2026-01-24 18:00:00,PUMP-023,East,Night,19,2.54,71.9263,118.022,71.6859,36.6553,1,1.0,84.22,Healthy,Normal,1,2.4818666666666664,2.491035870877816,0.5964,67.80135
2026-01-25 00:00:00,PUMP-023,East,Night,19,3.0531,69.7902,116.2164,69.2281,37.7545,1,1.0,94.6,Warning,Normal,1,2.624616666666667,2.6371678719793326,0.8276000000000003,68.64835
2026-01-25 06:00:00,PUMP-023,East,Night,19,3.1289,72.6951,118.3835,70.4501,38.5176,1,1.0,104.47,Warning,Normal,1,2.775183333333333,2.785829956224895,0.6364999999999998,69.82863333333334
2026-01-25 12:00:00,PUMP-023,East,Night,19,2.8175,76.5902,111.0018,70.5559,39.1818,0,1.0,78.8,Warning,Warning,1,2.8293666666666666,2.836997819291842,0.5888999999999998,71.30705
2026-01-25 18:00:00,PUMP-023,East,Day,19,3.243,73.9245,114.1227,69.3409,39.1234,3,1.0,37.12,Warning,Bearing Wear,1,2.92925,2.938799048080695,0.7029999999999998,72.19475
2026-01-26 00:00:00,PUMP-023,East,Night,19,3.634,76.4004,121.7746,74.4737,38.1368,1,1.0,62.64,Warning,Warning,1,3.0694166666666667,3.088266667835967,1.0939999999999999,73.55444999999999
2026-01-26 06:00:00,PUMP-023,East,Night,19,3.6079,77.4327,112.4016,76.9756,38.5667,1,1.0,90.73,Warning,Warning,1,3.2474000000000003,3.260615700549003,0.8165,74.47218333333333
2026-01-26 12:00:00,PUMP-023,East,Day,19,3.7519,79.8924,115.8835,75.194,40.1592,3,1.0,0.0,Warning,Warning,1,3.3638666666666666,3.3799660373047145,0.9344000000000001,76.15588333333334
2026-01-26 18:00:00,PUMP-023,East,Night,19,4.2041,79.5491,112.3827,75.4975,40.2459,1,1.0,27.0,Critical,Warning,1,3.5430666666666664,3.56906766723935,1.3866000000000005,77.29821666666666
2026-01-27 00:00:00,PUMP-023,East,Night,19,4.4212,79.1719,118.4852,76.5343,41.0525,3,1.0,0.0,Critical,Warning,1,3.8103499999999997,3.830538849605018,1.1782,77.7285
2026-01-27 06:00:00,PUMP-023,East,Night,19,4.2563,82.6602,110.8669,77.2462,39.335,4,1.0,65.47,Critical,Bearing Wear,1,3.979233333333333,3.9924346782383306,0.8132999999999999,79.18445
2026-01-27 12:00:00,PUMP-023,East,Day,19,4.5076,78.5339,109.8119,77.0265,42.5937,3,1.0,0.0,Critical,Bearing Wear,1,4.124833333333334,4.138230493822209,0.8997000000000002,79.54003333333333
2026-01-27 18:00:00,PUMP-023,East,Night,19,4.6714,84.9565,109.1247,73.6002,42.2211,1,1.0,54.78,Critical,Seal Leak,1,4.302083333333333,4.311897209465922,0.9195000000000002,80.794
2026-01-28 00:00:00,PUMP-023,East,Day,19,4.6226,82.9179,115.3447,75.5916,44.4369,1,1.0,12.79,Critical,Seal Leak,1,4.4472,4.4505883959314865,0.4672999999999998,81.29825
2026-01-28 06:00:00,PUMP-023,East,Day,19,4.6816,83.6975,106.361,77.7827,42.6702,3,1.0,14.4,Critical,Bearing Wear,1,4.526783333333333,4.52933667273697,0.4253,81.98965
2026-01-01 00:00:00,PUMP-024,West,Night,95,1.7466,67.223,128.504,70.8596,35.4298,0,1.0,660.95,Healthy,Normal,0,1.7466,1.7466,0.0,67.223
2026-01-01 06:00:00,PUMP-024,West,Night,95,1.6913,61.9816,128.0838,67.8913,36.6694,0,1.0,683.95,Healthy,Normal,0,1.71895,1.7191723662855916,0.055299999999999905,64.6023
2026-01-01 12:00:00,PUMP-024,West,Day,95,1.7769,66.0698,124.431,67.4759,38.7314,0,1.0,645.8,Healthy,Normal,0,1.7382666666666668,1.7386278938672683,0.0855999999999999,65.09146666666668
2026-01-01 18:00:00,PUMP-024,West,Day,95,1.7039,67.0905,128.5954,72.4494,36.0406,0,1.0,658.4,Healthy,Normal,0,1.7296749999999999,1.7300112766973514,0.0855999999999999,65.59122500000001
2026-01-02 00:00:00,PUMP-024,West,Night,95,1.7944,66.3144,128.2593,69.2921,34.8945,0,1.0,665.72,Healthy,Normal,0,1.74262,1.7430793114485639,0.10309999999999997,65.73586
2026-01-02 06:00:00,PUMP-024,West,Day,95,1.8272,63.5034,126.6088,69.6111,37.0162,0,1.0,647.83,Healthy,Normal,0,1.7567166666666667,1.7573790745501285,0.1358999999999999,65.36378333333333
2026-01-02 12:00:00,PUMP-024,West,Day,95,1.6301,64.5474,127.5518,69.7137,36.0648,0,1.0,642.73,Healthy,Normal,0,1.7373,1.7386250180338867,0.19709999999999983,64.91785
2026-01-02 18:00:00,PUMP-024,West,Day,95,1.5784,64.236,120.2625,69.5051,34.4606,0,1.0,559.87,Healthy,Normal,0,1.7184833333333331,1.7208405208889443,0.2487999999999999,65.29358333333333
2026-01-03 00:00:00,PUMP-024,West,Night,95,1.9759,65.6509,131.2194,69.5421,38.249,0,1.0,611.01,Healthy,Normal,0,1.75165,1.7566331332979006,0.39749999999999996,65.22376666666666
2026-01-03 06:00:00,PUMP-024,West,Day,95,1.6406,64.0974,127.5227,70.8775,38.436,0,1.0,578.58,Healthy,Normal,0,1.7411,1.746561046742999,0.39749999999999996,64.72491666666667
2026-01-03 12:00:00,PUMP-024,West,Day,95,1.8937,63.4032,129.1656,69.6347,33.5772,0,1.0,622.63,Healthy,Normal,0,1.7576500000000002,1.7639482829720377,0.39749999999999996,64.23971666666667
2026-01-03 18:00:00,PUMP-024,West,Day,95,1.4758,61.5968,126.9419,68.6349,34.3637,0,1.0,629.57,Healthy,Normal,0,1.6990833333333333,1.708235301414884,0.5001,63.92195
2026-01-04 00:00:00,PUMP-024,West,Night,95,1.7323,59.6466,125.7965,71.0773,34.511,0,1.0,577.62,Healthy,Normal,0,1.7161166666666665,1.7249175994812043,0.5001,63.10515
2026-01-04 06:00:00,PUMP-024,West,Night,95,1.753,65.5964,124.5246,69.5266,37.6103,1,1.0,607.9,Healthy,Normal,0,1.7452166666666669,1.7527933320845328,0.5001,63.33188333333334
2026-01-04 12:00:00,PUMP-024,West,Day,95,1.7456,59.6752,125.7561,70.9875,36.3162,0,1.0,602.51,Healthy,Normal,0,1.7068333333333332,1.7115609512956294,0.41789999999999994,62.33593333333334
2026-01-04 18:00:00,PUMP-024,West,Day,95,1.6072,64.985,129.0485,68.9709,37.5016,0,1.0,541.43,Healthy,Normal,0,1.7012666666666665,1.7062712181830881,0.41789999999999994,62.483866666666664
2026-01-05 00:00:00,PUMP-024,West,Night,95,1.9442,63.7864,136.8492,70.3492,36.3375,1,1.0,532.92,Healthy,Normal,0,1.7096833333333332,1.7157108716214395,0.4683999999999999,62.54773333333333
2026-01-05 06:00:00,PUMP-024,West,Day,95,1.8307,66.0906,129.8516,68.4085,35.5225,0,1.0,560.8,Healthy,Normal,0,1.7688333333333333,1.7717909780783963,0.33699999999999997,63.296699999999994
2026-01-05 12:00:00,PUMP-024,West,Day,95,1.6224,62.9412,126.6078,72.7953,35.9239,0,1.0,565.7,Healthy,Normal,0,1.7505166666666667,1.754364941605176,0.33699999999999997,63.845800000000004
2026-01-05 18:00:00,PUMP-024,West,Night,95,1.6772,67.8454,128.3266,74.8946,35.4118,0,1.0,543.17,Healthy,Normal,0,1.7378833333333332,1.7419705761962037,0.33699999999999997,64.22063333333334
2026-01-06 00:00:00,PUMP-024,West,Night,95,1.5356,64.7385,123.8309,70.5913,33.8743,0,1.0,513.71,Healthy,Normal,0,1.7028833333333333,1.708689406631098,0.40859999999999985,65.06451666666666
2026-01-06 06:00:00,PUMP-024,West,Day,95,1.4431,60.5863,129.4687,73.6368,34.6505,0,1.0,534.16,Healthy,Normal,0,1.675533333333333,1.6841002889772727,0.5010999999999999,64.3314
2026-01-06 12:00:00,PUMP-024,West,Day,95,1.3842,65.3893,128.1461,73.4091,34.3226,0,1.0,527.84,Healthy,Normal,0,1.5822000000000003,1.589195745232999,0.4464999999999999,64.59855
2026-01-06 18:00:00,PUMP-024,West,Day,95,1.5963,63.3505,128.3084,70.6959,36.3536,0,1.0,550.83,Healthy,Normal,0,1.5431333333333335,1.5464998060135668,0.2929999999999999,64.14186666666667
2026-01-07 00:00:00,PUMP-024,West,Day,95,1.8482,62.305,126.3136,68.5922,35.1131,0,1.0,529.67,Healthy,Normal,0,1.5807666666666667,1.5881662056178714,0.46399999999999997,64.03583333333333
2026-01-07 06:00:00,PUMP-024,West,Day,95,1.6645,64.9115,125.8938,72.0765,35.2883,0,1.0,502.4,Healthy,Normal,0,1.5786500000000003,1.585937776732324,0.46399999999999997,63.546850000000006
2026-01-07 12:00:00,PUMP-024,West,Night,95,1.6545,66.2699,124.6172,71.5427,38.4427,0,1.0,509.44,Healthy,Normal,0,1.5984666666666667,1.6057446185492885,0.46399999999999997,63.802083333333336
2026-01-07 18:00:00,PUMP-024,West,Day,95,1.9583,64.7284,135.3988,70.6423,35.0847,0,1.0,496.52,Healthy,Normal,0,1.6843333333333337,1.694249881215873,0.5740999999999998,64.49243333333334
2026-01-08 00:00:00,PUMP-024,West,Night,95,1.6697,63.2963,128.5429,74.4662,36.0767,1,1.0,485.71,Healthy,Normal,0,1.7319166666666668,1.7366051369458362,0.3619999999999999,64.14359999999999
2026-01-08 06:00:00,PUMP-024,West,Night,95,2.0476,65.8395,131.0281,69.5006,37.5388,1,1.0,492.78,Healthy,Normal,0,1.8071333333333335,1.8138024736264238,0.3931,64.55843333333334
2026-01-08 12:00:00,PUMP-024,West,Day,95,1.772,66.5189,126.2159,73.5944,33.6817,1,1.0,488.9,Healthy,Normal,0,1.7944333333333333,1.8010838051943427,0.3931,65.26075
2026-01-08 18:00:00,PUMP-024,West,Day,95,1.6893,63.0519,126.3874,70.6404,35.0654,0,1.0,489.49,Healthy,Normal,0,1.7985666666666666,1.8049280447338245,0.3931,64.95081666666668
2026-01-09 00:00:00,PUMP-024,West,Day,95,1.8027,67.0774,131.5121,70.7629,35.1019,1,1.0,522.76,Healthy,Normal,0,1.8232666666666668,1.8284304981777861,0.3779000000000001,65.0854
2026-01-09 06:00:00,PUMP-024,West,Day,95,1.7973,61.9545,129.2039,70.8671,33.9639,0,1.0,452.01,Healthy,Normal,0,1.796433333333333,1.800661772793547,0.3779000000000001,64.62308333333333
2026-01-09 12:00:00,PUMP-024,West,Night,95,1.827,64.242,128.7196,67.2951,35.9569,0,1.0,431.24,Healthy,Normal,0,1.82265,1.825939385175021,0.35830000000000006,64.7807
2026-01-09 18:00:00,PUMP-024,West,Night,95,1.8777,67.1957,126.4918,68.7373,35.505,0,1.0,486.57,Healthy,Normal,0,1.7943333333333333,1.795244614715963,0.1883999999999999,65.00673333333333
2026-01-10 00:00:00,PUMP-024,West,Day,95,1.4141,62.0685,127.3135,69.0519,37.2399,0,1.0,463.16,Healthy,Normal,0,1.7346833333333331,1.7415086453034525,0.4636,64.265
2026-01-10 06:00:00,PUMP-024,West,Night,95,1.8864,61.5716,128.5878,68.3553,34.962,1,1.0,443.22,Healthy,Normal,0,1.7675333333333334,1.774912422252621,0.47230000000000016,64.01828333333333
2026-01-10 12:00:00,PUMP-024,West,Night,95,1.9126,62.8485,125.7686,71.5103,33.8771,1,1.0,437.9,Healthy,Normal,0,1.78585,1.7939804955275664,0.49850000000000017,63.31346666666667
2026-01-10 18:00:00,PUMP-024,West,Night,95,1.5651,66.4472,131.4397,72.648,33.9714,0,1.0,417.84,Healthy,Normal,0,1.7471500000000002,1.7573392211901873,0.49850000000000017,64.06225
2026-01-11 00:00:00,PUMP-024,West,Day,95,1.5213,62.9613,123.6068,73.814,35.3351,0,1.0,417.99,Healthy,Normal,0,1.6962000000000002,1.7081116044724165,0.49850000000000017,63.848800000000004
2026-01-11 06:00:00,PUMP-024,West,Day,95,1.4937,66.1062,123.0763,72.6812,33.5986,0,1.0,374.99,Healthy,Normal,0,1.6321999999999999,1.6437383165617736,0.49850000000000017,63.66721666666666
2026-01-11 12:00:00,PUMP-024,West,Day,95,1.741,62.1162,125.0344,73.0921,36.6613,0,1.0,406.23,Healthy,Normal,0,1.6866833333333335,1.6952215248554785,0.41890000000000005,63.67516666666666
2026-01-11 18:00:00,PUMP-024,West,Day,95,1.8032,64.4702,127.0678,66.7478,37.3355,1,1.0,373.7,Healthy,Normal,0,1.6728166666666666,1.6800635598095686,0.41890000000000005,64.15826666666666
2026-01-12 00:00:00,PUMP-024,West,Day,95,1.7126,65.5944,130.087,70.6755,35.736,0,1.0,413.61,Healthy,Normal,0,1.6394833333333334,1.6437072625622848,0.3094999999999999,64.61591666666666
2026-01-12 06:00:00,PUMP-024,West,Night,95,1.7401,64.9299,132.12,69.2834,36.8426,0,1.0,405.39,Healthy,Normal,0,1.6686499999999997,1.6727747103739543,0.3094999999999999,64.36303333333332
2026-01-12 12:00:00,PUMP-024,West,Day,95,1.7932,63.2212,131.6526,68.0877,35.9595,0,1.0,365.97,Healthy,Normal,0,1.7139666666666666,1.7170839593139684,0.3094999999999999,64.40634999999999
2026-01-12 18:00:00,PUMP-024,West,Night,95,1.8917,65.1814,126.3288,74.2084,34.9567,1,1.0,429.59,Healthy,Normal,0,1.7803000000000002,1.78127543911659,0.17910000000000004,64.25221666666667
2026-01-13 00:00:00,PUMP-024,West,Night,95,1.7735,61.5428,124.2652,66.2416,36.536,0,1.0,359.95,Healthy,Normal,0,1.7857166666666666,1.7866110558820574,0.17910000000000004,64.15665
2026-01-13 06:00:00,PUMP-024,West,Day,95,1.5796,64.9202,129.9243,72.6353,35.1127,0,1.0,381.25,Healthy,Normal,0,1.74845,1.7509749812604405,0.31210000000000004,64.23165
2026-01-13 12:00:00,PUMP-024,West,Day,95,1.5251,63.24,126.1713,70.6747,36.0041,1,1.0,373.91,Healthy,Normal,0,1.7172,1.7218406604561292,0.36660000000000004,63.83924999999999
2026-01-13 18:00:00,PUMP-024,West,Day,95,1.5001,65.0279,126.652,70.4704,36.308,0,1.0,344.84,Healthy,Normal,0,1.6772,1.6837836143637934,0.39159999999999995,63.855583333333335
2026-01-14 00:00:00,PUMP-024,West,Night,95,1.6306,65.5557,126.7069,66.4914,35.7269,0,1.0,367.64,Healthy,Normal,0,1.6501,1.6560018961341803,0.39159999999999995,64.24466666666666
2026-01-14 06:00:00,PUMP-024,West,Day,95,1.6523,63.9027,132.1244,66.9834,38.8473,1,1.0,338.93,Healthy,Normal,0,1.6101999999999999,1.612741975642725,0.2734000000000001,64.03155
2026-01-14 12:00:00,PUMP-024,West,Day,95,1.475,63.0597,131.2571,66.8161,34.802,1,1.0,325.37,Healthy,Normal,0,1.5604500000000001,1.561833475438403,0.1773,64.28436666666666
2026-01-14 18:00:00,PUMP-024,West,Night,95,1.4676,65.0817,132.8389,69.2058,34.3974,0,1.0,320.54,Healthy,Normal,0,1.5417833333333333,1.5435163550585829,0.1847000000000001,64.31128333333332
2026-01-15 00:00:00,PUMP-024,West,Night,95,2.0085,65.7763,128.3433,65.5051,35.0308,0,1.0,341.92,Healthy,Normal,0,1.62235,1.6331359746410177,0.5409000000000002,64.734
2026-01-15 06:00:00,PUMP-024,West,Night,95,1.7933,61.098,130.5762,70.0371,36.5007,0,1.0,336.41,Healthy,Normal,0,1.6712166666666668,1.681686829248141,0.5409000000000002,64.07901666666666
2026-01-15 12:00:00,PUMP-024,West,Night,95,1.7297,66.834,124.4615,73.308,34.7344,0,1.0,334.84,Healthy,Normal,0,1.6877333333333333,1.6981082258403517,0.5409000000000002,64.29206666666667
2026-01-15 18:00:00,PUMP-024,West,Night,95,1.69,65.3984,127.5338,67.4902,32.0844,2,1.0,298.74,Warning,Normal,0,1.694016666666667,1.7042805906501035,0.5409000000000002,64.54135000000001
2026-01-16 00:00:00,PUMP-024,West,Night,95,1.6265,62.8363,127.6083,72.766,36.1399,0,1.0,272.85,Healthy,Normal,0,1.7192666666666667,1.7271031256606153,0.5409000000000002,64.50411666666666
2026-01-16 06:00:00,PUMP-024,West,Night,95,1.4725,63.7034,129.575,70.1378,36.8882,1,1.0,300.61,Healthy,Normal,0,1.7200833333333332,1.7277981040426376,0.5360000000000003,64.2744
2026-01-16 12:00:00,PUMP-024,West,Day,95,2.0676,61.3216,129.4339,74.2136,34.3556,0,1.0,260.77,Healthy,Normal,0,1.7299333333333333,1.7393780133522825,0.5951000000000002,63.531949999999995
2026-01-16 18:00:00,PUMP-024,West,Day,95,1.7934,63.515,127.4621,69.2526,37.8378,0,1.0,293.12,Healthy,Normal,0,1.7299499999999999,1.7393951970919854,0.5951000000000002,63.934783333333336
2026-01-17 00:00:00,PUMP-024,West,Night,95,1.6938,62.1682,125.98,70.2706,36.5661,1,1.0,287.39,Healthy,Normal,0,1.7239666666666669,1.7334969599050354,0.5951000000000002,63.15715
2026-01-17 06:00:00,PUMP-024,West,Day,95,1.7182,63.7921,127.3761,70.6038,36.7271,0,1.0,274.09,Healthy,Normal,0,1.7286666666666666,1.7381111155504416,0.5951000000000002,62.88943333333333
2026-01-17 12:00:00,PUMP-024,West,Day,95,1.5549,65.5302,126.1548,66.9041,37.6234,0,1.0,263.15,Healthy,Normal,0,1.7167333333333332,1.7271553327171627,0.5951000000000002,63.33841666666666
2026-01-17 18:00:00,PUMP-024,West,Night,95,1.7558,59.6507,129.0854,73.0509,37.1011,0,1.0,206.95,Healthy,Normal,0,1.7639499999999997,1.770732929702651,0.5127000000000002,62.66296666666667
2026-01-18 00:00:00,PUMP-024,West,Night,95,1.5611,65.5188,129.3099,70.1848,35.2028,1,1.0,289.58,Healthy,Normal,0,1.6795333333333335,1.6820143727091037,0.23850000000000016,63.36249999999999
2026-01-18 06:00:00,PUMP-024,West,Night,95,1.7947,66.1184,129.7409,75.5007,35.566,0,1.0,228.72,Healthy,Normal,0,1.67975,1.6822454552373343,0.2398,63.7964
2026-01-18 12:00:00,PUMP-024,West,Day,95,1.8097,58.698,127.4177,69.7631,35.8051,0,1.0,218.25,Healthy,Normal,0,1.6990666666666663,1.7022413792800755,0.25480000000000014,63.21803333333333
2026-01-18 18:00:00,PUMP-024,West,Night,95,1.7912,64.0445,129.481,73.2912,36.2731,0,1.0,230.52,Healthy,Normal,0,1.7112333333333332,1.7147371265979323,0.25480000000000014,63.260099999999994
2026-01-19 00:00:00,PUMP-024,West,Day,95,1.6397,63.493,129.7251,70.2453,34.888,0,1.0,264.62,Healthy,Normal,0,1.7253666666666667,1.7278523548034999,0.24860000000000015,62.920566666666666
2026-01-19 06:00:00,PUMP-024,West,Night,95,1.7554,67.3666,132.5341,67.6216,36.2825,0,1.0,227.53,Healthy,Normal,0,1.7253,1.7277846162065456,0.24860000000000015,64.20655000000001
2026-01-19 12:00:00,PUMP-024,West,Night,95,1.6915,67.4822,126.1814,70.7842,32.4594,0,1.0,187.58,Healthy,Normal,0,1.7470333333333334,1.7481217120097787,0.17000000000000015,64.53378333333335
2026-01-19 18:00:00,PUMP-024,West,Night,95,1.6631,64.9241,127.7497,71.0727,35.5979,0,1.0,226.07,Healthy,Normal,0,1.7251,1.7262932659313712,0.17000000000000015,64.33473333333333
2026-01-20 00:00:00,PUMP-024,West,Day,95,1.8887,65.5012,123.934,72.0923,36.8455,0,1.0,237.71,Healthy,Normal,0,1.7382666666666668,1.74034020812024,0.2490000000000001,65.4686
2026-01-20 06:00:00,PUMP-024,West,Night,95,1.7312,63.1817,131.5639,67.9673,35.3627,2,1.0,209.94,Warning,Normal,0,1.728266666666667,1.7301907524894473,0.2490000000000001,65.3248
2026-01-20 12:00:00,PUMP-024,West,Night,95,1.6989,65.4129,130.3469,68.3265,36.7467,2,1.0,263.35,Warning,Normal,0,1.738133333333333,1.7396841360814133,0.22560000000000002,65.64478333333334
2026-01-20 18:00:00,PUMP-024,West,Night,95,1.6726,63.6178,128.889,66.7232,36.1045,0,1.0,177.26,Healthy,Normal,0,1.7243333333333333,1.7260343256532684,0.22560000000000002,65.01998333333333
2026-01-21 00:00:00,PUMP-024,West,Day,95,1.8437,62.2079,125.4278,69.6872,36.4137,0,1.0,150.51,Healthy,Normal,1,1.7497,1.75181926388921,0.22560000000000002,64.14093333333334
2026-01-21 06:00:00,PUMP-024,West,Night,95,1.7688,64.5796,130.3181,70.5538,33.4667,1,1.0,157.56,Healthy,Normal,1,1.7673166666666666,1.768991060369347,0.21609999999999996,64.08351666666667
2026-01-21 12:00:00,PUMP-024,West,Night,95,1.4264,60.0093,124.28,71.1898,37.817,0,1.0,193.25,Healthy,Normal,0,1.6902666666666668,1.695258362806881,0.4173,63.168200000000006
2026-01-21 18:00:00,PUMP-024,West,Day,95,1.9101,61.644,135.2461,74.3149,38.9886,0,1.0,170.2,Healthy,Normal,0,1.7200833333333332,1.726983597200622,0.4837,62.91191666666666
2026-01-22 00:00:00,PUMP-024,West,Day,95,1.9324,63.5357,123.1228,69.6803,35.1965,0,1.0,170.79,Healthy,Normal,0,1.7590000000000001,1.7674248036809561,0.506,62.599050000000005
2026-01-22 06:00:00,PUMP-024,West,Day,95,2.0495,67.7145,127.2453,71.5505,35.1318,1,1.0,194.89,Healthy,Normal,0,1.8218166666666666,1.8323756033266396,0.6231000000000002,63.28183333333334
2026-01-22 12:00:00,PUMP-024,West,Day,95,1.8502,67.1848,126.1811,70.8611,36.5442,0,1.0,131.43,Healthy,Normal,1,1.8229,1.8334672281408977,0.6231000000000002,64.11131666666667
2026-01-22 18:00:00,PUMP-024,West,Day,95,1.8443,64.9552,120.6565,70.1268,37.7903,0,1.0,114.59,Healthy,Normal,1,1.8354833333333334,1.8458241840254812,0.6231000000000002,64.17391666666667
2026-01-23 00:00:00,PUMP-024,West,Night,95,2.2216,67.6601,129.7393,68.5126,39.7078,1,1.0,103.61,Healthy,Normal,1,1.9680166666666665,1.972447342347403,0.37729999999999997,65.44905
2026-01-23 06:00:00,PUMP-024,West,Day,95,2.3388,67.251,127.6034,70.3733,37.5948,0,1.0,100.84,Healthy,Normal,1,2.0394666666666663,2.0479581107369684,0.49449999999999994,66.38355
2026-01-23 12:00:00,PUMP-024,West,Day,95,2.5267,67.1617,115.7903,70.6128,39.113,0,1.0,132.84,Healthy,Normal,1,2.1385166666666664,2.153092259596261,0.6823999999999999,66.98788333333333
2026-01-23 18:00:00,PUMP-024,West,Day,95,2.4989,70.7524,117.1368,72.4313,38.3962,1,1.0,122.75,Healthy,Normal,1,2.213416666666667,2.230802868550543,0.6823999999999999,67.49419999999999
2026-01-24 00:00:00,PUMP-024,West,Night,95,2.6907,69.4433,120.1959,72.0911,38.9179,0,1.0,161.29,Healthy,Normal,1,2.3535,2.3690896662360985,0.8464,67.87061666666666
2026-01-24 06:00:00,PUMP-024,West,Day,95,2.6822,71.9867,126.0217,71.5965,40.0998,1,1.0,107.82,Healthy,Warning,1,2.49315,2.4989420904988306,0.4691000000000001,69.04253333333334
2026-01-24 12:00:00,PUMP-024,West,Night,95,2.9746,74.7074,117.6625,74.1029,40.2538,0,1.0,63.35,Healthy,Warning,1,2.61865,2.6261825282464026,0.6358000000000001,70.21708333333333
2026-01-24 18:00:00,PUMP-024,West,Night,95,2.8209,72.7837,120.5795,75.4626,38.4426,5,1.0,77.54,Critical,Warning,1,2.6990000000000003,2.7039631222830436,0.47570000000000023,71.1392
2026-01-25 00:00:00,PUMP-024,West,Day,95,3.2361,71.1987,122.8581,74.9437,39.3395,1,1.0,92.75,Warning,Warning,1,2.817233333333333,2.827149026846657,0.7372000000000001,71.81203333333333
2026-01-25 06:00:00,PUMP-024,West,Night,95,3.3356,72.9175,119.6839,72.2058,40.3072,1,1.0,96.05,Warning,Bearing Wear,1,2.956683333333333,2.967556679323918,0.6534,72.17288333333333
2026-01-25 12:00:00,PUMP-024,West,Day,95,3.2503,74.4694,118.329,75.7425,40.6467,1,1.0,73.42,Warning,Warning,1,3.0499500000000004,3.0594917734268656,0.6534,73.01056666666666
2026-01-25 18:00:00,PUMP-024,West,Day,95,3.2554,75.784,119.8755,78.5545,39.3088,1,1.0,5.97,Warning,Bearing Wear,1,3.1454833333333334,3.150829832229387,0.5146999999999999,73.64345
2026-01-26 00:00:00,PUMP-024,West,Night,95,3.4827,78.4796,117.8992,75.5295,41.7288,0,1.0,65.06,Warning,Warning,1,3.230166666666667,3.2364416138716297,0.6617999999999999,74.27215
2026-01-26 06:00:00,PUMP-024,West,Night,95,3.4018,77.0831,118.7406,75.9686,39.2446,1,1.0,47.61,Warning,Warning,1,3.326983333333333,3.328215045886709,0.24659999999999993,74.98871666666666
2026-01-26 12:00:00,PUMP-024,West,Day,95,3.7052,75.8032,118.6928,75.8696,40.928,0,1.0,75.32,Warning,Warning,1,3.4051666666666667,3.4087694793478382,0.45489999999999986,75.75613333333334
2026-01-26 18:00:00,PUMP-024,West,Day,95,3.5333,79.3623,114.7213,73.333,40.7729,0,1.0,52.71,Warning,Bearing Wear,1,3.4381166666666663,3.441807609139903,0.45489999999999986,76.83026666666667
2026-01-27 00:00:00,PUMP-024,West,Day,95,4.2753,80.8523,109.3443,76.1715,41.46,1,1.0,48.75,Critical,Bearing Wear,1,3.60895,3.6237636445644,1.0198999999999998,77.89408333333334
2026-01-27 06:00:00,PUMP-024,West,Night,95,3.935,79.0294,110.3712,79.592,42.7722,3,1.0,0.0,Warning,Seal Leak,1,3.7222166666666667,3.7344471601117437,0.8734999999999995,78.43498333333334
2026-01-27 12:00:00,PUMP-024,West,Night,95,4.0208,79.4798,113.6655,80.8187,43.7267,1,1.0,51.69,Warning,Bearing Wear,1,3.8119,3.82348459959411,0.8734999999999995,78.60168333333333
2026-01-27 18:00:00,PUMP-024,West,Night,95,4.0279,81.5474,116.3559,79.2543,43.3739,2,1.0,21.67,Warning,Bearing Wear,1,3.91625,3.9235600770643657,0.7419999999999995,79.34573333333333
2026-01-28 00:00:00,PUMP-024,West,Day,95,4.0278,79.619,113.8983,79.5083,41.3944,2,1.0,33.21,Warning,Bearing Wear,1,3.9700166666666665,3.9761918102207625,0.7419999999999995,79.9817
2026-01-28 06:00:00,PUMP-024,West,Day,95,4.5704,82.7355,110.1155,79.4937,46.2216,4,1.0,27.26,Critical,Bearing Wear,1,4.1428666666666665,4.1485932382756765,0.6354000000000002,80.5439
